Gender,Married,Dependents,Education,ApplicantIncome,CoapplicantIncome,LoanAmount,Loan_Amount_Term,Credit_History,Property_Area,Loan_Status
Female,Yes,0,Not Graduate,1969887,3957627,1849989,180,1,Semiurban,Y
Male,No,0,Not Graduate,4209794,1418538,1695279,120,1,Semiurban,Y
Female,No,2,Not Graduate,4823224,523547,462858,180,0,Rural,N
Male,Yes,1,Not Graduate,3515234,601608,4607863,360,1,Urban,Y
Female,Yes,3+,Graduate,2739159,366514,4359034,360,1,Urban,Y
Male,Yes,1,Graduate,1902266,575391,345770,240,1,Rural,Y
Male,Yes,1,Graduate,3713684,4534562,4841324,120,1,Rural,Y
Female,No,3+,Not Graduate,4643324,2022091,4324221,360,1,Urban,Y
Male,No,2,Graduate,3655553,2618403,4021847,180,1,Urban,Y
Female,Yes,1,Not Graduate,2031672,363257,3020484,240,1,Semiurban,N
Female,No,0,Not Graduate,1987452,1900687,2818853,120,0,Semiurban,N
Male,Yes,3+,Not Graduate,3738418,46975,3931285,360,1,Urban,Y
Male,No,2,Not Graduate,366947,323920,3847101,120,1,Urban,Y
Male,No,0,Not Graduate,3884234,2649588,3383876,180,1,Semiurban,Y
Female,No,1,Graduate,2822005,3445575,2415755,240,1,Rural,Y
Male,No,1,Graduate,4011173,2107408,4927359,240,1,Semiurban,Y
Female,No,3+,Not Graduate,3046665,3297243,418433,360,1,Urban,Y
Female,Yes,3+,Graduate,175311,3692304,3159637,180,1,Rural,N
Male,No,2,Not Graduate,3341780,3870035,3701809,240,1,Semiurban,N
Female,No,0,Not Graduate,913957,2224962,2734073,120,1,Urban,Y
Female,Yes,1,Not Graduate,4523588,1969765,2605825,120,0,Urban,N
Female,Yes,1,Not Graduate,4495681,253767,1473464,180,1,Urban,Y
Female,Yes,0,Graduate,4519916,1446947,2183778,360,1,Urban,N
Male,Yes,1,Not Graduate,4970646,2797390,2682479,360,1,Semiurban,Y
Female,Yes,2,Not Graduate,4097473,4716844,3712112,180,1,Semiurban,Y
Female,Yes,0,Graduate,3600113,1715349,1442242,180,1,Semiurban,Y
Male,Yes,2,Graduate,2390142,2479958,1687551,240,1,Semiurban,Y
Female,Yes,2,Not Graduate,1136083,4286958,4593890,240,0,Urban,N
Male,Yes,3+,Not Graduate,2306642,3038128,2946871,240,1,Rural,Y
Female,Yes,2,Graduate,4359576,1463719,2119295,240,1,Urban,Y
Female,Yes,1,Not Graduate,129273,3968522,1473650,120,1,Urban,Y
Female,Yes,2,Graduate,3391084,1398866,820401,120,1,Rural,Y
Female,Yes,0,Graduate,4187556,1254475,781138,360,1,Rural,Y
Male,No,2,Graduate,3131012,1537449,4426028,360,1,Urban,Y
Male,Yes,2,Not Graduate,1256824,3254037,476852,360,1,Rural,Y
Male,Yes,3+,Not Graduate,2108586,1089207,873394,360,1,Rural,Y
Female,No,1,Graduate,1124732,4525296,1088463,180,1,Semiurban,Y
Female,Yes,3+,Not Graduate,4168594,1083197,2977850,180,1,Semiurban,Y
Female,Yes,2,Not Graduate,1521410,3992255,1628868,360,1,Semiurban,Y
Male,No,3+,Not Graduate,2656187,63631,4498008,120,1,Semiurban,Y
Female,Yes,3+,Graduate,4057666,4407449,3164369,360,1,Semiurban,Y
Female,Yes,1,Graduate,346800,1908510,946359,240,0,Semiurban,N
Male,No,1,Not Graduate,4445287,1347068,452198,180,1,Urban,Y
Male,Yes,3+,Graduate,443485,799629,4886800,180,1,Semiurban,Y
Male,No,2,Graduate,3374221,2218006,2117000,360,0,Semiurban,N
Female,Yes,3+,Graduate,1181796,1945276,2394905,240,1,Rural,Y
Male,No,1,Graduate,4440934,998435,2800621,180,1,Semiurban,Y
Female,Yes,3+,Not Graduate,1947688,1661350,3948770,180,1,Rural,N
Male,Yes,2,Not Graduate,4419535,2450850,1957624,240,1,Semiurban,Y
Female,No,2,Graduate,2798475,4421155,970913,180,1,Semiurban,Y
Female,No,3+,Graduate,14369,1380171,1288397,120,1,Semiurban,N
Male,No,1,Not Graduate,909073,1632129,2900025,360,1,Urban,Y
Female,No,3+,Graduate,994194,2004616,3807651,240,0,Rural,N
Male,Yes,3+,Graduate,4975000,4469002,4191680,180,1,Urban,Y
Female,No,3+,Graduate,177182,485280,2578506,240,1,Rural,N
Female,No,2,Not Graduate,1173185,2521611,4968717,240,1,Rural,Y
Male,No,2,Not Graduate,3448322,4675069,1730375,180,0,Rural,N
Female,Yes,2,Not Graduate,2153556,3322599,3381781,120,1,Urban,Y
Female,No,1,Not Graduate,2130739,4148933,2931486,180,1,Urban,Y
Female,No,1,Not Graduate,2787486,1565933,915364,240,1,Semiurban,Y
Male,Yes,1,Graduate,1751414,3427145,4677859,120,1,Rural,Y
Female,No,3+,Graduate,2864157,627380,4730310,240,1,Semiurban,Y
Female,No,1,Graduate,3257346,625558,2876993,360,0,Rural,N
Male,Yes,3+,Not Graduate,3132280,3766324,2972790,120,1,Urban,Y
Female,Yes,3+,Graduate,3368910,470909,4565231,180,1,Semiurban,Y
Male,Yes,3+,Not Graduate,200711,4043379,346461,120,1,Rural,Y
Female,No,1,Graduate,2142497,2556102,3080306,360,1,Urban,N
Male,Yes,0,Not Graduate,60546,1308483,883120,180,1,Urban,Y
Female,Yes,0,Not Graduate,179482,3589944,943394,180,1,Urban,Y
Female,No,1,Not Graduate,2117847,4592735,143341,240,1,Urban,Y
Male,Yes,0,Not Graduate,4724026,774571,3761342,360,1,Semiurban,N
Male,No,0,Graduate,4314583,3747871,3393891,240,0,Semiurban,N
Male,Yes,3+,Not Graduate,3949849,2368932,3448255,120,1,Semiurban,N
Male,Yes,2,Graduate,663899,4817064,2214158,180,1,Semiurban,Y
Male,Yes,1,Graduate,3216474,1104254,4540312,360,1,Semiurban,Y
Female,No,1,Graduate,3165857,2792699,1120912,120,1,Rural,Y
Male,Yes,0,Graduate,701027,2902724,621332,180,0,Rural,N
Male,Yes,1,Graduate,4089754,1649711,4753956,120,1,Semiurban,Y
Male,Yes,1,Not Graduate,4340110,4344965,982548,240,1,Urban,Y
Male,No,3+,Graduate,738167,4431533,4710305,120,1,Rural,N
Male,Yes,3+,Not Graduate,4540063,412473,2228383,120,1,Urban,Y
Female,No,2,Graduate,949284,1091644,3370311,360,0,Urban,N
Female,Yes,0,Graduate,2689328,166220,4896885,360,1,Urban,Y
Female,Yes,1,Not Graduate,3726051,1445846,4770448,240,0,Rural,N
Male,Yes,3+,Not Graduate,4590880,1769686,3797319,240,1,Rural,Y
Female,Yes,2,Graduate,2785483,3188908,3403286,120,1,Urban,Y
Female,No,1,Not Graduate,1971943,183695,4915482,240,0,Semiurban,N
Female,No,3+,Graduate,423118,3897473,2675602,180,0,Semiurban,N
Male,No,0,Graduate,234546,1227950,1673715,360,1,Rural,N
Male,No,2,Graduate,2425023,3915660,3045199,120,0,Semiurban,N
Male,Yes,0,Not Graduate,2753582,1050159,1096726,360,1,Semiurban,Y
Female,Yes,1,Graduate,1810375,4801580,1015030,360,1,Semiurban,Y
Female,No,0,Not Graduate,3156464,276516,3311660,120,1,Semiurban,Y
Female,Yes,1,Not Graduate,235037,2924617,2217456,120,1,Urban,N
Female,No,1,Not Graduate,4303073,3201797,4812526,180,1,Urban,Y
Female,Yes,1,Not Graduate,4747762,4006627,3028962,180,1,Urban,Y
Male,Yes,0,Graduate,703946,2115721,2968248,360,0,Urban,N
Male,No,1,Graduate,3123370,3136277,2440121,360,1,Urban,Y
Female,Yes,0,Not Graduate,401217,448750,528925,120,0,Rural,N
Male,No,1,Not Graduate,416928,3532599,799637,240,1,Semiurban,N
Female,No,2,Not Graduate,1803072,4875870,4236334,120,1,Urban,Y
Female,No,3+,Not Graduate,3101402,1269155,414461,240,1,Urban,Y
Male,No,0,Not Graduate,113120,250472,2730655,360,1,Semiurban,N
Female,Yes,2,Not Graduate,384329,4054399,1157823,360,1,Urban,N
Male,No,1,Graduate,4041871,4534524,3945625,360,0,Semiurban,N
Male,Yes,1,Graduate,4020511,2424374,896929,360,1,Urban,Y
Female,No,2,Graduate,477184,3607243,499959,120,0,Rural,N
Male,No,2,Not Graduate,4307927,4866170,3892643,240,1,Semiurban,Y
Male,Yes,1,Graduate,2962290,4246999,733956,180,1,Urban,Y
Male,No,2,Graduate,2254249,921872,2786276,120,1,Urban,Y
Male,No,3+,Graduate,3607382,2665909,866358,180,1,Rural,Y
Female,Yes,2,Graduate,2619689,2631545,720790,180,1,Urban,N
Male,Yes,0,Not Graduate,2903607,4477028,364949,240,1,Urban,Y
Female,No,3+,Graduate,923947,3197013,1184669,360,0,Urban,N
Male,Yes,1,Not Graduate,3704035,856806,4738097,240,1,Urban,Y
Female,No,2,Not Graduate,4834433,4380989,2121188,120,1,Semiurban,Y
Male,Yes,0,Not Graduate,3357141,2074776,3806518,240,0,Semiurban,N
Female,Yes,1,Graduate,3636902,72764,2624624,180,1,Rural,Y
Female,Yes,0,Not Graduate,4036376,478036,3064605,240,0,Semiurban,N
Male,Yes,3+,Graduate,1178893,1709088,4736506,180,1,Urban,Y
Female,Yes,1,Not Graduate,4088392,3911458,2074619,240,1,Rural,Y
Male,No,0,Not Graduate,2888439,4974372,2060338,120,1,Semiurban,Y
Female,Yes,3+,Not Graduate,890412,3512937,2508144,120,1,Rural,Y
Male,Yes,3+,Not Graduate,4730559,3866850,3259838,240,0,Semiurban,N
Female,No,2,Not Graduate,3353821,1052666,1727261,180,1,Semiurban,Y
Male,Yes,0,Not Graduate,3216275,2861879,2725041,180,1,Semiurban,Y
Female,Yes,2,Graduate,4738847,414929,1272365,360,1,Semiurban,Y
Male,Yes,3+,Graduate,3260916,4590786,4044528,240,1,Rural,Y
Male,No,1,Graduate,4591956,48522,2555258,240,1,Urban,Y
Male,No,3+,Not Graduate,3531645,4117536,2426308,180,1,Rural,Y
Male,No,3+,Not Graduate,4729772,811647,2484216,180,0,Semiurban,N
Female,No,1,Not Graduate,2336614,4523324,2416232,240,1,Semiurban,Y
Female,No,0,Not Graduate,3579899,3288130,1839042,240,1,Urban,Y
Female,No,3+,Graduate,572666,4732635,3205641,360,1,Semiurban,Y
Male,No,2,Graduate,1752653,3254608,280848,360,0,Semiurban,N
Male,Yes,2,Not Graduate,3626491,243220,99441,240,1,Semiurban,Y
Female,Yes,1,Graduate,645952,137037,1196939,360,1,Urban,Y
Female,Yes,3+,Graduate,4249841,1528182,4880722,240,1,Urban,Y
Male,Yes,2,Not Graduate,3229551,27622,2324260,180,1,Semiurban,Y
Female,No,0,Not Graduate,4154587,2723451,3709198,120,1,Rural,Y
Male,No,3+,Graduate,2966402,4688401,2879875,120,1,Urban,Y
Male,Yes,3+,Not Graduate,1992849,1458455,4981133,180,1,Urban,Y
Female,Yes,3+,Graduate,3769921,707317,1481496,240,1,Semiurban,Y
Male,Yes,2,Not Graduate,3707176,508969,3611424,120,1,Rural,Y
Male,No,1,Not Graduate,3547593,4179407,1263798,120,0,Rural,N
Male,Yes,0,Graduate,3706696,490510,3986211,180,1,Rural,Y
Male,Yes,0,Not Graduate,1078681,1354475,3959175,360,1,Rural,Y
Male,No,2,Graduate,3026051,1973085,2896603,120,1,Rural,Y
Male,Yes,0,Graduate,2738856,3228835,3001941,180,1,Semiurban,Y
Male,No,2,Not Graduate,1409899,1241939,2213169,120,1,Rural,Y
Female,No,2,Graduate,2588787,2580629,3071804,180,0,Rural,N
Male,No,1,Graduate,3611066,4110311,3350675,240,1,Urban,Y
Female,Yes,3+,Graduate,1156331,231221,1486237,120,0,Rural,N
Female,Yes,3+,Graduate,4725826,1328643,3509239,120,0,Rural,N
Male,No,1,Graduate,2587533,3948275,4601843,240,1,Rural,Y
Female,No,1,Not Graduate,438038,3347389,4615526,360,1,Semiurban,Y
Female,No,0,Not Graduate,499015,3088401,2373674,240,1,Urban,Y
Male,No,1,Graduate,4601005,125812,2798529,180,1,Rural,Y
Male,Yes,0,Graduate,1298483,4928637,2956031,180,0,Semiurban,N
Female,Yes,0,Graduate,3259332,2021167,1264154,360,1,Rural,Y
Female,Yes,1,Not Graduate,4516378,158220,4475105,360,0,Rural,N
Male,Yes,3+,Not Graduate,636980,2438668,210384,180,1,Rural,Y
Female,Yes,1,Graduate,1529778,3696516,104248,360,1,Urban,Y
Male,No,3+,Not Graduate,877111,302976,88441,120,1,Semiurban,Y
Female,No,3+,Graduate,2080944,2042336,3388819,360,1,Semiurban,Y
Male,Yes,2,Not Graduate,599723,4792343,2658675,360,1,Rural,Y
Male,Yes,2,Graduate,1458250,4441725,1605570,240,1,Rural,Y
Female,No,2,Not Graduate,2614593,3861231,2549696,360,1,Semiurban,Y
Female,No,2,Not Graduate,50772,120770,1309605,240,1,Urban,N
Male,Yes,2,Graduate,1595022,2425893,1630829,180,1,Semiurban,N
Female,Yes,2,Not Graduate,2602726,4077499,2500841,360,1,Rural,Y
Female,Yes,3+,Graduate,226183,3797946,3826887,180,1,Semiurban,N
Male,Yes,1,Not Graduate,3803217,2013988,3223153,180,1,Urban,Y
Female,Yes,1,Graduate,3332799,280717,1499906,360,1,Rural,Y
Female,Yes,1,Graduate,1086766,3287977,5402,360,1,Rural,Y
Male,No,1,Not Graduate,4141446,1986359,4660045,120,0,Semiurban,N
Female,Yes,3+,Not Graduate,4088784,4750280,2198576,180,0,Rural,N
Female,No,3+,Graduate,2076098,4365190,1883986,180,1,Rural,Y
Female,No,3+,Not Graduate,4292616,3870485,2239179,240,1,Rural,Y
Female,No,1,Not Graduate,1924384,1303474,3327041,360,1,Rural,Y
Female,Yes,2,Graduate,3783788,236924,2033767,240,0,Rural,N
Male,No,0,Not Graduate,224820,2994797,2026546,120,1,Semiurban,Y
Female,No,1,Graduate,4814706,2230276,1555294,360,0,Urban,N
Male,Yes,1,Not Graduate,2630674,3098160,4960182,240,1,Urban,Y
Male,No,1,Not Graduate,606348,403367,2691185,360,1,Semiurban,Y
Female,No,3+,Graduate,4948881,4489262,1360398,360,0,Semiurban,N
Male,No,2,Not Graduate,553313,258829,935709,180,1,Urban,Y
Female,Yes,3+,Graduate,2591960,4889102,4220842,120,1,Semiurban,Y
Female,No,0,Graduate,2393932,867055,4096651,240,1,Urban,Y
Male,Yes,3+,Not Graduate,625829,3783735,3917791,180,1,Urban,Y
Female,No,3+,Not Graduate,3425158,3818279,1583071,180,1,Semiurban,Y
Male,Yes,2,Not Graduate,4502536,1351155,677301,240,0,Semiurban,N
Male,Yes,0,Not Graduate,4928153,301565,4805688,360,1,Urban,Y
Female,Yes,1,Not Graduate,3261064,287381,1290651,120,1,Rural,Y
Male,No,3+,Not Graduate,2055908,1056558,3575188,240,1,Urban,Y
Male,No,0,Graduate,4428474,4971960,2227099,120,0,Rural,N
Male,No,1,Graduate,2594989,2024421,2447550,360,1,Semiurban,Y
Female,Yes,0,Graduate,419318,663360,1824129,120,1,Semiurban,Y
Male,No,2,Graduate,4673725,177867,3564824,180,1,Urban,Y
Male,Yes,0,Graduate,2769567,1039485,1249425,240,1,Rural,Y
Male,No,1,Not Graduate,50375,4852232,1625437,240,1,Urban,Y
Male,Yes,3+,Not Graduate,3734143,2546788,3677857,120,0,Rural,N
Male,Yes,0,Graduate,1999870,3990659,3024517,240,1,Semiurban,Y
Female,No,2,Not Graduate,2045981,4344865,4160344,180,1,Semiurban,Y
Female,Yes,0,Graduate,424952,4281885,2156683,120,1,Rural,Y
Male,No,0,Graduate,2326816,4720065,2900017,180,1,Semiurban,Y
Male,Yes,0,Graduate,2307472,2247362,57182,360,1,Urban,Y
Female,No,2,Not Graduate,792547,2401337,4676272,240,1,Semiurban,Y
Male,No,2,Not Graduate,247468,1693723,869481,240,1,Semiurban,Y
Male,Yes,0,Graduate,2939426,3750086,1813573,240,1,Rural,N
Female,Yes,3+,Not Graduate,3027240,2154761,4803461,360,1,Semiurban,Y
Female,No,3+,Not Graduate,1622820,615227,4604636,360,1,Urban,Y
Female,No,0,Not Graduate,456797,2444947,1245004,360,1,Urban,Y
Male,No,1,Graduate,2849901,313976,4852047,240,1,Urban,Y
Female,Yes,1,Graduate,4070117,192250,2566562,360,1,Semiurban,Y
Male,No,3+,Not Graduate,3773174,1277002,2897701,180,1,Rural,Y
Male,No,1,Graduate,1468584,501341,2787536,120,1,Urban,Y
Female,No,3+,Graduate,3995474,3125256,4889422,180,1,Semiurban,N
Female,No,2,Graduate,1547553,3148818,51877,180,1,Semiurban,N
Male,No,0,Graduate,1729289,3600909,4024278,120,1,Semiurban,Y
Male,No,2,Graduate,4905849,1198779,2317178,240,1,Rural,Y
Female,No,0,Not Graduate,4946368,788170,1115183,240,1,Urban,Y
Male,Yes,0,Not Graduate,2632050,4485439,2365519,360,1,Urban,Y
Female,No,3+,Graduate,3355157,1794784,2453139,240,1,Semiurban,Y
Male,Yes,1,Graduate,3916034,3268068,4796322,120,0,Rural,N
Female,Yes,0,Not Graduate,2522129,4722908,4179057,360,1,Semiurban,Y
Female,No,3+,Not Graduate,2588660,4935708,2864548,360,1,Semiurban,Y
Female,No,3+,Not Graduate,3095539,1426262,2828085,360,1,Semiurban,Y
Male,Yes,2,Graduate,1661893,1958737,4557857,240,1,Rural,Y
Male,Yes,1,Graduate,348286,4450260,3019663,120,0,Rural,N
Male,No,0,Graduate,2323223,1532506,3315127,120,1,Rural,Y
Female,Yes,1,Not Graduate,1362893,1010627,4510048,120,0,Urban,N
Female,Yes,2,Not Graduate,4340905,330149,840032,360,1,Urban,Y
Male,No,2,Not Graduate,4887836,443350,4029076,120,1,Urban,Y
Male,Yes,2,Not Graduate,4485636,296261,385552,240,1,Urban,Y
Female,No,2,Not Graduate,396491,2176140,4183502,120,1,Urban,Y
Female,Yes,3+,Not Graduate,4516093,2673469,880611,240,1,Rural,Y
Male,Yes,2,Graduate,2936536,1601881,1386727,240,1,Urban,N
Female,Yes,0,Not Graduate,1850507,4445518,4288023,120,1,Urban,Y
Female,No,1,Graduate,4431949,2243945,528456,240,1,Urban,Y
Female,Yes,3+,Not Graduate,1028964,4527728,4797335,120,1,Rural,Y
Female,Yes,1,Graduate,1869560,380945,4420797,180,1,Rural,Y
Male,No,0,Graduate,1074032,1305362,2669122,180,1,Semiurban,Y
Male,Yes,2,Not Graduate,4142247,1216896,2187829,120,0,Semiurban,N
Male,Yes,0,Not Graduate,760274,3966905,3783834,360,0,Urban,N
Male,Yes,1,Not Graduate,819338,894208,1345831,120,1,Rural,Y
Male,No,1,Graduate,1234998,4502980,3234826,240,1,Semiurban,Y
Male,Yes,1,Graduate,4074492,415782,2239497,120,0,Rural,N
Female,No,0,Not Graduate,3901859,4116117,2058846,180,1,Urban,Y
Male,Yes,0,Not Graduate,1464808,3214694,575982,120,1,Rural,Y
Female,Yes,1,Not Graduate,1117439,3973572,3517451,240,0,Urban,N
Male,No,1,Graduate,4513281,803217,364188,240,1,Rural,Y
Male,Yes,3+,Not Graduate,2316900,4677308,89060,240,1,Urban,Y
Male,Yes,3+,Not Graduate,4942812,1720526,967953,240,1,Semiurban,Y
Female,No,3+,Graduate,3301967,2526317,3914299,360,1,Semiurban,Y
Female,Yes,0,Not Graduate,3619289,1422781,2339201,120,0,Semiurban,N
Male,No,0,Not Graduate,2930924,4592338,3779945,120,1,Urban,N
Male,No,2,Not Graduate,3734573,3276457,1696880,360,1,Rural,Y
Male,Yes,3+,Not Graduate,4085384,869091,4603140,180,1,Urban,Y
Male,Yes,1,Not Graduate,3704687,2146207,3810686,120,1,Semiurban,Y
Female,Yes,2,Not Graduate,3487758,3927573,2224383,240,1,Rural,Y
Female,No,0,Not Graduate,1571425,3812307,2004768,120,1,Semiurban,Y
Male,Yes,2,Graduate,3810805,1814649,4967408,360,1,Urban,Y
Male,Yes,3+,Graduate,3794230,1960276,311041,180,1,Rural,Y
Female,Yes,1,Graduate,4483385,4708692,326209,180,1,Rural,Y
Male,Yes,0,Not Graduate,1101411,864965,4728734,120,1,Semiurban,Y
Male,No,2,Graduate,1945612,4184212,1350114,240,1,Rural,Y
Female,No,1,Graduate,4152011,4343669,3971579,180,1,Semiurban,Y
Female,Yes,0,Not Graduate,150924,3351046,1227180,180,0,Semiurban,N
Male,No,0,Not Graduate,4816449,1470486,1223637,120,0,Urban,N
Male,No,2,Graduate,4176932,1137985,2378439,360,1,Urban,Y
Female,No,1,Graduate,1127028,2356910,1319735,120,1,Urban,Y
Female,Yes,2,Not Graduate,2154266,4738668,1883937,180,1,Rural,Y
Female,No,3+,Graduate,318961,861816,4041160,360,1,Urban,Y
Male,Yes,0,Not Graduate,2830773,3580020,2491700,240,1,Rural,Y
Male,No,3+,Graduate,3203528,4308013,533139,240,0,Rural,N
Male,No,0,Not Graduate,2383008,2372864,847594,240,0,Rural,N
Female,Yes,0,Not Graduate,3657702,4743094,385968,360,1,Urban,Y
Female,Yes,0,Not Graduate,1297129,1212149,660992,120,1,Semiurban,Y
Female,No,2,Graduate,2623723,1694813,3494105,240,1,Semiurban,Y
Male,Yes,0,Not Graduate,2836797,1015761,3052408,120,1,Urban,Y
Male,No,2,Graduate,3184008,4788488,2625924,180,1,Semiurban,Y
Female,No,3+,Graduate,234097,3433193,278318,120,0,Semiurban,N
Female,No,1,Graduate,183006,3737036,2727227,360,1,Semiurban,N
Male,No,3+,Not Graduate,196461,4056941,3004562,120,1,Semiurban,N
Female,No,0,Not Graduate,4464665,1228662,1165108,120,0,Urban,N
Female,Yes,3+,Not Graduate,4329766,877376,306542,240,0,Rural,N
Female,Yes,2,Not Graduate,3893818,2503922,2093513,120,1,Semiurban,Y
Male,No,3+,Not Graduate,31381,2730927,414052,180,1,Rural,Y
Female,No,3+,Graduate,1853478,2660220,146951,180,1,Urban,Y
Male,No,2,Not Graduate,3782879,307979,4996441,180,0,Semiurban,N
Female,No,2,Not Graduate,4178931,3910641,4040209,240,0,Rural,N
Female,Yes,1,Graduate,4084838,3287983,2717593,180,1,Urban,Y
Female,No,0,Not Graduate,1967345,1389475,3420593,120,1,Semiurban,Y
Male,Yes,2,Not Graduate,2888157,2374038,1690659,180,0,Urban,N
Male,No,3+,Graduate,3291696,4726638,4794715,360,1,Semiurban,Y
Female,No,1,Not Graduate,869229,2736103,1690805,360,1,Urban,Y
Male,Yes,0,Graduate,3784099,892413,1690901,240,1,Urban,Y
Male,No,0,Graduate,3687288,2293637,987715,120,1,Urban,Y
Female,Yes,2,Graduate,1367325,1356011,1557754,180,1,Rural,Y
Female,Yes,3+,Graduate,875975,452430,3050475,240,0,Semiurban,N
Female,Yes,1,Not Graduate,4443381,2751131,1900863,120,1,Rural,Y
Male,Yes,0,Not Graduate,1237481,4746820,3870876,180,0,Urban,N
Male,Yes,2,Graduate,1615771,4094790,1079234,180,1,Urban,N
Male,Yes,0,Graduate,1658527,4661410,245758,360,1,Urban,Y
Male,Yes,3+,Graduate,97875,3330354,2040045,240,1,Semiurban,Y
Male,Yes,0,Not Graduate,4613081,3270856,3213414,180,1,Semiurban,Y
Female,Yes,1,Not Graduate,3409439,4100224,499409,120,1,Rural,Y
Female,Yes,1,Not Graduate,3565617,4668016,1316207,120,1,Semiurban,Y
Female,No,2,Graduate,1960112,2913451,2214011,360,1,Semiurban,N
Male,No,2,Not Graduate,4081070,3240531,1486662,240,1,Urban,Y
Female,No,1,Graduate,1470475,2003087,4857955,180,0,Urban,N
Male,Yes,2,Not Graduate,1984256,3734562,3233825,360,0,Rural,N
Male,Yes,3+,Graduate,708574,1341584,2269773,120,1,Rural,Y
Male,Yes,0,Graduate,177797,2177718,3095130,120,1,Semiurban,N
Female,Yes,0,Not Graduate,1907773,1493840,2454790,240,1,Rural,Y
Female,Yes,0,Graduate,2881229,1336477,3548322,240,1,Urban,Y
Male,Yes,3+,Graduate,834221,628792,1741642,180,1,Semiurban,Y
Male,No,3+,Not Graduate,3633480,3661483,746511,120,1,Semiurban,Y
Female,No,3+,Not Graduate,41910,224559,4074088,360,1,Rural,N
Male,No,0,Graduate,2473012,3075976,1033701,120,0,Semiurban,N
Male,Yes,1,Not Graduate,259701,2446144,3346358,120,1,Urban,N
Male,Yes,0,Not Graduate,4033915,2209676,4821693,360,0,Semiurban,N
Female,Yes,0,Not Graduate,2004754,2820692,3913767,180,1,Rural,Y
Male,Yes,3+,Graduate,3732124,4444330,1989027,240,1,Rural,Y
Female,Yes,0,Graduate,1649428,4774436,1404217,180,1,Rural,Y
Female,Yes,1,Not Graduate,2092362,4773568,4195094,240,0,Urban,N
Female,Yes,0,Not Graduate,2633104,646642,208845,120,1,Semiurban,Y
Female,No,2,Graduate,1505277,2993591,565310,120,1,Urban,Y
Male,No,1,Graduate,2039742,1155406,1390206,180,0,Rural,N
Male,No,0,Graduate,3789335,3579753,3030990,120,1,Rural,Y
Female,No,3+,Not Graduate,100520,4054415,4847437,120,1,Semiurban,N
Female,No,0,Graduate,4277445,1991271,2157769,360,1,Rural,Y
Male,No,0,Graduate,262828,2124920,4338089,240,0,Urban,N
Male,No,1,Not Graduate,2710015,524243,1553316,240,1,Rural,Y
Female,Yes,3+,Not Graduate,2856894,4038695,3803920,240,1,Urban,N
Male,No,0,Not Graduate,1222965,2744292,3709686,180,0,Semiurban,N
Male,No,1,Not Graduate,4134786,2062238,3217571,120,1,Rural,Y
Male,No,3+,Graduate,4638688,1463483,2081371,120,1,Rural,Y
Male,Yes,2,Not Graduate,2301848,619225,1719805,180,1,Semiurban,Y
Male,Yes,0,Graduate,3800601,1799295,341198,120,1,Urban,Y
Female,Yes,0,Graduate,1170525,3183325,2840998,120,1,Urban,Y
Female,No,2,Not Graduate,1399462,3968425,2177596,120,0,Urban,N
Female,Yes,1,Graduate,331512,3602647,229361,360,1,Urban,Y
Female,Yes,3+,Not Graduate,4810777,3737239,3495072,180,1,Rural,Y
Female,Yes,1,Not Graduate,2675,1788395,2639702,120,1,Urban,N
Male,Yes,3+,Graduate,4466443,4985232,4623384,120,1,Semiurban,Y
Male,No,2,Graduate,4798630,743692,1979096,240,1,Semiurban,Y
Male,No,2,Not Graduate,3575041,219788,3860470,240,1,Semiurban,Y
Female,Yes,3+,Graduate,3979562,1931930,4743296,180,0,Semiurban,N
Female,Yes,3+,Graduate,4937563,1664796,4633134,240,1,Rural,Y
Male,Yes,0,Not Graduate,3766937,981653,861629,240,1,Urban,Y
Female,No,2,Not Graduate,1117241,273159,4971238,360,1,Rural,Y
Female,No,0,Graduate,4551142,2524556,3164170,120,1,Semiurban,Y
Female,Yes,3+,Not Graduate,2032979,43737,803463,180,1,Rural,N
Female,No,0,Graduate,2520070,222774,1244361,180,1,Urban,Y
Female,Yes,3+,Graduate,49148,1149589,1617875,360,1,Semiurban,N
Female,No,1,Graduate,4591704,2882896,343179,240,1,Semiurban,N
Male,No,2,Graduate,4798122,3501171,1378590,360,1,Urban,N
Female,Yes,0,Not Graduate,3377348,1035516,538198,360,1,Rural,Y
Male,Yes,2,Not Graduate,2697439,145620,3764872,180,1,Urban,Y
Male,No,0,Not Graduate,321564,1079343,3358441,120,1,Rural,Y
Female,No,1,Graduate,1708306,808364,676418,240,1,Semiurban,Y
Male,Yes,3+,Graduate,4444779,4909392,2799592,360,1,Rural,Y
Male,No,3+,Graduate,2920298,4582612,2724353,120,0,Semiurban,N
Male,Yes,0,Graduate,2050371,4920644,3094224,240,1,Rural,Y
Male,No,1,Not Graduate,2576563,3463991,2967529,360,1,Rural,Y
Male,Yes,0,Graduate,3867192,4482473,333116,180,1,Urban,Y
Female,No,3+,Not Graduate,2133220,2919014,4757957,360,1,Urban,Y
Male,Yes,2,Graduate,2582967,808844,277960,120,1,Urban,Y
Male,No,3+,Graduate,2574479,199769,4788488,180,1,Semiurban,Y
Female,Yes,3+,Graduate,4880205,4046143,3394811,180,0,Urban,N
Male,No,0,Graduate,4704076,4285145,3822825,240,1,Urban,Y
Female,Yes,1,Not Graduate,360071,4282723,4749724,120,1,Rural,Y
Male,No,3+,Graduate,2317665,4286438,3033241,120,1,Rural,Y
Male,Yes,1,Graduate,4718650,2983095,2308326,240,1,Semiurban,Y
Female,Yes,0,Graduate,2250556,665445,144875,240,1,Rural,Y
Male,Yes,2,Not Graduate,1552651,4803926,2378732,120,1,Urban,Y
Female,Yes,2,Not Graduate,119333,3132890,1990145,180,1,Semiurban,Y
Male,Yes,2,Not Graduate,4185237,31068,2986984,180,0,Semiurban,N
Male,No,3+,Graduate,4049245,2219604,3994476,360,0,Urban,N
Male,No,3+,Not Graduate,2649266,3504714,4460657,360,1,Urban,Y
Female,Yes,2,Graduate,87228,1925759,3353499,180,1,Semiurban,N
Female,No,0,Not Graduate,2804127,3410157,3964121,120,1,Urban,Y
Male,Yes,0,Not Graduate,1277540,4236411,4597497,120,1,Semiurban,Y
Female,Yes,3+,Not Graduate,3154767,1711025,3205967,240,1,Rural,Y
Female,Yes,0,Graduate,4243541,4571587,397243,180,1,Semiurban,Y
Female,No,2,Graduate,717963,1359138,2970341,240,1,Rural,Y
Male,Yes,3+,Graduate,2380520,4198629,2378578,180,0,Urban,N
Male,No,0,Not Graduate,1478359,3831671,4431319,360,1,Rural,Y
Female,Yes,1,Graduate,1078500,4986548,2195888,120,1,Urban,Y
Female,Yes,1,Graduate,2255768,451936,4029673,360,0,Rural,N
Male,Yes,3+,Not Graduate,1008492,1708839,2248974,360,1,Semiurban,Y
Female,No,1,Graduate,2375593,959512,2179500,120,1,Urban,Y
Male,No,1,Not Graduate,3124749,1628335,2814584,180,1,Rural,Y
Female,No,1,Not Graduate,4998571,2768799,2620701,180,1,Semiurban,Y
Female,Yes,2,Graduate,3363165,2435793,2713271,240,1,Semiurban,Y
Male,No,0,Not Graduate,4554642,4751069,2018539,180,1,Urban,Y
Male,Yes,0,Not Graduate,2233855,1228751,3107653,120,1,Semiurban,Y
Female,Yes,3+,Not Graduate,2530846,2685827,1483235,180,1,Semiurban,Y
Male,Yes,0,Not Graduate,2753378,3953731,4785311,360,0,Rural,N
Female,Yes,1,Not Graduate,2341067,4340312,2270121,360,0,Rural,N
Female,Yes,3+,Graduate,4030564,2299578,3196603,180,1,Rural,Y
Male,Yes,2,Not Graduate,1425320,1951753,1121791,360,1,Rural,Y
Female,No,2,Graduate,4590184,1466312,484688,180,1,Urban,Y
Male,No,3+,Graduate,3812579,4397958,868028,240,1,Rural,Y
Male,Yes,0,Graduate,4212156,2112222,1186235,180,1,Semiurban,Y
Female,No,2,Graduate,3701690,4992676,2871384,360,1,Urban,Y
Male,No,1,Not Graduate,410259,4096276,3363293,360,1,Rural,Y
Female,No,0,Not Graduate,308793,3769409,815968,240,1,Semiurban,Y
Male,Yes,3+,Not Graduate,2021279,2922959,1239484,240,0,Rural,N
Female,Yes,0,Not Graduate,3533563,3994435,461150,360,1,Urban,Y
Female,Yes,0,Graduate,4637471,4424138,3770538,120,1,Semiurban,Y
Female,Yes,2,Graduate,1140487,3644188,2746212,180,1,Urban,Y
Female,No,0,Graduate,1456540,2389764,802073,120,1,Urban,Y
Female,No,0,Not Graduate,2896783,4304341,2300239,180,1,Rural,Y
Male,No,1,Graduate,4413819,3460576,4580155,360,1,Semiurban,N
Male,Yes,1,Not Graduate,807859,4666743,3285427,180,1,Urban,Y
Male,Yes,0,Graduate,1153609,1066958,2105388,360,1,Urban,Y
Male,No,3+,Graduate,4755760,4143549,2303507,240,1,Semiurban,Y
Male,Yes,0,Not Graduate,2504566,3514280,3970379,180,1,Rural,Y
Female,No,0,Graduate,722173,1931306,1913196,120,0,Semiurban,N
Female,Yes,1,Not Graduate,1932957,238241,3126223,360,1,Semiurban,Y
Male,No,0,Graduate,1895228,906454,953232,120,1,Rural,Y
Male,Yes,2,Graduate,2596779,1516875,2565217,180,1,Rural,Y
Male,No,1,Not Graduate,4921591,2760762,3193288,360,1,Urban,Y
Male,Yes,2,Graduate,1398428,2661377,755219,360,1,Rural,Y
Female,No,1,Not Graduate,3284129,2699703,5054,180,1,Semiurban,Y
Female,No,2,Not Graduate,4311579,2640901,3836188,180,1,Semiurban,Y
Female,No,1,Graduate,3598870,2257593,3823822,240,1,Urban,Y
Male,No,1,Not Graduate,528203,1902543,2750178,240,1,Rural,Y
Female,No,2,Not Graduate,439590,1543166,199312,360,0,Urban,N
Female,Yes,3+,Graduate,4352683,2905555,4890103,240,1,Semiurban,Y
Male,Yes,0,Not Graduate,1935632,4384700,4066636,360,0,Rural,N
Female,Yes,0,Graduate,4336307,1074166,237997,360,0,Semiurban,N
Male,No,3+,Graduate,4767539,2740765,2490410,180,1,Rural,Y
Male,No,0,Not Graduate,3073221,4437029,2224427,240,0,Rural,N
Male,No,2,Graduate,2688715,843671,3158029,120,1,Rural,Y
Female,No,1,Graduate,4072389,3812643,3496679,180,1,Urban,Y
Female,No,1,Graduate,279247,1682686,3483976,180,1,Semiurban,N
Male,No,2,Not Graduate,3857298,4305355,478578,120,1,Rural,Y
Female,No,1,Graduate,3797068,1963442,1372799,240,1,Urban,Y
Female,No,3+,Not Graduate,28504,2110072,1984694,360,0,Urban,N
Female,Yes,3+,Not Graduate,127629,662948,4839546,240,1,Rural,N
Male,Yes,2,Graduate,2161457,2578562,2418132,120,1,Semiurban,Y
Male,Yes,0,Graduate,3928556,3176807,25794,180,1,Urban,Y
Male,Yes,3+,Graduate,3385875,3270008,2207448,120,1,Urban,Y
Female,No,2,Not Graduate,1676402,797151,2800452,360,1,Semiurban,Y
Male,No,3+,Not Graduate,1593557,4623797,2891955,120,1,Urban,N
Female,No,3+,Graduate,469235,3420343,4924681,180,1,Rural,Y
Male,No,2,Graduate,11228,3155503,3075125,180,1,Semiurban,N
Female,Yes,0,Not Graduate,524066,4114143,3915961,120,1,Urban,Y
Female,No,2,Graduate,984913,3407313,1416600,240,1,Urban,Y
Female,Yes,3+,Graduate,156147,2236989,4181041,180,1,Rural,N
Male,Yes,1,Not Graduate,2095883,4348751,3720400,360,1,Rural,Y
Male,Yes,3+,Not Graduate,4947149,2505418,1267673,240,1,Semiurban,Y
Female,No,2,Not Graduate,2828869,588650,4157888,240,1,Urban,N
Female,Yes,2,Not Graduate,1850670,3603523,4427163,180,1,Urban,Y
Female,No,0,Graduate,3569573,3041451,2580948,360,1,Semiurban,Y
Female,Yes,3+,Not Graduate,4005250,3098708,3205506,240,0,Semiurban,N
Male,Yes,0,Not Graduate,2009380,2733013,2763880,360,0,Rural,N
Female,Yes,1,Graduate,3115505,4102860,619720,180,0,Urban,N
Male,Yes,1,Graduate,1073143,4796756,3673933,180,1,Rural,Y
Male,No,3+,Not Graduate,2028866,4610171,2024215,180,1,Semiurban,Y
Male,No,0,Graduate,3181117,2892067,168196,180,1,Urban,Y
Female,No,0,Not Graduate,3923374,3680456,4515900,240,1,Rural,Y
Female,Yes,2,Not Graduate,3303534,3716328,4873829,360,1,Semiurban,Y
Male,No,1,Not Graduate,2611611,4776649,275696,360,1,Semiurban,Y
Female,No,1,Graduate,1880852,960341,2621144,360,1,Rural,Y
Female,Yes,2,Graduate,4279990,1316356,3745559,120,1,Semiurban,Y
Male,Yes,2,Graduate,100330,4485281,1801142,360,0,Urban,N
Male,No,0,Not Graduate,2786876,4852588,2076528,120,1,Semiurban,Y
Male,Yes,2,Graduate,754023,2314781,4441326,120,1,Rural,Y
Male,No,1,Not Graduate,281597,3687916,3613066,120,1,Urban,N
Male,No,0,Not Graduate,4186380,555368,403360,180,1,Semiurban,Y
Female,Yes,2,Graduate,1520046,4992988,3354851,120,1,Semiurban,Y
Female,No,2,Graduate,2504434,3297856,2792525,120,1,Semiurban,Y
Male,No,3+,Graduate,4146030,2774885,273968,120,1,Semiurban,Y
Male,No,0,Not Graduate,4622857,4709542,1939234,120,0,Rural,N
Female,Yes,2,Graduate,2617170,1987389,2734295,180,1,Semiurban,Y
Male,Yes,0,Graduate,977229,1592841,48919,120,0,Urban,N
Female,Yes,2,Graduate,2472885,756891,3952119,240,1,Semiurban,Y
Male,Yes,3+,Not Graduate,4007874,2485646,3580223,120,1,Urban,Y
Female,Yes,2,Not Graduate,1040562,1235592,298097,240,1,Urban,Y
Male,No,1,Not Graduate,3127329,1287656,2866792,360,1,Urban,Y
Male,Yes,3+,Graduate,1674320,3590055,492064,180,1,Rural,Y
Female,Yes,3+,Not Graduate,3715279,4383570,1629432,360,1,Semiurban,Y
Male,No,2,Not Graduate,4902401,4957235,4686275,180,1,Rural,Y
Female,Yes,1,Not Graduate,2420556,3695790,310411,120,0,Rural,N
Female,Yes,2,Graduate,4071436,4175589,3035860,240,1,Rural,Y
Male,Yes,2,Not Graduate,3440040,1325646,1257910,180,1,Urban,Y
Female,Yes,2,Not Graduate,443672,3851804,606883,120,0,Semiurban,N
Male,Yes,1,Graduate,2973875,3598651,91977,120,1,Rural,Y
Female,No,0,Not Graduate,4721210,1506664,4657388,360,1,Urban,Y
Female,Yes,2,Not Graduate,4232207,683784,2553105,120,1,Urban,Y
Male,No,2,Not Graduate,3464087,4104566,4290927,360,1,Urban,Y
Male,Yes,2,Graduate,150908,644106,3021129,360,1,Urban,N
Male,No,0,Not Graduate,3389169,4055113,213386,120,1,Rural,Y
Male,No,3+,Not Graduate,2022563,350661,115027,180,1,Urban,Y
Male,No,1,Graduate,809563,3236387,2159565,180,1,Urban,N
Male,Yes,0,Graduate,222868,310482,2353600,360,1,Semiurban,N
Male,No,1,Not Graduate,1458538,1360765,1505826,180,1,Semiurban,Y
Female,Yes,1,Graduate,119733,2839550,614095,240,1,Urban,Y
Female,No,0,Graduate,1803637,4071471,1831773,180,0,Semiurban,N
Male,Yes,1,Graduate,3742261,4359215,2105990,240,1,Urban,Y
Male,No,2,Not Graduate,4709726,1996860,2064090,180,1,Urban,Y
Female,No,2,Graduate,2363988,1410116,3330303,180,1,Urban,Y
Male,No,0,Not Graduate,2845314,4087224,1704487,240,1,Semiurban,Y
Male,Yes,2,Graduate,3020184,22536,405850,240,0,Urban,N
Male,No,3+,Not Graduate,4398374,2316090,4732225,240,1,Rural,N
Male,Yes,2,Not Graduate,2631562,4437887,218799,120,1,Urban,Y
Male,No,0,Graduate,2457025,4879862,4593302,180,0,Rural,N
Female,No,3+,Graduate,4618822,2216881,911466,360,1,Semiurban,Y
Female,Yes,0,Not Graduate,1249256,2885321,3812575,360,1,Rural,Y
Female,Yes,3+,Graduate,3580845,1440092,3818544,120,1,Urban,Y
Male,No,2,Not Graduate,4050838,3357934,2647995,360,1,Urban,Y
Male,Yes,2,Graduate,1627876,663237,4772848,360,1,Rural,Y
Male,No,1,Graduate,3804678,2454343,3537105,180,1,Urban,Y
Female,Yes,0,Graduate,1673175,3778802,4406955,360,1,Urban,Y
Male,No,2,Graduate,721702,2012218,4984803,360,1,Urban,Y
Female,No,1,Not Graduate,879877,4725921,1478716,240,1,Semiurban,Y
Male,Yes,3+,Graduate,485448,997052,4180607,180,1,Rural,Y
Female,Yes,1,Not Graduate,1338723,2689891,2932861,360,1,Urban,Y
Female,Yes,0,Graduate,2402821,3228299,1949310,180,0,Semiurban,N
Male,No,2,Graduate,4368257,3693015,4770267,120,0,Semiurban,N
Female,Yes,1,Not Graduate,145108,3813473,4545918,120,1,Urban,N
Female,Yes,3+,Not Graduate,4874678,3470294,138833,240,1,Urban,Y
Female,No,1,Graduate,871170,3892040,2747739,180,1,Semiurban,Y
Male,Yes,2,Graduate,330953,1679176,1943002,180,0,Semiurban,N
Male,No,1,Not Graduate,1614455,1133155,59027,180,1,Urban,N
Male,No,1,Not Graduate,1283724,2577965,1765050,240,1,Semiurban,N
Female,Yes,2,Not Graduate,420155,3374622,714426,120,1,Rural,Y
Male,No,1,Not Graduate,3474876,4208374,4742940,360,1,Semiurban,Y
Male,Yes,2,Not Graduate,2030989,1540269,3715834,120,1,Rural,Y
Male,Yes,3+,Graduate,2667329,3513629,3351185,120,1,Rural,Y
Female,No,3+,Graduate,4053265,3518787,2306060,240,1,Semiurban,Y
Male,No,0,Not Graduate,1244735,2933123,4391932,240,1,Rural,Y
Male,Yes,3+,Graduate,4868636,4884090,1335026,360,1,Urban,Y
Male,No,0,Graduate,774974,2609067,4730506,120,1,Rural,Y
Female,No,1,Graduate,4715214,1140688,2970014,360,1,Semiurban,Y
Male,Yes,3+,Not Graduate,3918063,1367225,651470,360,1,Semiurban,Y
Male,Yes,1,Not Graduate,3538736,3754198,4504943,240,1,Semiurban,Y
Male,No,1,Not Graduate,4335465,4550479,1824654,360,1,Urban,Y
Female,Yes,0,Graduate,2273662,705490,4403525,360,0,Rural,N
Male,Yes,3+,Graduate,4071175,1181920,777922,240,1,Urban,Y
Female,Yes,0,Not Graduate,3582097,260218,1316944,360,1,Urban,Y
Female,No,1,Graduate,4546975,2351207,3854602,120,1,Urban,Y
Female,Yes,1,Graduate,1327682,1240113,3647516,360,1,Rural,Y
Male,No,3+,Not Graduate,186346,708352,4930072,240,1,Urban,N
Male,Yes,2,Graduate,2399401,988823,2822064,360,1,Semiurban,Y
Male,Yes,0,Not Graduate,2569305,3732304,4668459,120,1,Urban,Y
Male,Yes,1,Graduate,1400772,3084803,3369361,180,0,Semiurban,N
Female,Yes,2,Not Graduate,574181,2037067,939569,240,1,Semiurban,Y
Male,Yes,1,Graduate,1292679,4530286,1614585,180,1,Urban,Y
Male,Yes,1,Not Graduate,3233616,2562614,4263902,240,1,Semiurban,Y
Female,No,0,Not Graduate,4182217,1751259,1142865,240,1,Urban,Y
Male,No,2,Graduate,2585940,2866383,16529,120,1,Urban,Y
Male,No,0,Graduate,1036170,1947600,3907587,120,1,Semiurban,Y
Male,Yes,1,Graduate,1923261,2739644,255678,240,1,Semiurban,Y
Male,Yes,0,Not Graduate,4367726,4481047,3368673,120,1,Rural,Y
Male,Yes,2,Not Graduate,3544187,888175,391829,360,1,Urban,Y
Male,Yes,3+,Not Graduate,642300,771102,1524228,120,1,Rural,Y
Male,No,2,Not Graduate,740676,1496234,1280702,240,1,Rural,Y
Male,No,2,Graduate,990555,2543381,4617937,120,1,Urban,N
Female,Yes,0,Not Graduate,787372,1835365,3963711,360,1,Semiurban,Y
Female,No,1,Graduate,133907,3016681,1852521,240,1,Semiurban,Y
Male,Yes,0,Not Graduate,4608974,954692,2107416,120,0,Semiurban,N
Female,No,0,Not Graduate,3485340,2034283,2498356,120,1,Rural,Y
Male,No,3+,Not Graduate,2394166,4196108,2745496,120,0,Rural,N
Male,No,0,Not Graduate,2103485,2125315,1468573,360,0,Rural,N
Male,Yes,3+,Graduate,1112604,4188051,1978709,120,1,Urban,Y
Female,Yes,0,Graduate,4847399,4396011,415166,360,1,Urban,Y
Female,Yes,0,Not Graduate,3185655,732086,1772876,360,1,Semiurban,Y
Female,No,1,Not Graduate,3035076,4539221,2190186,240,0,Semiurban,N
Female,No,2,Graduate,2328113,1423749,1222822,240,1,Urban,Y
Female,Yes,1,Graduate,2307896,4502326,3080251,360,1,Urban,Y
Male,Yes,3+,Graduate,1834110,333560,576106,120,1,Rural,Y
Female,No,0,Not Graduate,3844740,4819171,454350,360,1,Urban,Y
Female,No,2,Graduate,3838378,3942987,4628451,180,1,Semiurban,Y
Female,No,3+,Graduate,4719142,2904607,4020092,360,1,Semiurban,N
Female,Yes,1,Graduate,1582685,3725730,245485,360,1,Rural,Y
Male,No,1,Not Graduate,2138530,2404310,2292826,360,1,Rural,Y
Male,No,0,Not Graduate,2835003,552219,1231718,180,1,Urban,Y
Male,Yes,0,Not Graduate,3022988,4949527,3048737,360,1,Semiurban,Y
Female,Yes,1,Graduate,2319390,3408924,2421767,240,1,Rural,Y
Female,Yes,1,Not Graduate,3796127,2667101,2326401,120,1,Urban,Y
Male,No,2,Graduate,1928837,2106971,2378604,360,1,Urban,Y
Female,No,0,Not Graduate,3287523,1404538,2990778,120,1,Semiurban,Y
Female,Yes,3+,Not Graduate,2982399,2651054,2482214,180,1,Urban,Y
Female,Yes,0,Not Graduate,2305629,2333082,2821434,180,1,Urban,Y
Female,Yes,2,Graduate,2440842,1818351,1249015,120,0,Urban,N
Female,No,0,Not Graduate,1157421,3514228,2855006,240,1,Semiurban,Y
Female,No,3+,Graduate,3601570,1255872,3423077,180,0,Urban,N
Female,No,0,Graduate,2188657,4739213,3814457,120,1,Urban,Y
Male,Yes,2,Graduate,2831361,3272511,2637173,120,1,Urban,Y
Male,Yes,2,Graduate,1933311,3752379,4445540,360,1,Semiurban,Y
Male,No,2,Graduate,1768088,3846137,4536689,360,1,Semiurban,Y
Female,No,0,Not Graduate,809510,4387615,269360,180,0,Semiurban,N
Male,Yes,1,Graduate,4894364,857202,207191,120,1,Urban,Y
Female,Yes,3+,Graduate,2787155,1895913,4501536,180,1,Semiurban,Y
Female,No,2,Not Graduate,4463071,4396936,2438428,180,1,Urban,Y
Male,No,3+,Graduate,645544,3086285,1040040,240,1,Semiurban,Y
Female,Yes,0,Not Graduate,500100,3370001,1725700,180,0,Urban,N
Female,No,3+,Graduate,4779813,4743246,3680109,240,1,Semiurban,N
Male,No,0,Graduate,882465,1460420,2327297,240,1,Rural,Y
Male,No,0,Graduate,3889881,3170564,110795,240,0,Semiurban,N
Female,Yes,3+,Graduate,1922744,813883,220575,360,1,Semiurban,Y
Male,Yes,2,Not Graduate,3892098,543250,1966540,240,1,Rural,Y
Male,Yes,3+,Not Graduate,4362002,71011,1177567,180,1,Semiurban,Y
Male,No,0,Graduate,1646089,1735421,3698815,360,1,Rural,Y
Female,No,1,Graduate,2125249,575162,3882017,120,1,Semiurban,Y
Female,No,1,Not Graduate,1204413,1245088,4371353,180,1,Urban,Y
Female,Yes,2,Graduate,1290283,4886136,1518845,360,1,Semiurban,Y
Female,Yes,0,Not Graduate,2908596,676610,4921284,360,1,Semiurban,Y
Female,Yes,3+,Graduate,238578,2602355,1537958,240,0,Semiurban,N
Female,Yes,2,Graduate,2223858,275579,1706858,120,1,Rural,Y
Male,Yes,0,Not Graduate,2209165,3111873,4890165,360,1,Semiurban,Y
Female,No,1,Not Graduate,1754042,4412287,2490826,240,1,Urban,Y
Male,No,3+,Not Graduate,4663375,2850077,1940804,360,1,Semiurban,Y
Male,Yes,2,Graduate,3739897,895237,4242063,240,1,Semiurban,Y
Female,No,3+,Graduate,4305957,4700675,534721,360,1,Rural,Y
Male,No,0,Not Graduate,3128313,103876,617226,180,1,Urban,N
Female,Yes,2,Not Graduate,1859058,1802208,3407436,120,1,Semiurban,Y
Male,No,3+,Graduate,4876925,985952,68457,240,0,Rural,N
Male,Yes,2,Not Graduate,1524504,3153572,220388,360,0,Rural,N
Male,Yes,1,Graduate,3088658,3419083,1896618,240,1,Rural,N
Male,Yes,3+,Graduate,3230453,1827654,4530250,180,1,Rural,N
Male,Yes,0,Not Graduate,2102174,4403026,3200968,120,1,Urban,Y
Female,No,2,Not Graduate,1941134,1675574,749144,360,1,Semiurban,Y
Female,No,2,Not Graduate,2891132,3820795,2538972,180,1,Urban,Y
Female,Yes,0,Graduate,3889859,67823,3201008,180,1,Rural,Y
Male,Yes,2,Not Graduate,1683915,2158448,3848811,360,1,Urban,Y
Male,Yes,1,Not Graduate,3276208,3242058,3974473,240,1,Semiurban,Y
Female,No,1,Graduate,52999,1130217,2971241,360,1,Semiurban,N
Female,No,1,Graduate,490992,289612,748727,120,1,Rural,Y
Male,No,2,Not Graduate,3192183,772435,4599211,120,1,Urban,Y
Female,Yes,1,Not Graduate,3560749,1003081,4755529,120,1,Rural,Y
Female,No,0,Graduate,244861,3154811,4767834,240,1,Rural,N
Male,No,2,Graduate,3039706,4620989,1637730,240,1,Rural,Y
Male,Yes,0,Not Graduate,2459047,2626686,4160844,180,1,Urban,Y
Male,Yes,2,Not Graduate,2199723,900999,3512172,180,1,Rural,Y
Male,Yes,1,Graduate,3192463,4933565,4564602,240,0,Urban,N
Male,Yes,2,Not Graduate,1421045,342740,866436,240,1,Urban,Y
Male,No,2,Not Graduate,182032,1831504,4436874,180,1,Semiurban,N
Female,No,0,Not Graduate,1178652,2367508,3484236,180,0,Rural,N
Female,Yes,2,Not Graduate,760916,3669339,265348,360,1,Urban,Y
Female,No,2,Not Graduate,2062338,2606613,1926979,180,1,Semiurban,Y
Male,Yes,0,Not Graduate,1433538,2071449,4563009,120,1,Semiurban,N
Female,No,1,Not Graduate,1039467,637962,4841794,120,1,Semiurban,Y
Female,Yes,0,Graduate,1764155,4188135,4257544,360,1,Rural,Y
Female,Yes,1,Not Graduate,469397,3748783,808959,120,1,Urban,Y
Female,No,1,Graduate,2961276,392778,255723,120,1,Semiurban,Y
Female,No,3+,Not Graduate,421094,2505691,777777,120,1,Semiurban,Y
Male,Yes,3+,Graduate,1355059,3644110,512408,360,1,Urban,Y
Female,No,3+,Graduate,874613,1438948,2796873,240,0,Semiurban,N
Female,Yes,0,Not Graduate,3223979,4765668,1189400,240,0,Semiurban,N
Female,No,1,Not Graduate,1938127,3383307,1375878,180,1,Semiurban,Y
Male,Yes,1,Graduate,1620030,3442908,1093386,180,1,Urban,Y
Female,No,3+,Graduate,486660,2755577,3411511,180,1,Rural,Y
Female,No,1,Not Graduate,2803266,77854,3112501,360,1,Semiurban,N
Male,Yes,1,Graduate,1326001,2032685,4364904,120,1,Urban,Y
Female,No,1,Not Graduate,1420202,646657,773371,240,0,Semiurban,N
Male,Yes,2,Graduate,57180,624609,2780153,240,1,Urban,N
Male,No,3+,Graduate,991475,3176881,4641465,360,1,Semiurban,Y
Male,No,2,Graduate,4260274,2900556,3788019,360,1,Rural,Y
Male,No,3+,Not Graduate,3919559,1723366,1499976,180,1,Semiurban,Y
Female,No,3+,Not Graduate,3720757,2941083,1193275,180,1,Rural,Y
Female,No,2,Not Graduate,4690325,2910723,3943396,240,1,Rural,Y
Female,Yes,0,Not Graduate,493966,4550502,2933307,360,0,Urban,N
Male,Yes,1,Not Graduate,335514,2242428,539641,120,1,Urban,Y
Male,Yes,0,Not Graduate,523792,1784664,892141,180,1,Rural,Y
Male,Yes,3+,Not Graduate,1120868,2194081,3102926,120,1,Urban,Y
Male,Yes,1,Not Graduate,1107071,920863,4291533,180,1,Semiurban,Y
Female,Yes,3+,Not Graduate,2154978,66583,413573,240,1,Semiurban,N
Male,No,2,Not Graduate,1501512,1751865,1923881,240,1,Rural,Y
Male,Yes,1,Graduate,4267636,3028976,4195981,360,1,Rural,Y
Male,No,3+,Not Graduate,1210780,2964623,3956537,120,1,Semiurban,Y
Female,Yes,2,Graduate,157544,912850,238742,180,1,Semiurban,Y
Female,No,3+,Not Graduate,14925,2787332,4756486,180,1,Urban,N
Male,Yes,2,Not Graduate,3768414,2552152,4980142,360,0,Urban,N
Male,No,1,Graduate,3653134,504369,3912427,180,1,Semiurban,Y
Female,No,2,Not Graduate,554116,1528165,4650290,120,1,Semiurban,N
Female,Yes,3+,Graduate,1370451,3556571,4950341,240,1,Urban,Y
Male,No,2,Not Graduate,272484,2429450,4807811,360,1,Semiurban,N
Female,Yes,2,Graduate,3091837,2708997,323243,360,0,Rural,N
Male,No,0,Graduate,840771,2595673,2162588,240,1,Rural,Y
Female,No,0,Graduate,4810943,380147,3418994,360,1,Semiurban,Y
Female,No,3+,Graduate,3020121,2395997,1254283,240,1,Rural,Y
Female,Yes,0,Not Graduate,4713371,725829,4581455,180,1,Urban,Y
Male,Yes,3+,Graduate,1074072,4688789,588240,180,1,Semiurban,Y
Female,No,2,Not Graduate,1584992,3866411,1981215,120,1,Semiurban,Y
Female,Yes,2,Graduate,3973869,3472955,3946680,180,1,Urban,Y
Male,Yes,3+,Graduate,1382372,4530279,2161046,180,1,Semiurban,Y
Male,No,0,Not Graduate,1841541,2559501,3379595,240,1,Rural,Y
Female,No,1,Not Graduate,2900029,3081140,4894418,180,1,Rural,Y
Female,No,2,Not Graduate,1506359,3036819,3762981,120,1,Semiurban,Y
Male,Yes,2,Not Graduate,2394519,774579,2259406,120,0,Rural,N
Female,No,0,Graduate,936010,850762,1122472,180,1,Rural,Y
Female,No,0,Graduate,4362610,2696575,4333886,360,1,Rural,Y
Male,No,2,Graduate,597631,4914038,2506647,120,1,Urban,Y
Female,No,3+,Graduate,1523372,744281,1089729,240,0,Urban,N
Male,No,0,Graduate,1613280,2689579,1928782,180,1,Rural,N
Female,No,1,Not Graduate,4750443,3386438,1267328,180,1,Urban,Y
Male,Yes,3+,Not Graduate,4684877,696402,2636700,240,1,Urban,Y
Female,No,0,Graduate,3799644,3163066,1477610,240,1,Rural,Y
Male,Yes,1,Not Graduate,3196775,4408503,332503,360,1,Rural,Y
Male,No,1,Not Graduate,2463708,3908411,3889816,120,1,Semiurban,Y
Male,No,2,Graduate,3359994,1038211,4335446,240,0,Rural,N
Female,No,0,Graduate,4479403,688203,650728,240,1,Semiurban,Y
Male,No,0,Not Graduate,3369511,895676,1019826,240,0,Urban,N
Female,Yes,2,Not Graduate,2050877,1525745,3803475,240,1,Urban,Y
Male,Yes,3+,Graduate,4030384,2070703,1001994,240,1,Urban,Y
Female,No,0,Graduate,3743868,669656,3234349,120,0,Urban,N
Male,No,2,Not Graduate,3792338,1051670,4505388,180,1,Semiurban,Y
Female,Yes,3+,Graduate,3248780,1407354,1101074,180,1,Urban,Y
Female,No,2,Not Graduate,674604,3199066,2268814,180,0,Rural,N
Female,No,0,Graduate,3580676,821579,991572,180,1,Semiurban,Y
Male,No,0,Graduate,4924806,3567769,4158563,180,1,Rural,Y
Male,Yes,2,Graduate,1197345,1229105,1882186,120,1,Rural,N
Female,Yes,3+,Graduate,1548340,4544698,2738498,360,1,Semiurban,Y
Female,Yes,1,Not Graduate,2956681,4538068,3010137,120,1,Rural,N
Female,Yes,1,Not Graduate,4158195,3530820,2615996,180,1,Rural,N
Female,No,3+,Graduate,3642564,1487944,4493225,240,1,Urban,Y
Male,No,0,Graduate,4673524,2611673,3726609,240,0,Semiurban,N
Female,No,3+,Graduate,1980181,2927893,4166433,240,1,Urban,Y
Female,No,0,Graduate,1669590,1101158,3563434,240,1,Rural,Y
Female,No,3+,Graduate,4404921,4975135,375602,120,0,Rural,N
Male,No,3+,Not Graduate,2893559,2521151,319129,360,0,Semiurban,N
Female,No,1,Not Graduate,2539371,943009,4577777,360,1,Urban,Y
Male,Yes,3+,Not Graduate,2114836,2840114,1269727,360,1,Urban,Y
Female,No,1,Graduate,594482,1368418,3669081,180,0,Rural,N
Male,No,1,Not Graduate,1202007,4588077,273430,120,1,Semiurban,Y
Female,No,1,Not Graduate,1052563,1796250,1338416,180,1,Semiurban,Y
Female,No,2,Not Graduate,4804329,1080126,1400496,360,1,Semiurban,N
Female,No,2,Not Graduate,1297827,3144849,814954,360,1,Semiurban,Y
Female,No,3+,Not Graduate,143212,3783787,4044449,120,1,Rural,N
Male,No,3+,Graduate,3794646,606478,4395537,360,1,Urban,Y
Female,No,3+,Graduate,3600339,4409284,977055,360,1,Rural,Y
Male,No,1,Not Graduate,1103535,2700759,2365460,120,1,Urban,Y
Female,Yes,3+,Graduate,1640835,1651641,763217,120,1,Rural,Y
Female,No,1,Not Graduate,1825498,2332729,1922419,240,1,Urban,Y
Male,Yes,1,Graduate,88245,3426473,2995455,240,1,Semiurban,N
Female,No,2,Not Graduate,2969637,3952924,2194496,120,1,Semiurban,Y
Female,Yes,0,Graduate,3161557,4179888,441498,180,1,Urban,Y
Male,No,2,Graduate,2811409,3532308,1060255,180,1,Rural,Y
Male,Yes,0,Graduate,2823751,4830558,2222,360,1,Semiurban,Y
Female,No,0,Not Graduate,4286758,966124,3125045,240,1,Semiurban,Y
Male,Yes,2,Not Graduate,3105497,3417099,3653847,180,1,Rural,Y
Female,No,0,Not Graduate,4810821,3695763,3353384,360,1,Semiurban,Y
Male,No,3+,Not Graduate,2971913,3852344,4934587,360,1,Rural,Y
Female,No,1,Graduate,4170395,4983316,3347067,360,1,Semiurban,Y
Female,No,3+,Graduate,3758023,2769318,1860482,120,1,Semiurban,Y
Male,Yes,0,Not Graduate,2101088,3637975,856895,360,0,Urban,N
Female,Yes,2,Not Graduate,830222,3243216,1145184,180,0,Rural,N
Male,Yes,2,Not Graduate,4026225,4875864,4731832,120,1,Semiurban,Y
Male,No,3+,Graduate,1464794,1789234,1016107,120,0,Rural,N
Male,Yes,3+,Not Graduate,4931452,4237890,655051,120,1,Urban,Y
Female,Yes,0,Graduate,3968424,430460,3057411,360,1,Urban,Y
Female,No,0,Not Graduate,3458510,1266488,1671707,180,1,Semiurban,Y
Female,Yes,2,Graduate,60334,637404,92397,360,1,Urban,Y
Male,Yes,2,Graduate,3843496,3257530,3331733,240,0,Urban,N
Male,Yes,0,Graduate,4596718,2828029,2960387,120,1,Urban,Y
Male,No,0,Graduate,199541,3241569,4458990,180,1,Urban,N
Male,No,3+,Graduate,3816422,4964659,3463668,360,1,Semiurban,Y
Female,Yes,2,Not Graduate,4738512,594995,2892072,120,1,Rural,Y
Male,Yes,3+,Graduate,466496,1951830,170140,240,1,Urban,Y
Male,No,3+,Graduate,1405813,4896369,2971786,180,1,Urban,N
Female,No,1,Graduate,4141840,2332933,4842208,240,1,Semiurban,N
Male,Yes,3+,Graduate,968805,2088701,1020120,360,1,Rural,Y
Male,Yes,2,Not Graduate,3804879,2471065,2666992,360,0,Urban,N
Female,No,3+,Not Graduate,3729422,2674098,636760,360,1,Semiurban,Y
Male,No,1,Not Graduate,4153623,3658343,4145170,240,1,Semiurban,Y
Female,No,0,Not Graduate,2120679,3051882,4208173,180,1,Urban,Y
Female,Yes,3+,Not Graduate,1882960,4402520,2319177,360,1,Urban,Y
Female,No,2,Graduate,1576185,981541,4950471,120,0,Semiurban,N
Female,Yes,1,Graduate,4303425,4343740,469148,180,1,Urban,Y
Female,Yes,3+,Not Graduate,4823760,492486,479206,120,1,Semiurban,Y
Male,Yes,1,Not Graduate,1790195,4555296,2578435,360,1,Rural,Y
Male,No,3+,Not Graduate,1312458,3847854,2542207,180,1,Urban,Y
Male,No,2,Graduate,2527419,1271528,2279837,120,0,Rural,N
Male,No,1,Not Graduate,4555176,376450,2597000,120,0,Urban,N
Male,Yes,1,Graduate,4708075,2345786,954837,120,1,Urban,Y
Male,No,1,Not Graduate,1674612,46871,1516905,360,1,Semiurban,Y
Female,Yes,0,Not Graduate,559367,4458452,1619359,240,1,Urban,Y
Male,Yes,0,Graduate,4273987,884748,4465859,120,0,Semiurban,N
Male,No,1,Graduate,3263483,1826841,714514,240,1,Urban,Y
Female,Yes,3+,Not Graduate,18329,668637,3072107,120,1,Rural,N
Female,No,2,Not Graduate,3457374,1922362,2226586,180,0,Rural,N
Female,Yes,3+,Not Graduate,2866030,3199913,3212728,360,1,Urban,Y
Male,No,0,Not Graduate,2116289,3529271,4043835,120,1,Semiurban,Y
Female,No,0,Not Graduate,2215434,4509671,3986266,360,1,Semiurban,Y
Female,No,0,Not Graduate,1261061,156618,1361355,240,1,Urban,Y
Female,Yes,2,Not Graduate,3100102,1241611,3216259,120,1,Rural,Y
Male,Yes,0,Graduate,277286,1225828,2097970,240,1,Rural,N
Male,No,3+,Graduate,2398987,3454707,4854233,240,1,Urban,Y
Female,No,0,Graduate,1314281,346915,3722748,240,0,Urban,N
Male,Yes,0,Graduate,2504537,1572329,4868045,240,0,Semiurban,N
Female,No,1,Graduate,1252021,962834,1112069,360,1,Semiurban,Y
Male,No,2,Graduate,4298649,3144026,647929,180,1,Urban,Y
Female,No,1,Graduate,683137,2545466,3017364,360,1,Rural,Y
Female,No,3+,Not Graduate,138219,1966496,3428468,180,1,Urban,N
Male,No,1,Graduate,2469984,1006798,2483774,180,1,Semiurban,Y
Female,No,2,Not Graduate,1291358,3579695,3590143,240,1,Semiurban,Y
Male,Yes,3+,Not Graduate,3148073,4135714,1887991,120,1,Urban,Y
Female,No,1,Not Graduate,544662,4913253,1125680,240,1,Rural,Y
Male,Yes,3+,Not Graduate,1335684,4879677,1292753,120,1,Semiurban,Y
Female,No,0,Graduate,3194473,1401594,2843097,120,1,Rural,Y
Male,No,3+,Graduate,4250720,1783818,1754287,180,1,Urban,Y
Female,No,3+,Graduate,3147238,4240742,2980479,360,1,Urban,Y
Male,Yes,3+,Graduate,3845079,4559717,3307567,360,0,Rural,N
Female,Yes,1,Graduate,1754717,176751,209902,360,1,Semiurban,Y
Male,No,0,Not Graduate,1634169,474445,1413112,240,1,Rural,Y
Male,No,0,Not Graduate,3361844,70685,69564,180,1,Urban,Y
Male,No,0,Graduate,3244399,2504880,31296,240,1,Semiurban,Y
Male,Yes,1,Not Graduate,3031902,1456536,3321996,360,1,Rural,Y
Male,No,1,Not Graduate,1421447,4281695,2989351,360,0,Urban,N
Male,No,1,Graduate,967535,4895844,2750984,120,1,Semiurban,Y
Male,No,2,Not Graduate,3546726,2868545,2101498,360,1,Semiurban,Y
Female,Yes,2,Not Graduate,968515,702416,312862,120,1,Rural,Y
Male,No,3+,Not Graduate,3590109,2134044,4510396,120,1,Semiurban,Y
Male,No,1,Not Graduate,3279770,4904453,4133956,360,1,Semiurban,Y
Female,No,1,Not Graduate,3471466,4192307,2385995,360,1,Semiurban,Y
Female,Yes,1,Graduate,3045736,1705580,2307478,120,0,Semiurban,N
Female,No,2,Graduate,3436762,3097318,2732967,240,0,Rural,N
Female,Yes,2,Not Graduate,274733,2318695,3125963,240,1,Rural,N
Male,No,3+,Graduate,124783,1553406,3826768,360,0,Urban,N
Female,No,1,Graduate,2304421,3493389,4147885,240,1,Rural,Y
Female,No,2,Graduate,1178069,320551,1756672,120,1,Semiurban,Y
Female,Yes,1,Graduate,3329496,3886147,417418,180,1,Urban,Y
Male,No,1,Not Graduate,2729127,1712019,3483657,360,1,Rural,Y
Male,Yes,0,Graduate,3168450,3930674,1954027,180,1,Urban,Y
Male,Yes,0,Graduate,4824971,2346237,2770550,240,1,Semiurban,Y
Female,No,1,Not Graduate,3747735,2292296,1164231,180,1,Semiurban,Y
Male,No,1,Graduate,244800,4383805,403812,360,0,Urban,N
Male,No,3+,Graduate,2632366,2619123,1240794,240,1,Urban,Y
Female,No,3+,Graduate,4874510,3251147,4799938,360,1,Urban,Y
Female,Yes,3+,Graduate,642127,210839,4649477,240,1,Rural,Y
Male,No,2,Graduate,2432608,4955067,245631,360,0,Rural,N
Male,Yes,2,Not Graduate,4791000,1142834,488353,120,1,Urban,Y
Female,Yes,3+,Graduate,4979521,2073434,1643823,120,1,Rural,Y
Female,Yes,0,Not Graduate,117251,397062,1099657,360,1,Urban,N
Male,No,1,Not Graduate,1152917,2201901,988533,240,1,Semiurban,Y
Male,Yes,1,Not Graduate,1174267,4593310,490275,120,1,Semiurban,Y
Female,No,2,Not Graduate,4598366,4135167,102991,240,1,Semiurban,Y
Male,No,3+,Not Graduate,2339282,2873171,4275260,240,1,Urban,N
Male,No,0,Not Graduate,3313239,2745878,1855977,360,1,Rural,Y
Female,No,2,Not Graduate,3694710,1040986,1385409,360,1,Semiurban,Y
Female,Yes,1,Graduate,94949,2321030,107514,360,1,Urban,Y
Male,Yes,0,Not Graduate,1269843,1621848,3843348,240,1,Rural,Y
Male,Yes,1,Not Graduate,2419553,2619479,2219695,360,1,Rural,Y
Male,No,1,Graduate,4322378,1399847,698642,240,1,Rural,Y
Female,No,3+,Not Graduate,858968,2879914,4390423,240,1,Semiurban,Y
Female,Yes,1,Not Graduate,4853907,4279048,4199522,360,1,Semiurban,N
Male,Yes,1,Not Graduate,161601,2373546,1250783,240,1,Semiurban,Y
Female,No,0,Not Graduate,1125052,4848224,1098266,120,0,Rural,N
Male,No,3+,Not Graduate,2558985,941556,4450950,120,1,Semiurban,Y
Male,Yes,0,Not Graduate,2511578,1634432,327494,180,1,Semiurban,Y
Female,No,0,Not Graduate,3247324,4338781,3139853,360,1,Urban,Y
Male,No,3+,Graduate,932780,2578856,3831253,240,1,Semiurban,N
Female,No,1,Not Graduate,2574317,1215344,2814872,180,1,Urban,Y
Female,Yes,1,Not Graduate,1604813,548026,1615213,180,1,Rural,Y
Female,No,3+,Graduate,2292507,951577,710214,360,1,Rural,Y
Female,No,0,Not Graduate,1778139,4241037,721971,180,1,Rural,Y
Male,No,0,Graduate,698550,2825619,2031709,240,0,Urban,N
Male,Yes,0,Graduate,3620103,1976475,142932,180,0,Urban,N
Female,Yes,2,Not Graduate,534385,2380701,4809677,180,1,Rural,Y
Male,No,2,Graduate,1977053,4487703,3059544,120,1,Urban,Y
Male,Yes,0,Graduate,4380189,1840118,2079514,240,1,Urban,Y
Female,No,1,Graduate,2794899,1661757,3137040,240,1,Rural,Y
Male,Yes,0,Graduate,68452,1027736,4182658,180,1,Urban,N
Male,Yes,3+,Graduate,2437246,3692929,1364144,240,1,Semiurban,N
Female,Yes,3+,Graduate,2599177,791506,3416033,360,0,Urban,N
Female,Yes,3+,Graduate,978562,3234185,2941247,240,1,Rural,Y
Male,No,0,Not Graduate,3732977,1224733,4113941,240,1,Rural,N
Male,Yes,0,Not Graduate,569864,1400226,2832515,120,1,Semiurban,Y
Female,No,0,Not Graduate,4167317,3375258,4223848,360,0,Rural,N
Female,No,1,Not Graduate,1209707,2031393,644359,120,0,Rural,N
Male,Yes,3+,Graduate,3156890,1334486,3736861,120,1,Rural,Y
Female,Yes,3+,Not Graduate,3222853,637673,1839696,240,1,Urban,Y
Female,Yes,3+,Graduate,1024704,4864391,3182319,360,1,Urban,Y
Female,Yes,1,Not Graduate,922094,1549343,4073339,120,0,Semiurban,N
Male,No,1,Graduate,637793,3958957,2289397,120,1,Semiurban,Y
Male,No,0,Not Graduate,4112235,4539705,4612874,180,1,Semiurban,Y
Female,No,0,Not Graduate,4635495,2405330,4227495,240,1,Rural,Y
Female,Yes,2,Graduate,799735,4303923,4651903,360,0,Urban,N
Female,No,0,Graduate,4988606,724056,620157,240,1,Rural,Y
Male,Yes,1,Not Graduate,4730186,608008,4942845,120,1,Rural,Y
Male,No,3+,Not Graduate,2389990,511713,3336256,180,1,Urban,Y
Female,No,3+,Not Graduate,4607511,1071307,135758,180,1,Rural,Y
Male,No,2,Graduate,1490694,4056667,3781832,360,1,Semiurban,Y
Male,No,0,Graduate,3987900,4079899,4059175,240,0,Semiurban,N
Female,Yes,2,Graduate,127245,1714116,3425344,120,1,Semiurban,N
Male,No,0,Not Graduate,189507,3997406,4999555,360,0,Urban,N
Male,No,2,Graduate,2026058,2530347,2053890,180,1,Semiurban,Y
Male,Yes,1,Graduate,4058643,514122,777775,240,0,Urban,N
Female,Yes,2,Graduate,3776185,4636392,4187048,360,0,Urban,N
Female,No,1,Not Graduate,881880,2898936,1994373,180,1,Semiurban,Y
Male,Yes,2,Graduate,4127064,3290349,2139651,240,1,Rural,N
Female,No,2,Not Graduate,1324159,714195,4945597,120,0,Urban,N
Male,Yes,1,Graduate,2130208,4015873,4169776,240,0,Urban,N
Female,Yes,1,Not Graduate,575489,4445771,4881034,180,1,Urban,Y
Male,No,3+,Not Graduate,839128,799611,2161216,360,1,Semiurban,Y
Male,No,3+,Not Graduate,3273420,3775592,1641327,240,0,Rural,N
Female,No,3+,Graduate,3669766,3840176,255448,180,0,Rural,N
Male,No,3+,Not Graduate,4723891,1824511,720741,360,1,Urban,Y
Female,Yes,3+,Not Graduate,168159,2483894,604247,240,1,Urban,Y
Female,Yes,2,Graduate,4813917,48330,3252086,360,0,Semiurban,N
Female,Yes,2,Not Graduate,4892394,1730674,3846432,360,1,Semiurban,Y
Male,Yes,0,Not Graduate,4569298,3619890,2885209,120,1,Rural,Y
Male,Yes,1,Not Graduate,3575615,4736513,2581608,240,1,Urban,Y
Male,No,3+,Graduate,2018765,1074928,4714831,360,1,Rural,Y
Female,No,1,Not Graduate,1606419,271826,3678423,240,1,Rural,Y
Female,Yes,3+,Graduate,831719,3422902,1933838,240,1,Rural,Y
Male,Yes,3+,Graduate,4028554,4978881,348597,240,1,Rural,Y
Male,No,1,Not Graduate,1331230,2168627,79949,180,1,Semiurban,Y
Male,No,3+,Not Graduate,2408747,2221327,1742388,360,1,Urban,Y
Male,No,2,Not Graduate,4936942,3111527,3221726,360,1,Urban,Y
Female,Yes,1,Not Graduate,4042834,3919386,239527,180,1,Rural,Y
Female,Yes,2,Not Graduate,2184221,4695073,2758147,120,1,Rural,Y
Female,No,2,Not Graduate,4848493,3713843,2522380,360,1,Semiurban,Y
Male,No,3+,Graduate,1985743,3370383,4485482,120,1,Rural,Y
Female,No,1,Not Graduate,1597759,1902783,1293321,240,1,Semiurban,Y
Female,Yes,0,Not Graduate,4265491,3104599,4601689,240,1,Rural,Y
Male,No,3+,Graduate,1109740,2948593,601157,360,0,Rural,N
Male,Yes,3+,Graduate,94676,4819238,2628965,360,1,Urban,Y
Male,Yes,3+,Graduate,4027142,1631263,2658063,240,0,Urban,N
Male,Yes,1,Graduate,1789587,4981629,3030018,240,1,Rural,N
Male,No,0,Not Graduate,3534154,2875226,424301,120,1,Rural,Y
Female,Yes,0,Not Graduate,4111190,1285923,1892328,180,1,Semiurban,Y
Male,Yes,2,Graduate,1325539,3954728,2801999,180,1,Urban,Y
Male,No,0,Graduate,609503,2226009,2039678,240,1,Urban,Y
Female,Yes,2,Not Graduate,4060511,1386048,3562205,120,1,Semiurban,Y
Female,No,3+,Not Graduate,3020541,354500,2969642,360,1,Urban,Y
Female,Yes,3+,Not Graduate,2694367,4210544,1865537,240,1,Rural,Y
Female,Yes,0,Not Graduate,2463948,3920040,4558922,360,1,Semiurban,Y
Female,Yes,1,Graduate,2737063,3020363,1930677,240,1,Semiurban,Y
Male,No,2,Graduate,4694704,4184552,3473225,180,1,Semiurban,Y
Female,Yes,0,Graduate,2219869,3953589,3942151,120,1,Semiurban,Y
Male,Yes,3+,Graduate,69082,98307,3097750,120,1,Urban,N
Female,Yes,0,Not Graduate,4287003,3064987,1123743,240,1,Semiurban,Y
Male,No,3+,Graduate,4077974,2086003,4776987,120,0,Rural,N
Male,No,2,Graduate,3615273,2458353,3896501,240,1,Urban,Y
Male,Yes,1,Graduate,4927886,1044137,3188015,180,1,Urban,Y
Female,No,0,Not Graduate,2793653,3918656,1158696,180,1,Rural,Y
Female,No,1,Graduate,2184143,4789948,154647,240,1,Semiurban,Y
Female,Yes,0,Not Graduate,1588082,3858734,543019,240,1,Urban,Y
Female,No,0,Not Graduate,3129162,2158358,579386,120,0,Semiurban,N
Male,Yes,2,Graduate,4641654,2832876,4475488,240,1,Semiurban,Y
Male,Yes,3+,Graduate,3828971,4986180,3045686,180,1,Semiurban,Y
Male,Yes,0,Graduate,3124365,2162094,4276408,180,1,Urban,Y
Male,No,2,Not Graduate,824853,4592098,1764963,240,1,Rural,Y
Male,No,1,Not Graduate,3270003,4482705,4661850,240,1,Semiurban,Y
Female,No,2,Graduate,2435642,4808010,3419288,240,1,Urban,Y
Female,No,2,Not Graduate,3221903,3234523,2063871,180,1,Rural,N
Female,No,2,Not Graduate,4953907,1390237,3291580,120,0,Rural,N
Male,Yes,1,Not Graduate,3382672,2654111,244033,360,1,Semiurban,Y
Male,Yes,2,Graduate,2546699,1473362,4573290,120,0,Semiurban,N
Male,Yes,1,Graduate,15564,1741578,4334159,360,0,Semiurban,N
Female,Yes,1,Not Graduate,3071987,748250,3359674,360,1,Urban,Y
Male,No,2,Graduate,2270756,3064445,729938,240,1,Semiurban,Y
Female,No,2,Graduate,2912666,2160647,489396,180,1,Urban,Y
Female,Yes,3+,Not Graduate,3830957,1101860,1599867,120,1,Semiurban,Y
Male,No,0,Not Graduate,4647086,1848246,254935,240,0,Semiurban,N
Male,Yes,0,Not Graduate,4623291,1445715,2067591,240,1,Urban,Y
Male,No,0,Graduate,953102,4080592,4141361,240,1,Semiurban,Y
Female,Yes,1,Not Graduate,4932483,2365862,1462906,360,1,Semiurban,Y
Male,Yes,0,Not Graduate,3959181,4982228,2315899,180,1,Urban,Y
Male,Yes,2,Graduate,1717722,4597929,3076322,120,1,Semiurban,Y
Female,Yes,1,Graduate,1468336,4685352,4587239,120,1,Semiurban,Y
Female,No,2,Graduate,1714685,883461,3349659,180,1,Semiurban,Y
Male,No,2,Graduate,4474177,799928,3688702,240,1,Rural,Y
Male,Yes,3+,Graduate,2068551,4224976,2131825,180,1,Semiurban,Y
Male,No,3+,Not Graduate,4987726,1728707,2833236,360,1,Urban,Y
Male,Yes,3+,Graduate,300874,865185,3613810,120,1,Rural,Y
Male,Yes,3+,Graduate,2996797,745871,2240115,360,0,Rural,N
Male,No,1,Graduate,4254118,2361032,2229092,180,1,Rural,Y
Female,Yes,3+,Not Graduate,3710189,319362,4596076,120,1,Semiurban,Y
Male,Yes,0,Not Graduate,1200913,1890285,4499809,120,1,Rural,Y
Female,Yes,0,Not Graduate,534463,1403244,3386497,360,1,Semiurban,Y
Male,Yes,3+,Not Graduate,2393899,2522469,3302162,240,1,Rural,Y
Female,No,2,Not Graduate,1000709,2431235,602446,120,0,Rural,N
Female,No,2,Not Graduate,4880432,2000065,1473236,360,0,Urban,N
Male,Yes,3+,Not Graduate,1777846,1075942,3342314,120,1,Urban,Y
Female,Yes,1,Graduate,4662405,377761,2968097,240,1,Rural,Y
Male,No,3+,Not Graduate,1002975,1306204,4733029,360,1,Urban,Y
Female,Yes,3+,Graduate,3287476,4305688,1705233,240,1,Urban,Y
Female,No,0,Graduate,432113,4752270,636165,360,1,Rural,Y
Female,No,1,Not Graduate,796207,1157258,279905,360,1,Semiurban,Y
Female,No,2,Graduate,1392319,1239937,3325681,240,0,Urban,N
Female,No,0,Graduate,934080,566492,3260020,240,1,Semiurban,N
Male,No,0,Not Graduate,2134020,4376525,2516358,360,1,Semiurban,Y
Male,Yes,1,Not Graduate,4473300,636524,3812758,180,0,Urban,N
Male,Yes,3+,Not Graduate,4525233,1722374,3000280,240,1,Urban,Y
Female,No,0,Not Graduate,531429,2855967,4790854,360,1,Semiurban,Y
Male,No,1,Not Graduate,1408039,3490645,1431983,180,1,Urban,Y
Female,No,0,Not Graduate,3469827,1239003,2790560,360,1,Semiurban,Y
Female,No,1,Not Graduate,2656344,2148009,889022,120,0,Urban,N
Male,No,3+,Not Graduate,4932706,208432,4658134,180,1,Semiurban,Y
Male,No,0,Not Graduate,2465754,3800821,1649368,240,0,Rural,N
Female,No,1,Graduate,438234,1536095,4860234,120,0,Urban,N
Female,Yes,3+,Graduate,835988,4331052,314154,240,1,Semiurban,Y
Female,Yes,3+,Not Graduate,3707371,3218803,4648852,360,1,Urban,Y
Male,No,0,Not Graduate,625622,2166242,4650440,180,1,Semiurban,Y
Male,No,2,Graduate,1335864,2667583,825153,120,1,Rural,Y
Female,Yes,1,Not Graduate,155025,1064406,4763955,360,1,Semiurban,N
Male,Yes,1,Graduate,4853476,2146044,3355921,240,1,Urban,Y
Female,Yes,0,Graduate,1552823,1883892,2098715,360,1,Semiurban,Y
Male,Yes,2,Graduate,1061028,2158182,887563,180,1,Rural,Y
Female,Yes,2,Graduate,4667717,3493156,258653,180,1,Urban,Y
Female,No,0,Graduate,116327,688984,3038207,360,0,Urban,N
Male,Yes,2,Graduate,4064127,2199994,2571226,240,0,Urban,N
Male,No,2,Graduate,599498,119224,4078952,240,0,Rural,N
Male,No,2,Not Graduate,3486127,4310852,4267453,120,1,Semiurban,Y
Male,No,3+,Graduate,4955747,4421745,3180303,180,1,Urban,Y
Female,Yes,0,Graduate,4137078,1501496,4215367,360,0,Semiurban,N
Male,No,2,Not Graduate,814856,706329,1556899,360,1,Semiurban,Y
Male,Yes,2,Graduate,2764981,3959390,1056358,240,1,Urban,Y
Male,Yes,1,Graduate,2565160,3229263,1475672,360,1,Urban,Y
Male,Yes,0,Not Graduate,2066426,2768084,1622730,240,1,Semiurban,N
Female,Yes,2,Graduate,4418214,4405632,1839866,360,1,Rural,Y
Female,Yes,1,Not Graduate,4020862,3682527,3039584,180,1,Semiurban,Y
Female,No,0,Not Graduate,1943919,775799,1723534,120,1,Urban,Y
Female,Yes,2,Not Graduate,3083245,3667855,2556130,120,1,Urban,Y
Male,No,0,Graduate,2498037,2677089,3045249,360,1,Urban,N
Female,No,2,Not Graduate,2606742,4603705,4300898,240,0,Rural,N
Female,Yes,3+,Graduate,4775098,1914087,4916774,360,0,Urban,N
Male,No,1,Graduate,2147409,361546,3245651,240,0,Rural,N
Female,Yes,2,Not Graduate,2530110,3391018,3014766,120,1,Semiurban,Y
Male,No,0,Not Graduate,2647849,3624009,2249809,360,1,Urban,Y
Male,Yes,2,Graduate,2127867,1271734,4361125,180,1,Rural,Y
Male,Yes,1,Graduate,4868573,58465,1855092,360,0,Semiurban,N
Female,No,3+,Not Graduate,9512,2718623,4306180,120,1,Semiurban,N
Female,No,3+,Not Graduate,4127769,1676184,3728667,180,1,Rural,Y
Female,No,0,Not Graduate,4572848,3605615,1617813,120,1,Semiurban,Y
Female,No,1,Not Graduate,4024889,4054403,2692250,180,1,Urban,Y
Female,Yes,0,Graduate,2236649,3760867,3443648,360,1,Semiurban,N
Male,No,1,Not Graduate,1780761,1464235,4759817,360,1,Rural,Y
Female,Yes,2,Not Graduate,2102294,98239,3947635,360,1,Semiurban,Y
Female,No,3+,Not Graduate,408949,3846805,3847120,240,0,Semiurban,N
Male,No,0,Graduate,4208252,1334801,424317,120,1,Rural,Y
Male,Yes,0,Graduate,3494912,2383470,178089,360,1,Rural,Y
Male,No,3+,Not Graduate,4330505,3630473,3754575,180,0,Rural,N
Female,No,3+,Graduate,2461186,3477055,1489409,180,0,Urban,N
Male,No,2,Not Graduate,3860162,976773,4044899,360,1,Rural,Y
Female,Yes,2,Graduate,2591590,3778566,3308580,120,0,Rural,N
Male,No,2,Not Graduate,3398869,4065333,451990,120,0,Semiurban,N
Female,No,0,Graduate,2743210,2357247,1002492,240,1,Rural,Y
Female,No,3+,Not Graduate,900781,307188,3314057,240,1,Rural,Y
Male,No,3+,Graduate,1586782,4057667,3033512,180,0,Semiurban,N
Male,No,2,Not Graduate,4237401,1103591,1203634,180,1,Urban,Y
Female,No,1,Graduate,1443768,156290,3178298,120,1,Semiurban,Y
Female,No,1,Graduate,4709575,1952817,781236,120,1,Urban,Y
Female,Yes,1,Not Graduate,1118846,55710,363191,180,1,Urban,Y
Male,No,1,Not Graduate,1108166,3584343,3157594,360,1,Semiurban,Y
Female,No,1,Not Graduate,1806629,19698,4977081,240,1,Rural,Y
Male,No,0,Not Graduate,4466898,2715136,313724,120,1,Rural,Y
Female,Yes,2,Not Graduate,783234,2339471,3090928,120,1,Semiurban,Y
Male,No,2,Graduate,2235800,113807,1170827,240,1,Urban,Y
Male,Yes,1,Graduate,3950270,4392741,1859315,240,1,Rural,Y
Female,No,1,Not Graduate,1069577,340035,1164574,180,1,Semiurban,Y
Female,No,3+,Graduate,1305568,4327125,997697,180,1,Semiurban,Y
Female,Yes,2,Graduate,2838839,187961,1849198,180,1,Semiurban,Y
Female,Yes,1,Graduate,4528666,2957149,4356272,240,1,Rural,Y
Male,Yes,2,Not Graduate,1391188,2324097,3219475,120,1,Rural,Y
Female,No,2,Not Graduate,3872523,3012145,4406120,120,1,Urban,Y
Male,Yes,3+,Graduate,2506714,2841189,1178298,360,1,Semiurban,Y
Female,No,2,Not Graduate,4949087,443945,2818222,240,1,Semiurban,Y
Male,Yes,3+,Graduate,2671019,196484,739380,240,1,Rural,Y
Male,No,2,Not Graduate,4401408,2855591,3314218,180,1,Urban,Y
Male,Yes,0,Graduate,303412,210191,626171,360,1,Urban,Y
Female,No,1,Not Graduate,1980615,3271018,3921049,240,1,Urban,Y
Female,No,3+,Graduate,2115064,3840841,434855,240,1,Rural,Y
Male,No,1,Graduate,2273160,3839050,902775,240,1,Urban,Y
Male,No,2,Graduate,2976246,4645267,4418160,120,1,Rural,Y
Male,Yes,1,Graduate,4391241,1221881,2515898,120,1,Semiurban,N
Female,No,3+,Graduate,43516,4028376,3613676,360,1,Semiurban,N
Female,Yes,0,Not Graduate,4518196,3800338,3723201,180,1,Rural,Y
Female,Yes,2,Graduate,614681,4731743,416386,180,1,Urban,Y
Male,Yes,1,Not Graduate,2125758,4120217,4831705,240,1,Semiurban,N
Male,Yes,0,Not Graduate,1021076,773918,3136565,180,1,Urban,Y
Male,Yes,3+,Not Graduate,4341887,442439,1085231,120,1,Semiurban,Y
Male,No,1,Not Graduate,3673755,996274,197368,360,0,Semiurban,N
Male,Yes,3+,Not Graduate,2762274,4893538,4194781,240,1,Semiurban,Y
Female,Yes,2,Not Graduate,2845069,4232291,239413,360,1,Urban,Y
Female,Yes,0,Not Graduate,1946353,1905398,3566067,360,1,Rural,Y
Male,No,3+,Graduate,2134027,3399959,658074,240,1,Semiurban,Y
Female,Yes,0,Not Graduate,2702322,2664927,1241868,360,1,Semiurban,Y
Male,Yes,1,Graduate,3430033,1651202,2639131,360,1,Urban,Y
Male,No,1,Graduate,2643617,85485,3424920,180,0,Rural,N
Female,No,0,Graduate,1155469,2256399,3967888,180,0,Semiurban,N
Female,No,2,Graduate,1125769,2580157,4993093,120,1,Rural,Y
Female,No,2,Not Graduate,3930070,4418097,700908,120,1,Urban,Y
Male,No,3+,Graduate,4192033,798586,3908044,240,0,Urban,N
Female,Yes,3+,Not Graduate,913237,4738979,2228212,240,1,Rural,Y
Male,No,3+,Not Graduate,1985009,3423547,1701864,360,1,Rural,N
Male,No,1,Not Graduate,2841499,153221,2982660,240,1,Rural,Y
Male,No,0,Not Graduate,423494,668925,3761582,120,1,Rural,Y
Female,Yes,3+,Graduate,1955981,4347820,963860,180,1,Rural,Y
Male,No,2,Not Graduate,1324947,531875,4066232,180,1,Urban,Y
Male,No,3+,Graduate,2655176,3521741,408592,120,1,Urban,Y
Female,Yes,1,Not Graduate,4277904,33299,2345745,120,1,Urban,Y
Male,No,0,Not Graduate,130936,2100811,4902451,240,1,Rural,N
Male,Yes,0,Graduate,642813,300019,3522104,360,1,Rural,Y
Female,No,2,Not Graduate,461865,389331,3160018,120,1,Semiurban,Y
Male,No,3+,Not Graduate,1048620,4791089,1832610,120,1,Urban,Y
Male,No,0,Graduate,3413674,3533145,2177526,240,0,Semiurban,N
Male,No,1,Graduate,4537729,4565811,3682290,360,1,Semiurban,Y
Male,No,0,Not Graduate,137539,1948531,2918114,180,1,Urban,N
Male,No,0,Graduate,2121410,2426425,1935911,240,1,Rural,N
Female,No,0,Graduate,2445161,3915440,4444140,240,1,Urban,Y
Male,No,0,Graduate,12457,127375,3540500,180,1,Rural,N
Male,Yes,1,Not Graduate,1117701,3812705,1938859,180,0,Semiurban,N
Male,Yes,3+,Not Graduate,2655089,4680545,4177613,120,1,Semiurban,Y
Female,Yes,1,Not Graduate,4861287,1706450,808458,180,1,Rural,Y
Male,No,0,Graduate,586198,1951507,4111109,360,1,Semiurban,N
Female,Yes,2,Graduate,3497819,3906092,875305,120,1,Semiurban,Y
Female,No,1,Not Graduate,1765707,4514150,3549301,360,1,Rural,N
Male,No,3+,Not Graduate,3688394,954118,4154841,180,1,Rural,Y
Female,Yes,0,Graduate,4130890,3036671,4616035,360,1,Urban,N
Female,Yes,2,Not Graduate,3208636,3197600,3809941,120,1,Semiurban,Y
Male,No,2,Graduate,182982,2062382,2488463,240,1,Semiurban,N
Male,No,1,Not Graduate,2182793,461273,3163288,360,1,Rural,Y
Male,No,3+,Graduate,1776805,4130282,4823141,240,1,Urban,Y
Male,No,1,Not Graduate,886858,2628515,3683202,360,1,Rural,Y
Male,Yes,0,Not Graduate,493906,3033063,4178469,120,0,Rural,N
Female,Yes,3+,Not Graduate,3037599,241181,4393358,120,0,Urban,N
Male,Yes,2,Graduate,263869,1912450,1548300,120,1,Semiurban,N
Male,No,2,Graduate,3692189,4867102,2466196,120,0,Urban,N
Male,No,2,Graduate,3712651,1155642,3047927,180,1,Rural,Y
Female,Yes,1,Not Graduate,4256719,1355753,3531595,180,1,Urban,Y
Female,Yes,1,Graduate,4929905,1192698,3248483,180,1,Urban,Y
Female,No,1,Not Graduate,3736529,2983343,3096011,240,1,Urban,N
Male,No,2,Not Graduate,4263411,3213306,3164582,180,1,Semiurban,Y
Male,No,3+,Graduate,2430827,1220215,4429814,120,0,Urban,N
Female,No,0,Graduate,3188856,1860788,1863282,180,0,Urban,N
Male,No,0,Graduate,1402218,4607459,4436759,240,1,Semiurban,Y
Female,Yes,3+,Not Graduate,2057567,989535,683432,180,1,Rural,Y
Female,No,1,Not Graduate,2246060,3671073,2839525,180,1,Semiurban,Y
Female,Yes,0,Not Graduate,434386,1167033,4665263,180,1,Rural,Y
Female,Yes,3+,Graduate,4983910,99845,3623297,240,1,Rural,Y
Male,No,1,Graduate,3243889,1192437,3592848,120,0,Rural,N
Male,Yes,3+,Graduate,3649350,1942157,4784292,360,1,Semiurban,Y
Female,No,1,Not Graduate,4528767,2967115,3238313,180,0,Urban,N
Female,Yes,3+,Graduate,1868191,125439,3071784,180,0,Rural,N
Female,No,1,Not Graduate,3187269,2476522,3972432,120,1,Urban,Y
Female,No,0,Not Graduate,1342778,2040754,1866560,240,1,Semiurban,Y
Male,Yes,0,Graduate,2941156,2827114,460660,120,1,Semiurban,Y
Male,No,1,Graduate,3423761,1589714,3834924,240,1,Rural,Y
Female,Yes,0,Not Graduate,2952291,2467644,1649882,240,1,Rural,Y
Male,Yes,1,Not Graduate,3266511,2417051,1558473,240,0,Semiurban,N
Female,No,3+,Graduate,3655370,2756906,1796975,120,0,Urban,N
Male,No,0,Not Graduate,4342883,1812203,1034948,360,1,Rural,Y
Male,No,1,Not Graduate,3943933,2816452,833225,360,1,Rural,Y
Female,No,3+,Not Graduate,4391783,3115417,1998809,120,1,Semiurban,Y
Male,No,1,Graduate,4727255,3237081,4519948,180,1,Rural,Y
Male,No,3+,Not Graduate,1871442,81382,126693,240,1,Semiurban,Y
Male,Yes,1,Not Graduate,3406509,4557316,2333466,120,1,Urban,Y
Female,Yes,1,Not Graduate,798877,4922302,2108423,240,0,Rural,N
Female,Yes,3+,Graduate,2131086,3389673,2053098,180,0,Semiurban,N
Female,No,0,Graduate,1726976,3147313,3454064,120,1,Semiurban,Y
Male,No,0,Graduate,975001,603151,2392133,180,1,Semiurban,Y
Male,Yes,0,Graduate,191201,2720414,2002631,180,1,Semiurban,N
Male,No,1,Not Graduate,4941452,1452803,3748347,240,1,Semiurban,Y
Female,Yes,0,Graduate,456685,3883833,1697409,180,1,Rural,Y
Male,No,0,Graduate,4540600,4412906,3146765,180,1,Urban,Y
Male,No,1,Graduate,4755986,4915462,4570669,240,1,Semiurban,Y
Male,Yes,2,Not Graduate,3940743,2117159,3117812,240,1,Semiurban,Y
Male,No,1,Graduate,1369838,1587814,2038576,240,1,Urban,Y
Female,No,3+,Graduate,4911236,2081208,1575855,180,1,Urban,Y
Male,Yes,1,Graduate,1782914,1330795,2432378,240,0,Urban,N
Male,Yes,1,Not Graduate,762252,465877,850781,240,1,Urban,Y
Male,Yes,1,Graduate,2029351,1204749,4853150,360,1,Rural,Y
Female,Yes,3+,Not Graduate,989307,1731391,4264964,120,1,Semiurban,Y
Female,No,0,Not Graduate,4168115,4649870,3133847,360,1,Semiurban,Y
Female,No,0,Not Graduate,3648481,4589889,936888,360,1,Rural,Y
Female,No,2,Not Graduate,4695539,1355039,2576350,240,1,Rural,Y
Male,Yes,0,Graduate,4677647,4694007,3053816,360,1,Urban,Y
Female,No,1,Graduate,1684509,3167511,1411047,240,1,Semiurban,N
Male,No,0,Not Graduate,912031,2178770,898977,120,1,Rural,Y
Female,No,1,Graduate,4762652,2906933,3313503,360,0,Rural,N
Female,No,1,Not Graduate,1369237,4420877,813791,120,0,Rural,N
Female,No,3+,Graduate,1352971,60289,2520379,120,1,Urban,Y
Male,Yes,3+,Not Graduate,3055696,3620609,4478830,120,1,Rural,Y
Male,Yes,3+,Not Graduate,2757124,4438274,814032,360,0,Urban,N
Male,No,3+,Graduate,1154035,4510214,1286979,360,1,Semiurban,Y
Male,Yes,1,Not Graduate,1039234,4159834,4303813,240,1,Urban,Y
Male,Yes,1,Graduate,2538809,4832296,3100343,180,1,Semiurban,Y
Female,No,1,Graduate,4424155,3435238,3234611,360,1,Urban,Y
Female,Yes,1,Graduate,4223691,1342415,1829841,240,1,Semiurban,Y
Male,Yes,1,Graduate,2730474,4538171,13021,120,1,Semiurban,Y
Female,Yes,0,Not Graduate,170816,4244791,2357115,360,1,Semiurban,Y
Male,Yes,2,Graduate,1916454,3270375,886141,240,1,Semiurban,N
Female,No,0,Not Graduate,4124046,1907530,2759470,240,1,Urban,Y
Male,No,3+,Not Graduate,2812016,548014,780666,180,1,Rural,Y
Female,Yes,3+,Not Graduate,3504543,1843242,739816,120,1,Urban,Y
Female,Yes,3+,Not Graduate,2781768,4117565,1310642,360,0,Rural,N
Male,No,3+,Graduate,3832157,4849539,3342347,120,0,Semiurban,N
Male,Yes,1,Graduate,1074698,2818493,259090,360,1,Rural,Y
Male,Yes,1,Graduate,1797043,1842426,4481268,120,0,Rural,N
Male,Yes,2,Graduate,3431767,3655237,3109441,180,1,Rural,Y
Male,No,3+,Graduate,1455982,4779569,549729,120,1,Semiurban,Y
Female,Yes,0,Graduate,1567009,3994264,3618548,120,1,Rural,Y
Female,Yes,1,Not Graduate,1398081,4753154,3630917,240,1,Urban,Y
Female,Yes,3+,Graduate,1280438,3901943,994163,120,1,Semiurban,Y
Male,No,2,Not Graduate,4088182,736212,185570,240,1,Urban,Y
Male,Yes,0,Graduate,4127696,4214745,3419282,120,1,Urban,Y
Male,No,1,Graduate,2761378,408058,222192,120,1,Urban,Y
Male,No,3+,Not Graduate,2405210,275222,3118161,360,0,Semiurban,N
Male,No,3+,Not Graduate,4282799,1052917,3567097,180,1,Semiurban,Y
Male,Yes,2,Graduate,143012,2116057,905809,240,1,Urban,Y
Male,No,3+,Graduate,1126046,567213,552165,240,1,Rural,Y
Female,Yes,2,Graduate,2633504,2468819,418586,240,1,Semiurban,N
Female,No,2,Graduate,3774650,4555181,3039834,360,1,Rural,Y
Female,No,0,Graduate,1269248,3507591,2427891,240,1,Urban,Y
Female,No,1,Graduate,2827366,3463392,2976389,360,0,Rural,N
Male,No,1,Not Graduate,3937580,1854815,4912776,240,1,Rural,Y
Male,No,3+,Graduate,67673,4020415,4732044,180,0,Semiurban,N
Female,Yes,2,Not Graduate,3048225,1461621,3349981,360,1,Semiurban,Y
Female,No,1,Not Graduate,4165013,782670,3075534,120,1,Urban,Y
Male,Yes,2,Not Graduate,4175365,816962,1472162,120,1,Rural,Y
Male,Yes,0,Graduate,2613205,540472,282598,240,1,Semiurban,Y
Female,Yes,1,Not Graduate,3248894,2037466,453218,240,1,Urban,Y
Female,No,2,Not Graduate,3292525,2756586,2680353,120,0,Rural,N
Male,No,0,Graduate,2068440,28870,4761944,180,1,Semiurban,Y
Male,Yes,2,Not Graduate,3372553,3101284,256019,120,1,Urban,Y
Female,Yes,1,Graduate,202157,2399007,4201335,360,0,Urban,N
Female,Yes,1,Not Graduate,4128117,3981779,1755223,240,1,Semiurban,Y
Female,No,3+,Graduate,2949392,4277308,3986526,120,1,Urban,Y
Male,Yes,0,Graduate,1393275,351357,2907199,240,1,Semiurban,Y
Female,Yes,3+,Graduate,268300,3190508,713175,240,0,Urban,N
Female,Yes,1,Not Graduate,4129693,1503151,1756832,240,1,Semiurban,Y
Female,Yes,1,Not Graduate,2811360,1433166,1840224,180,1,Rural,N
Male,No,0,Graduate,4292225,3233151,1112403,120,1,Rural,Y
Male,Yes,0,Graduate,3878495,4446232,2267662,240,1,Semiurban,Y
Female,Yes,2,Not Graduate,2154191,107180,2092674,240,1,Semiurban,Y
Male,Yes,0,Not Graduate,796236,4238660,4421364,180,1,Semiurban,Y
Male,No,1,Not Graduate,3448297,3129985,4096425,180,1,Rural,Y
Male,Yes,1,Not Graduate,588199,3604708,1859668,360,1,Rural,Y
Female,Yes,0,Graduate,3556137,1802452,804991,360,1,Rural,Y
Female,Yes,1,Graduate,3837327,1474103,3649590,180,1,Rural,Y
Male,No,0,Not Graduate,3826471,4199854,1646970,240,1,Semiurban,N
Male,No,1,Graduate,3602127,3273120,869051,360,1,Urban,N
Female,Yes,3+,Not Graduate,1058221,4544073,1284395,180,0,Semiurban,N
Female,Yes,3+,Graduate,2224603,1636043,3081656,360,1,Semiurban,Y
Female,No,2,Graduate,2148691,4768009,1668403,120,1,Rural,Y
Female,Yes,1,Graduate,2432291,1883328,4931219,360,0,Rural,N
Female,Yes,1,Graduate,3801667,2951322,3639487,240,1,Rural,Y
Female,No,3+,Not Graduate,4176713,2741201,2795136,240,0,Semiurban,N
Male,No,2,Graduate,4412619,4514446,3081572,240,1,Semiurban,Y
Male,No,1,Graduate,368906,360010,3877248,180,0,Urban,N
Male,No,3+,Graduate,3736068,3030668,2745236,360,1,Rural,Y
Female,No,3+,Graduate,482037,1227827,3539929,120,1,Urban,Y
Male,No,1,Not Graduate,907144,4979876,4455085,240,0,Urban,N
Female,No,0,Graduate,3653932,460998,4993893,180,1,Rural,Y
Male,Yes,1,Not Graduate,520936,3348684,3886544,360,1,Rural,Y
Female,No,0,Not Graduate,963708,3046368,829349,360,1,Urban,Y
Female,Yes,1,Graduate,3098119,1641589,4820725,360,1,Semiurban,Y
Female,Yes,2,Graduate,2645848,4896068,525364,180,1,Rural,Y
Female,No,3+,Graduate,3682858,3178709,4360242,180,1,Urban,Y
Female,No,3+,Graduate,2137654,3417349,1447721,180,1,Rural,N
Female,Yes,1,Not Graduate,2859953,908978,1052397,120,1,Urban,Y
Male,No,3+,Graduate,790743,221825,325896,120,1,Semiurban,Y
Male,Yes,2,Not Graduate,2031329,3478545,70245,120,1,Rural,Y
Male,No,0,Graduate,2223464,1297509,1995061,120,0,Semiurban,N
Female,No,0,Not Graduate,2182252,1060885,2119297,120,1,Semiurban,Y
Female,No,1,Graduate,2252813,2689889,3333500,240,1,Rural,Y
Female,Yes,0,Graduate,2243756,2178517,928080,180,1,Semiurban,Y
Female,Yes,3+,Not Graduate,147039,4563406,1193008,360,1,Rural,Y
Male,No,2,Graduate,2841189,3519919,3579433,120,1,Urban,Y
Female,Yes,1,Graduate,2947992,2865012,4389602,240,1,Rural,Y
Female,Yes,0,Not Graduate,1827846,4697346,394783,360,1,Semiurban,N
Male,Yes,0,Graduate,3425798,2363580,2761024,120,0,Urban,N
Male,No,0,Graduate,4040598,4383800,2563898,180,1,Semiurban,Y
Female,No,0,Not Graduate,4974274,4903416,3296635,120,1,Rural,Y
Female,Yes,2,Not Graduate,4429429,249170,4151834,360,1,Semiurban,Y
Female,No,1,Not Graduate,3001258,679370,2433469,360,1,Semiurban,Y
Female,No,2,Graduate,2425632,61740,3148633,120,1,Semiurban,Y
Female,No,0,Not Graduate,1018864,4665733,4839617,120,1,Urban,Y
Female,Yes,0,Not Graduate,3813709,3745041,390556,180,1,Rural,Y
Female,No,2,Graduate,2356763,4680967,4392678,120,1,Semiurban,Y
Female,No,2,Graduate,3924748,2967929,247864,180,1,Urban,N
Female,Yes,2,Graduate,1227142,4624385,4496550,180,1,Urban,Y
Male,No,1,Not Graduate,2640168,1990670,4171540,360,0,Semiurban,N
Male,No,3+,Graduate,3250450,2493306,3335804,180,1,Rural,Y
Female,Yes,2,Graduate,3639842,4339248,252085,240,1,Rural,Y
Male,Yes,1,Graduate,797618,3623194,174522,240,1,Semiurban,Y
Male,Yes,0,Graduate,1875890,4112712,2602215,180,1,Urban,Y
Female,Yes,0,Graduate,587953,1818665,1022315,240,0,Rural,N
Male,Yes,3+,Graduate,1056177,4469076,937616,120,0,Urban,N
Male,No,2,Graduate,1664798,1758906,1639245,180,1,Rural,Y
Male,Yes,1,Not Graduate,149860,1669523,2627984,180,0,Rural,N
Male,Yes,1,Graduate,2467608,614613,1621967,360,1,Rural,Y
Male,No,3+,Not Graduate,701977,4203751,2719969,240,0,Semiurban,N
Female,Yes,2,Not Graduate,2657486,4091672,1114200,360,1,Urban,Y
Female,No,3+,Graduate,1595428,4833984,4139420,360,0,Urban,N
Male,Yes,0,Not Graduate,3530553,1954701,824097,240,1,Urban,Y
Male,No,0,Not Graduate,2228088,1221672,41784,180,0,Rural,N
Female,Yes,3+,Not Graduate,2597881,3121344,1035001,180,1,Urban,Y
Male,No,1,Not Graduate,531053,3076202,643317,120,0,Urban,N
Female,Yes,2,Not Graduate,2418613,329632,3671936,120,1,Urban,Y
Female,Yes,1,Graduate,3348910,1612420,4609360,240,0,Rural,N
Male,No,1,Graduate,2727421,4379152,3874544,360,1,Urban,Y
Male,No,0,Not Graduate,3091700,422001,2381641,360,1,Semiurban,Y
Male,No,0,Graduate,705414,3093807,2616064,360,1,Urban,Y
Female,Yes,0,Graduate,3827000,3251689,3083724,120,1,Rural,N
Female,Yes,2,Not Graduate,920700,4891565,790904,240,1,Rural,Y
Male,No,1,Graduate,2966132,2406717,2784288,360,1,Urban,Y
Female,No,1,Graduate,1743674,4812458,2320236,240,0,Rural,N
Male,Yes,0,Not Graduate,2017864,3030798,1400181,180,1,Urban,Y
Male,No,2,Graduate,2582017,2413447,4380860,180,0,Rural,N
Female,Yes,0,Not Graduate,2285033,2213381,4067633,120,0,Rural,N
Female,No,3+,Not Graduate,4739207,3276534,4454610,360,1,Rural,Y
Male,No,1,Graduate,4640853,2334293,2627545,180,0,Urban,N
Female,No,0,Graduate,1253782,2837006,263867,180,0,Rural,N
Male,No,0,Graduate,4645899,4616645,2013285,360,1,Rural,Y
Female,Yes,0,Not Graduate,3952930,2774774,1926349,180,1,Urban,Y
Female,No,1,Graduate,1748344,1966609,1133800,240,1,Urban,N
Female,No,3+,Graduate,283697,2007928,3765270,240,1,Urban,N
Female,No,2,Graduate,4932196,2873121,4750208,240,1,Rural,Y
Female,Yes,0,Graduate,1733468,3785289,4802646,120,1,Semiurban,Y
Male,Yes,3+,Graduate,3195014,659512,822862,120,0,Urban,N
Male,No,2,Not Graduate,169061,1154258,4449261,180,0,Semiurban,N
Female,No,3+,Not Graduate,1663716,3027787,4753874,240,1,Semiurban,Y
Female,No,1,Not Graduate,4226925,255833,980212,360,1,Urban,Y
Male,Yes,1,Graduate,3112711,2607304,3619227,360,0,Rural,N
Male,No,0,Graduate,2688507,1143917,3953822,360,1,Rural,Y
Female,No,2,Graduate,1886506,4189450,833920,240,1,Semiurban,Y
Female,Yes,0,Not Graduate,3266652,2858524,1876842,240,1,Semiurban,Y
Male,No,2,Not Graduate,3609837,1458756,1729612,360,1,Semiurban,Y
Male,No,0,Graduate,2346502,427963,548151,180,1,Urban,Y
Female,No,1,Not Graduate,380649,298334,2341467,120,1,Semiurban,Y
Female,No,3+,Not Graduate,456935,4573758,4236387,180,1,Rural,Y
Male,Yes,3+,Not Graduate,2685900,397553,4477505,360,1,Semiurban,Y
Male,Yes,1,Not Graduate,4668318,3353961,4152768,360,1,Urban,Y
Female,No,2,Graduate,4158252,802093,856995,240,0,Rural,N
Male,Yes,1,Not Graduate,3791619,27634,1031093,180,1,Semiurban,Y
Male,No,0,Not Graduate,529825,4988253,1189635,360,0,Rural,N
Female,No,1,Graduate,4090275,3777793,1645573,360,1,Rural,Y
Male,Yes,2,Not Graduate,2883260,2095216,2227123,120,1,Rural,N
Female,Yes,0,Graduate,3570329,3698124,2154088,180,0,Semiurban,N
Female,No,2,Graduate,4006607,3609786,471408,240,1,Rural,Y
Male,No,1,Graduate,4913329,1558041,3065082,180,1,Urban,Y
Female,Yes,2,Not Graduate,1452037,1655214,1568840,120,0,Urban,N
Female,No,1,Not Graduate,2410598,488476,468759,360,1,Semiurban,Y
Female,No,0,Graduate,1547093,3792140,3674153,180,1,Urban,Y
Female,Yes,1,Graduate,80794,4726305,3023574,240,1,Rural,Y
Male,Yes,0,Not Graduate,734891,2482562,4886723,180,1,Urban,Y
Female,Yes,0,Not Graduate,2359703,4908101,369699,240,1,Rural,N
Male,Yes,3+,Not Graduate,2990376,3772146,4841508,180,1,Semiurban,Y
Male,No,0,Not Graduate,4480849,3519573,2562095,240,1,Semiurban,Y
Male,Yes,0,Graduate,1836579,2645487,500999,120,1,Semiurban,N
Female,No,2,Graduate,2570789,3251220,1706956,360,1,Semiurban,Y
Female,Yes,2,Not Graduate,1169464,2462923,2349610,120,1,Rural,Y
Female,Yes,2,Not Graduate,531608,995377,4908700,240,1,Urban,Y
Male,Yes,2,Not Graduate,3069974,1362970,526104,240,0,Rural,N
Female,Yes,2,Graduate,4133357,2584448,820302,360,0,Rural,N
Female,No,3+,Graduate,3518059,683122,464499,360,1,Urban,Y
Female,No,0,Graduate,3444602,4728014,3132745,120,1,Rural,Y
Female,No,3+,Not Graduate,401599,2396054,4530556,120,1,Rural,Y
Male,Yes,2,Not Graduate,3829423,3530986,2841919,240,1,Semiurban,Y
Female,Yes,0,Graduate,3932000,195833,3857154,360,0,Semiurban,N
Male,No,0,Not Graduate,1455857,2249043,2615600,240,1,Semiurban,Y
Female,Yes,3+,Graduate,1206593,3011789,958570,240,1,Urban,Y
Female,No,2,Not Graduate,793039,4030822,3947206,180,0,Rural,N
Female,No,2,Graduate,929067,4547205,3508658,360,1,Rural,Y
Male,Yes,3+,Not Graduate,2995177,2477865,1101315,120,1,Semiurban,N
Female,No,1,Not Graduate,3029907,3464085,1075187,360,0,Rural,N
Female,Yes,1,Graduate,722800,1543120,3699534,360,0,Urban,N
Female,Yes,3+,Not Graduate,2983890,4234018,2333010,240,1,Urban,Y
Male,No,1,Graduate,3756582,3081965,4482310,360,1,Rural,Y
Male,No,0,Graduate,1883309,1467457,3041973,360,1,Rural,Y
Female,No,3+,Not Graduate,523386,3174832,577718,180,0,Semiurban,N
Female,Yes,0,Graduate,3348450,120969,4053000,240,1,Semiurban,Y
Male,No,3+,Not Graduate,1684034,3854076,2192663,240,1,Rural,Y
Female,No,0,Not Graduate,272659,1869064,1139567,180,1,Semiurban,Y
Male,Yes,1,Not Graduate,2458520,4812276,4332017,360,1,Semiurban,Y
Female,No,0,Not Graduate,912734,4661785,2129857,180,1,Semiurban,Y
Female,Yes,0,Not Graduate,3035733,4949037,3472938,180,1,Semiurban,Y
Female,Yes,2,Not Graduate,1407796,2055069,3527952,240,1,Semiurban,Y
Female,No,2,Graduate,2697087,1588691,110038,240,1,Semiurban,Y
Female,No,3+,Not Graduate,311856,2489593,4169751,120,1,Urban,Y
Female,Yes,1,Not Graduate,785588,2859385,4772501,120,1,Semiurban,Y
Female,No,0,Graduate,4769085,1832859,1044869,240,1,Rural,Y
Male,Yes,0,Not Graduate,2066853,3879395,597925,180,0,Semiurban,N
Female,Yes,1,Graduate,1098668,4377081,2664822,180,1,Urban,Y
Female,Yes,1,Not Graduate,713841,1989650,2941123,360,1,Urban,Y
Female,No,1,Graduate,370125,2672057,4090032,120,1,Rural,Y
Male,No,0,Graduate,4685650,3677520,3963907,240,1,Semiurban,Y
Male,Yes,1,Not Graduate,2622145,541353,2803522,240,1,Rural,Y
Male,No,3+,Not Graduate,4436276,4896139,338825,240,1,Rural,Y
Female,Yes,2,Not Graduate,523636,3565525,833267,180,1,Semiurban,Y
Male,No,0,Not Graduate,3576568,4270418,4895108,180,1,Semiurban,Y
Female,Yes,3+,Graduate,1052733,4706304,3352055,120,1,Semiurban,Y
Female,Yes,3+,Not Graduate,4688648,1471774,2733697,120,1,Semiurban,Y
Female,Yes,2,Graduate,4828458,3360757,2352392,120,1,Urban,Y
Female,Yes,3+,Not Graduate,1319521,294819,1905846,180,1,Semiurban,Y
Male,No,1,Graduate,397546,3068305,2843856,120,1,Rural,Y
Female,No,2,Graduate,4773332,1283925,2772680,240,0,Semiurban,N
Male,No,3+,Not Graduate,2986689,655154,4824808,360,1,Urban,Y
Female,Yes,3+,Not Graduate,2489383,770876,4048133,120,1,Urban,Y
Male,No,2,Not Graduate,2858047,4316036,1840599,240,1,Rural,N
Male,Yes,1,Not Graduate,1422242,3046730,727344,120,0,Semiurban,N
Male,No,3+,Not Graduate,1943349,3707109,775717,240,0,Semiurban,N
Female,Yes,1,Graduate,4389303,4513756,4023040,180,1,Semiurban,Y
Male,No,1,Graduate,3324645,4982523,977255,360,1,Semiurban,Y
Male,Yes,1,Graduate,1344263,4829002,3093977,120,0,Rural,N
Female,No,2,Not Graduate,3573153,2841923,2266743,240,1,Urban,Y
Female,No,2,Graduate,1521270,4597852,2196751,120,0,Semiurban,N
Male,Yes,1,Graduate,2898944,2868932,327961,120,0,Urban,N
Female,No,0,Not Graduate,2740463,2471992,1981278,180,1,Semiurban,Y
Female,No,2,Not Graduate,1177589,2041613,1581412,180,0,Urban,N
Female,No,1,Graduate,1793303,1863747,3343903,360,1,Semiurban,Y
Female,Yes,1,Not Graduate,4608241,4180381,680144,240,1,Semiurban,Y
Male,Yes,0,Not Graduate,4023110,1586167,4195880,360,1,Rural,Y
Male,Yes,1,Graduate,3813161,63974,4502206,240,0,Urban,N
Female,Yes,2,Not Graduate,1799715,3806311,4483771,240,0,Urban,N
Male,No,3+,Graduate,638788,538647,2687136,120,0,Urban,N
Male,No,3+,Not Graduate,2999994,3297218,1358603,360,0,Urban,N
Male,No,1,Not Graduate,194702,2760830,3863881,120,1,Semiurban,N
Female,Yes,2,Graduate,1963939,3421585,3894400,120,1,Urban,Y
Male,Yes,1,Not Graduate,3458960,541590,4105501,360,1,Semiurban,Y
Male,Yes,3+,Graduate,3245998,14382,903544,180,1,Rural,Y
Male,Yes,2,Graduate,4907727,2767833,548419,240,1,Urban,Y
Female,Yes,3+,Graduate,2400040,3665164,479630,360,0,Urban,N
Male,No,1,Graduate,4271424,1016991,1289219,120,1,Semiurban,Y
Female,Yes,2,Not Graduate,4243046,3213789,4326961,360,1,Urban,Y
Male,No,0,Not Graduate,136013,4717605,4176683,240,1,Semiurban,N
Male,No,2,Graduate,3134622,2315823,1885474,240,0,Rural,N
Male,No,2,Graduate,2029478,2950240,1715000,360,1,Urban,Y
Female,Yes,1,Not Graduate,63479,409921,1300029,120,1,Semiurban,N
Female,Yes,0,Graduate,3487322,1797485,2922510,240,1,Rural,Y
Female,No,3+,Graduate,328026,2055249,2473931,180,1,Urban,Y
Male,No,1,Graduate,4606802,3625557,3552713,360,1,Rural,Y
Female,Yes,2,Graduate,4532367,255186,3568077,180,1,Semiurban,Y
Female,Yes,2,Not Graduate,190432,3367942,4553752,360,1,Urban,N
Female,No,2,Graduate,1040897,3546177,302077,120,1,Rural,Y
Male,Yes,2,Not Graduate,2890388,955794,4379638,120,1,Rural,Y
Male,No,1,Not Graduate,4343744,2613402,4053448,120,1,Semiurban,Y
Female,No,3+,Not Graduate,4876835,2973444,2875083,240,0,Urban,N
Male,No,3+,Graduate,2660433,1247805,2376719,360,1,Rural,Y
Male,No,0,Graduate,2696814,686144,1668987,360,1,Urban,Y
Male,No,2,Graduate,1230010,2594940,1539454,180,0,Semiurban,N
Male,No,2,Graduate,4004668,4072720,490726,240,1,Urban,Y
Male,Yes,1,Graduate,4467943,2602240,4557290,180,0,Semiurban,N
Female,No,2,Graduate,2104215,468705,3899513,240,1,Semiurban,Y
Male,No,3+,Not Graduate,2399914,4374402,80749,240,1,Semiurban,Y
Male,No,1,Not Graduate,433573,502170,2948829,120,0,Rural,N
Female,Yes,1,Graduate,372198,1345221,4128726,120,1,Urban,Y
Male,No,1,Not Graduate,3560680,2608450,3428178,120,1,Urban,Y
Male,No,2,Graduate,4163621,3429703,4861272,180,1,Urban,Y
Female,Yes,2,Graduate,3162395,2401213,3312536,180,1,Rural,Y
Female,Yes,1,Graduate,1818205,2436788,2644649,360,1,Rural,Y
Male,No,0,Not Graduate,2228495,3946570,2918688,180,1,Urban,Y
Female,Yes,1,Graduate,3577258,2520420,4352726,240,0,Rural,N
Male,Yes,3+,Graduate,3184465,2234756,2551416,120,1,Urban,Y
Male,No,1,Graduate,687555,4463255,2544872,360,0,Urban,N
Male,Yes,2,Not Graduate,4098496,3197653,4598169,120,1,Semiurban,Y
Male,Yes,0,Not Graduate,2410253,623926,3949919,120,1,Rural,N
Male,No,3+,Not Graduate,608112,2194152,902339,360,1,Semiurban,Y
Male,Yes,3+,Graduate,2190178,4788909,855946,240,1,Semiurban,Y
Female,Yes,3+,Not Graduate,3934647,542618,4263113,120,1,Urban,Y
Male,Yes,0,Not Graduate,3283250,3370686,4327822,120,1,Rural,Y
Male,Yes,1,Not Graduate,314178,1562744,3564722,240,1,Semiurban,Y
Male,Yes,1,Not Graduate,4839742,2323926,4320968,120,0,Urban,N
Female,No,1,Not Graduate,2606541,580149,4738074,360,0,Semiurban,N
Male,No,2,Not Graduate,4736637,2937593,2190756,120,1,Rural,Y
Male,No,1,Graduate,1228886,4001675,4775287,180,1,Rural,Y
Male,No,3+,Not Graduate,3312284,4691176,1020425,360,1,Semiurban,Y
Female,Yes,2,Not Graduate,628338,1000297,1364823,360,1,Semiurban,Y
Female,Yes,3+,Graduate,1535351,4968363,700248,120,1,Rural,Y
Female,No,1,Not Graduate,2884053,2519396,1142465,240,0,Urban,N
Male,Yes,2,Not Graduate,1370193,946681,1309303,180,1,Semiurban,Y
Male,Yes,1,Graduate,1686650,4235653,4025545,180,1,Rural,Y
Male,Yes,1,Graduate,4568022,2091771,3249625,120,1,Rural,Y
Male,Yes,0,Graduate,3299780,3121865,13515,360,0,Semiurban,N
Male,No,1,Graduate,2277132,2503132,108076,180,0,Rural,N
Male,No,3+,Graduate,1363297,4567112,2049997,120,1,Semiurban,Y
Female,Yes,1,Graduate,4132480,2423438,521823,240,1,Semiurban,Y
Male,No,2,Graduate,2625483,417462,3373340,180,0,Urban,N
Male,Yes,3+,Not Graduate,591944,3296590,4387652,360,0,Urban,N
Female,No,1,Graduate,2976867,1699441,507932,240,0,Urban,N
Female,Yes,0,Not Graduate,275501,2986979,1383557,120,1,Semiurban,Y
Male,Yes,2,Graduate,1831162,3038906,4883927,360,1,Semiurban,Y
Male,Yes,1,Graduate,2332270,3205345,2196669,120,1,Semiurban,N
Male,No,1,Not Graduate,4141542,3146417,1765759,360,1,Urban,Y
Female,No,3+,Graduate,4237825,2129020,2296576,360,1,Semiurban,Y
Female,Yes,0,Not Graduate,2187016,4242089,2000464,120,1,Urban,N
Female,Yes,2,Graduate,2030745,1707508,4314741,180,1,Semiurban,Y
Female,No,0,Not Graduate,1428594,3513340,4006749,180,1,Urban,Y
Male,No,0,Not Graduate,3675878,818365,2955022,120,1,Urban,N
Female,Yes,0,Not Graduate,1202703,1052081,3152486,240,0,Urban,N
Male,Yes,0,Graduate,3869505,918331,1257948,240,0,Urban,N
Male,No,3+,Graduate,3168753,3916662,1692127,240,0,Urban,N
Male,Yes,0,Graduate,3567292,1441914,1523775,360,1,Semiurban,Y
Male,Yes,1,Graduate,730195,1671579,1611802,360,0,Semiurban,N
Female,No,0,Not Graduate,589852,1031732,3003254,180,1,Urban,Y
Female,Yes,3+,Graduate,4720204,4194084,3861360,240,1,Rural,N
Female,Yes,2,Graduate,4728757,353582,2108339,120,0,Rural,N
Female,Yes,3+,Not Graduate,2450298,1382693,4115354,120,1,Rural,Y
Female,No,0,Graduate,680020,3850267,4305541,180,0,Rural,N
Female,Yes,0,Graduate,3261865,1476701,2901574,180,0,Semiurban,N
Male,No,3+,Graduate,2473801,2310342,2936317,360,1,Rural,Y
Male,Yes,0,Not Graduate,244261,4748364,72156,360,1,Rural,Y
Male,Yes,2,Not Graduate,3839420,1399484,2308865,180,1,Semiurban,Y
Female,Yes,0,Graduate,3454205,3145253,3010310,240,0,Semiurban,N
Male,Yes,3+,Graduate,4813461,2925669,325762,180,1,Semiurban,Y
Male,No,0,Not Graduate,751747,4680001,4874062,240,0,Semiurban,N
Female,Yes,1,Graduate,2910549,4860278,220008,360,0,Semiurban,N
Male,No,0,Not Graduate,3563018,3486275,4439440,180,1,Rural,Y
Female,No,0,Not Graduate,111449,1048982,3522210,240,1,Urban,N
Male,Yes,3+,Graduate,2799127,2293437,1114096,360,1,Rural,Y
Female,Yes,1,Graduate,218022,4614398,4378562,180,1,Semiurban,N
Male,Yes,2,Not Graduate,3476329,2468196,7004,120,1,Rural,Y
Male,Yes,2,Graduate,1741331,4244848,4445570,240,0,Urban,N
Female,No,3+,Graduate,930200,2989231,148212,120,1,Urban,Y
Female,No,0,Graduate,202203,2868393,3666022,360,1,Semiurban,N
Male,No,0,Graduate,356470,718440,4640666,360,1,Urban,Y
Female,No,1,Not Graduate,1326182,3358896,4042268,360,1,Urban,N
Female,Yes,2,Graduate,1814599,2000157,2607505,120,1,Urban,Y
Male,No,0,Graduate,3555111,4347739,731085,360,0,Rural,N
Female,No,2,Graduate,1822469,705325,886545,360,1,Semiurban,Y
Female,Yes,2,Not Graduate,2966248,201133,2675738,240,1,Semiurban,Y
Male,No,3+,Graduate,2946329,2910498,4658724,120,0,Urban,N
Male,Yes,1,Not Graduate,4371029,717248,900941,180,0,Rural,N
Male,No,2,Not Graduate,2640270,4631944,2056712,180,1,Urban,Y
Male,No,0,Graduate,3461262,698257,3662132,360,1,Semiurban,Y
Female,Yes,2,Not Graduate,1540105,1543669,1222405,120,0,Rural,N
Female,Yes,1,Not Graduate,3213918,4344475,2821007,240,1,Urban,Y
Female,No,1,Not Graduate,2805160,664278,1257879,180,1,Rural,N
Female,Yes,1,Not Graduate,3690755,2634413,200295,360,1,Rural,Y
Male,No,0,Not Graduate,3092379,4527822,4210377,120,1,Rural,Y
Female,Yes,2,Not Graduate,4500329,3134612,3840752,120,1,Rural,Y
Female,Yes,2,Not Graduate,3391568,769193,2800949,360,1,Rural,Y
Male,Yes,1,Graduate,1217453,387304,1646562,120,0,Urban,N
Male,Yes,2,Not Graduate,2460961,764371,4189536,240,1,Rural,Y
Male,Yes,3+,Graduate,2906875,4371143,3739569,120,1,Urban,Y
Male,Yes,3+,Graduate,3550051,61343,2760208,360,1,Urban,Y
Female,No,0,Graduate,3555590,673161,2946037,120,1,Rural,Y
Female,No,3+,Not Graduate,1169598,2566144,1446953,240,1,Semiurban,Y
Female,Yes,2,Graduate,951899,2118809,4287618,120,0,Semiurban,N
Female,Yes,1,Not Graduate,4573263,1334983,1824851,360,1,Rural,Y
Female,Yes,3+,Graduate,3181322,1572349,612777,360,1,Urban,Y
Female,Yes,1,Graduate,775628,216428,1863400,240,0,Rural,N
Male,No,0,Graduate,251942,2422980,1554526,180,1,Rural,Y
Male,Yes,3+,Graduate,3371303,3907608,965911,180,1,Rural,Y
Male,Yes,1,Not Graduate,557388,3906066,726204,360,1,Semiurban,Y
Female,Yes,0,Not Graduate,837246,3942378,558012,180,1,Rural,Y
Female,No,2,Graduate,3271841,4287924,4028055,360,1,Urban,Y
Female,No,2,Not Graduate,4544011,1745856,686923,240,1,Urban,Y
Female,No,2,Graduate,1519993,1836480,2930863,120,1,Urban,Y
Male,No,0,Not Graduate,2075178,3312469,2176,120,0,Rural,N
Male,Yes,3+,Graduate,2207351,943467,686842,240,1,Semiurban,Y
Female,Yes,1,Not Graduate,3468258,4333323,4310911,180,0,Urban,N
Female,Yes,2,Not Graduate,1929596,2756248,3731019,240,1,Semiurban,Y
Female,Yes,2,Graduate,4274598,4301183,1780263,180,1,Urban,Y
Female,No,1,Not Graduate,221599,3960445,2730445,360,1,Urban,Y
Male,No,1,Graduate,1788202,4576399,2641941,360,0,Semiurban,N
Male,Yes,2,Graduate,1235883,2647161,268209,360,1,Urban,Y
Female,Yes,3+,Not Graduate,278929,4671467,3961231,180,1,Rural,N
Female,Yes,1,Not Graduate,3889700,1315973,1349856,240,0,Semiurban,N
Female,No,0,Graduate,2669657,4958292,961729,120,0,Semiurban,N
Male,Yes,2,Not Graduate,3783703,3011051,1444462,180,1,Urban,Y
Female,No,1,Not Graduate,3990051,1114164,3621466,180,0,Urban,N
Male,Yes,3+,Not Graduate,4736840,4229145,3205403,120,1,Semiurban,Y
Male,Yes,0,Graduate,1380412,4171113,1783831,120,1,Rural,Y
Female,Yes,2,Not Graduate,1067470,1548660,1609843,360,1,Semiurban,Y
Male,No,0,Not Graduate,1529769,2908628,153496,240,0,Urban,N
Female,Yes,3+,Graduate,1395437,3157459,4436747,360,1,Rural,Y
Male,No,0,Graduate,459599,3421592,3719841,120,1,Rural,N
Male,No,0,Graduate,577063,1538176,3236088,360,1,Semiurban,Y
Male,Yes,1,Graduate,2140737,4327805,4979987,120,1,Rural,Y
Male,Yes,0,Graduate,749630,2406275,4995335,360,0,Urban,N
Female,No,0,Graduate,1411879,2560074,4465432,120,0,Urban,N
Male,Yes,3+,Not Graduate,3168258,3753404,3734919,120,1,Rural,Y
Female,Yes,3+,Graduate,3584219,3604394,60716,120,1,Semiurban,Y
Male,No,1,Graduate,4280924,885669,1316060,120,1,Rural,Y
Male,No,2,Graduate,4816632,456255,2452001,180,1,Urban,Y
Female,No,2,Not Graduate,2776114,3942190,4573740,360,1,Urban,Y
Male,Yes,0,Graduate,3759757,1623418,2045795,120,1,Semiurban,Y
Female,No,2,Not Graduate,4842200,2618367,2528001,120,0,Rural,N
Male,Yes,2,Not Graduate,1253539,4840959,2736395,240,1,Semiurban,Y
Male,No,3+,Not Graduate,4070309,1833967,368033,120,1,Rural,Y
Female,Yes,2,Graduate,4164526,4332497,4912452,360,1,Rural,Y
Female,Yes,2,Graduate,4473891,4719143,1305184,120,1,Rural,Y
Male,No,2,Graduate,955681,447418,1244997,120,1,Rural,Y
Male,Yes,1,Graduate,1609490,291038,881123,180,1,Urban,Y
Female,No,2,Graduate,2613637,2656663,4557699,240,1,Urban,Y
Male,No,3+,Graduate,838269,2481228,1148279,360,1,Urban,Y
Female,No,0,Graduate,3906665,3749363,3971401,180,0,Semiurban,N
Female,Yes,2,Not Graduate,3804653,2316074,1448803,180,1,Rural,Y
Male,No,2,Graduate,232444,167087,1535035,120,1,Rural,N
Female,Yes,2,Graduate,1562985,672424,2439025,120,1,Rural,Y
Female,Yes,2,Not Graduate,1725431,2435796,280246,240,0,Urban,N
Male,No,0,Not Graduate,515438,4625887,1604755,180,1,Urban,Y
Female,No,3+,Graduate,2900292,1796311,1487822,120,1,Semiurban,Y
Female,No,3+,Graduate,3390848,2597692,2287638,180,1,Semiurban,N
Male,No,0,Not Graduate,3185472,3233077,2636015,360,1,Urban,Y
Female,Yes,3+,Not Graduate,2091217,3620703,952803,240,0,Semiurban,N
Male,Yes,3+,Graduate,4123553,2534502,3259330,360,1,Rural,Y
Male,Yes,1,Not Graduate,3028950,1455323,2919271,360,0,Semiurban,N
Male,No,3+,Graduate,1111727,4899679,4648732,360,1,Urban,Y
Female,No,1,Graduate,320717,2117729,2848975,120,1,Rural,Y
Female,Yes,2,Graduate,488343,3378688,2215808,240,1,Semiurban,Y
Female,Yes,0,Not Graduate,1716626,120286,3080385,240,1,Urban,Y
Female,Yes,0,Not Graduate,123494,3735391,4033752,180,1,Semiurban,N
Female,No,1,Not Graduate,4542929,4099690,370341,240,1,Urban,Y
Female,No,2,Graduate,292422,2383257,3056609,240,1,Rural,N
Female,Yes,0,Graduate,700649,181910,4082937,360,0,Urban,N
Female,Yes,0,Not Graduate,1505415,3439400,2488373,120,1,Semiurban,Y
Male,Yes,0,Graduate,3651324,2635159,1237988,120,1,Urban,Y
Female,Yes,2,Not Graduate,4423247,1137018,873674,180,1,Urban,Y
Male,Yes,3+,Graduate,3014945,2125081,982979,360,1,Urban,Y
Male,No,0,Not Graduate,4498678,4388203,3697243,180,1,Semiurban,Y
Female,Yes,1,Graduate,1292027,1395182,4928201,360,1,Semiurban,Y
Female,No,1,Not Graduate,1635539,3021955,4304581,360,0,Urban,N
Male,No,1,Graduate,1820441,3070034,1802298,360,1,Semiurban,Y
Male,Yes,3+,Not Graduate,936684,2885009,1618297,180,0,Urban,N
Male,Yes,3+,Graduate,4191135,1491352,4032045,180,1,Rural,Y
Male,Yes,0,Not Graduate,478063,502054,1941440,360,0,Semiurban,N
Female,Yes,0,Not Graduate,2276674,4249699,3282039,360,1,Semiurban,Y
Male,No,3+,Not Graduate,1598006,507411,493967,360,1,Urban,Y
Male,No,2,Graduate,906530,4518377,4218153,240,1,Rural,Y
Male,Yes,2,Not Graduate,3614930,1668216,2612058,180,1,Urban,Y
Female,Yes,1,Not Graduate,3565110,2861188,1769533,120,1,Urban,N
Male,No,2,Graduate,259883,4730618,3452663,360,1,Urban,N
Female,No,2,Graduate,4793980,3521640,2982658,240,0,Rural,N
Male,Yes,0,Not Graduate,2027919,1096658,1616420,180,1,Semiurban,N
Male,No,1,Not Graduate,3018610,1510079,934760,180,1,Semiurban,Y
Male,Yes,1,Graduate,775992,3202147,541927,120,1,Urban,Y
Male,Yes,3+,Not Graduate,4855513,1098660,2845313,120,1,Rural,Y
Female,No,3+,Not Graduate,2126286,3606361,4492252,180,1,Rural,Y
Male,Yes,2,Not Graduate,1823884,3403458,1009924,360,1,Rural,Y
Male,Yes,3+,Graduate,77832,2061845,342533,360,1,Urban,Y
Female,No,3+,Not Graduate,522747,3162163,1773407,360,0,Semiurban,N
Male,No,1,Not Graduate,3852410,2533804,3989609,120,1,Semiurban,Y
Male,Yes,1,Graduate,578578,1281918,828944,240,1,Semiurban,Y
Female,No,2,Graduate,27926,1156980,3346701,180,1,Rural,N
Female,Yes,0,Not Graduate,4604140,2337927,2097620,180,1,Urban,Y
Female,Yes,2,Graduate,4604656,3778555,3637039,360,1,Semiurban,Y
Male,Yes,2,Graduate,1121515,3234555,3895316,360,0,Urban,N
Male,No,2,Graduate,4032160,4680509,3944311,120,1,Rural,Y
Female,Yes,1,Not Graduate,4464918,4526431,406472,120,1,Rural,Y
Female,No,2,Graduate,2018833,3889414,1083609,360,1,Urban,Y
Male,No,1,Not Graduate,388184,2195116,2675432,180,1,Urban,Y
Female,No,3+,Not Graduate,3733824,4871422,3508342,120,1,Semiurban,Y
Male,No,1,Not Graduate,638600,2851576,1834598,360,1,Urban,Y
Female,No,0,Not Graduate,3597620,1697865,226718,360,1,Rural,Y
Female,Yes,2,Not Graduate,3149181,2571109,924227,240,0,Urban,N
Female,Yes,0,Graduate,1522376,1478143,3073375,120,1,Semiurban,Y
Female,Yes,2,Not Graduate,1602743,4804570,650550,120,0,Semiurban,N
Female,No,1,Not Graduate,1141719,3371988,3759000,120,1,Rural,Y
Male,No,2,Not Graduate,510090,1614247,1829826,120,1,Rural,Y
Male,No,2,Not Graduate,2515591,804850,1657478,180,1,Semiurban,Y
Male,Yes,1,Not Graduate,1847073,4677116,3290357,180,1,Urban,Y
Male,Yes,3+,Not Graduate,4930726,3446429,2629615,180,0,Semiurban,N
Male,Yes,2,Graduate,1009382,4386515,2560782,180,1,Urban,Y
Female,No,3+,Graduate,1125202,3983206,1493144,240,0,Rural,N
Male,Yes,3+,Graduate,218385,143774,2373856,360,1,Semiurban,N
Male,Yes,1,Graduate,2926076,339626,1101290,240,1,Urban,Y
Female,No,1,Not Graduate,822181,1169121,3454226,180,1,Urban,Y
Male,No,0,Not Graduate,3601134,4859025,4811831,360,1,Rural,Y
Male,Yes,1,Not Graduate,2352395,174308,2983081,180,1,Rural,Y
Male,Yes,0,Graduate,4643962,3072763,3259348,360,1,Urban,Y
Female,Yes,0,Not Graduate,3828073,2816202,1255800,240,0,Urban,N
Male,No,0,Not Graduate,4820216,4052955,2299470,120,1,Urban,Y
Male,Yes,0,Graduate,2637608,1005324,1400666,240,1,Rural,N
Female,No,1,Graduate,3090609,1465177,412231,360,1,Urban,Y
Male,Yes,1,Graduate,3017135,4948450,2777491,360,1,Semiurban,Y
Female,Yes,0,Graduate,1287416,3588729,4143690,180,1,Semiurban,N
Female,Yes,1,Not Graduate,398988,4925068,1056935,180,1,Rural,Y
Male,No,1,Not Graduate,2126042,4621179,536796,180,1,Rural,N
Female,Yes,3+,Graduate,2645401,3926865,1532425,360,1,Semiurban,Y
Male,Yes,2,Not Graduate,9481,83586,409486,180,1,Rural,N
Male,No,2,Not Graduate,955578,2598761,3410932,360,0,Urban,N
Female,No,1,Not Graduate,2700963,1938503,279031,120,1,Semiurban,Y
Female,No,2,Not Graduate,1831427,3316338,3658853,120,1,Rural,Y
Female,Yes,3+,Not Graduate,33146,3611057,2680930,360,1,Rural,N
Female,No,1,Graduate,483621,2427659,1042250,180,1,Semiurban,Y
Male,No,3+,Graduate,4946531,4206959,124069,240,1,Urban,Y
Female,No,1,Not Graduate,1516197,2284130,2081094,120,0,Rural,N
Female,Yes,0,Not Graduate,4794977,457712,1794334,120,1,Urban,N
Female,Yes,2,Graduate,912474,1656639,2046955,120,0,Urban,N
Female,Yes,0,Graduate,1448254,1641126,3920340,120,1,Semiurban,Y
Female,No,1,Graduate,1189956,1859948,4111550,180,1,Urban,N
Female,No,2,Graduate,2457175,1772071,2601271,180,0,Semiurban,N
Female,Yes,1,Graduate,1475042,3800502,698619,120,1,Semiurban,Y
Female,Yes,0,Not Graduate,3494529,1457815,253488,360,1,Urban,Y
Female,Yes,3+,Graduate,4724544,1399416,1285751,120,0,Urban,N
Male,Yes,3+,Graduate,1968987,1108691,269932,180,0,Urban,N
Male,No,2,Not Graduate,251920,758549,3924390,120,0,Urban,N
Female,Yes,0,Not Graduate,2865121,2975133,2070289,240,0,Semiurban,N
Female,Yes,3+,Not Graduate,2840093,3358865,1410139,180,1,Semiurban,Y
Female,No,0,Not Graduate,446795,1180768,1264602,360,1,Urban,Y
Male,Yes,3+,Graduate,3457479,2856758,3424690,240,1,Rural,N
Male,Yes,1,Graduate,2188909,1816189,3825607,240,1,Urban,Y
Male,Yes,0,Not Graduate,139744,918158,655923,360,1,Urban,Y
Female,Yes,2,Graduate,3020017,272195,655960,240,0,Urban,N
Female,No,1,Not Graduate,685805,11857,3436642,240,1,Rural,Y
Male,Yes,2,Graduate,3086895,3201310,1500409,120,1,Rural,Y
Female,No,0,Graduate,1142752,2843908,436452,360,0,Rural,N
Female,Yes,2,Graduate,1712238,3457634,1323422,360,1,Rural,Y
Female,No,0,Graduate,1472102,2998077,453604,360,1,Semiurban,Y
Female,No,1,Graduate,1907347,908029,2581795,240,0,Rural,N
Female,Yes,0,Graduate,1638987,1161771,1868918,180,1,Rural,Y
Male,Yes,0,Graduate,3369013,3479011,2692454,180,0,Semiurban,N
Female,No,1,Not Graduate,420591,3360877,877846,360,1,Urban,Y
Female,No,2,Not Graduate,4112318,18743,4251742,120,1,Urban,Y
Female,Yes,2,Not Graduate,2839673,205081,4291069,180,1,Urban,Y
Male,No,0,Graduate,222246,823090,4929884,360,1,Urban,N
Male,No,2,Graduate,1541045,4361639,2718419,120,1,Urban,Y
Male,No,2,Graduate,406997,2004009,275057,240,1,Urban,Y
Female,No,2,Not Graduate,602016,1752862,2248075,120,0,Urban,N
Male,Yes,1,Not Graduate,3978722,2525949,705943,360,0,Rural,N
Female,Yes,2,Graduate,25309,2889358,3822716,180,1,Semiurban,N
Male,Yes,2,Not Graduate,2773559,2762228,3036872,360,1,Urban,Y
Female,Yes,2,Graduate,1566162,4288397,1438514,360,1,Urban,Y
Female,No,1,Not Graduate,3436886,2982499,4460203,120,0,Urban,N
Female,No,0,Graduate,3203657,4932701,1904248,120,1,Semiurban,N
Male,No,0,Graduate,1112636,3914823,3812862,180,1,Semiurban,Y
Female,Yes,3+,Not Graduate,4594586,3790008,2489138,120,1,Semiurban,Y
Female,Yes,2,Not Graduate,4053735,111914,4510231,120,1,Semiurban,Y
Female,Yes,2,Not Graduate,2655479,4998113,2178400,360,1,Urban,Y
Female,Yes,1,Graduate,2600517,4020892,941857,240,1,Rural,Y
Male,No,3+,Graduate,4144404,4241456,2679745,240,1,Rural,Y
Male,No,1,Not Graduate,132553,609027,1555198,180,1,Rural,N
Male,Yes,0,Not Graduate,1184259,3609675,3269091,360,1,Semiurban,Y
Female,No,1,Not Graduate,768778,1308080,4927254,240,1,Semiurban,Y
Female,Yes,3+,Not Graduate,4528281,1377623,4607068,180,1,Semiurban,Y
Male,Yes,2,Graduate,1765540,878214,4056485,240,0,Semiurban,N
Male,Yes,3+,Not Graduate,1853175,2196553,773880,360,1,Semiurban,Y
Male,No,1,Graduate,3128010,2656503,1240481,240,1,Rural,N
Female,No,3+,Graduate,4814479,2993029,2608744,240,0,Urban,N
Male,Yes,3+,Not Graduate,1805666,4968190,3731577,180,1,Semiurban,Y
Female,No,1,Not Graduate,2907309,2927010,821758,360,1,Rural,Y
Female,Yes,0,Graduate,605379,3463013,2723041,180,1,Rural,Y
Female,No,1,Not Graduate,2334231,2155216,3743908,180,1,Rural,Y
Female,Yes,0,Not Graduate,387569,538139,3160907,120,1,Urban,Y
Male,Yes,1,Graduate,268413,4244897,2263886,180,0,Rural,N
Female,No,3+,Graduate,3323178,2387582,4510010,360,1,Semiurban,Y
Male,No,0,Not Graduate,942651,1498067,2574712,240,1,Rural,Y
Male,No,1,Graduate,608248,1073495,222816,180,1,Rural,Y
Female,Yes,0,Graduate,3200534,2310330,4963562,360,1,Semiurban,Y
Female,No,0,Not Graduate,261541,979717,3607637,360,1,Rural,N
Male,Yes,1,Not Graduate,289541,4204299,262959,240,1,Semiurban,Y
Male,Yes,0,Not Graduate,3688887,2168161,2907155,240,1,Semiurban,Y
Female,Yes,2,Not Graduate,2593603,4926205,3128199,360,1,Rural,Y
Female,No,0,Not Graduate,4181997,479064,979499,360,1,Urban,Y
Female,No,0,Not Graduate,3335660,2536831,4050010,120,0,Urban,N
Male,Yes,1,Not Graduate,2644008,1061478,2431006,240,1,Semiurban,Y
Male,Yes,3+,Not Graduate,4476676,3912995,2216614,240,1,Rural,Y
Male,Yes,2,Graduate,376930,3384919,1741711,240,1,Rural,Y
Male,No,0,Graduate,3047113,1706085,2048923,120,1,Urban,Y
Male,Yes,1,Graduate,2249253,2506832,4568955,240,1,Semiurban,Y
Male,No,1,Graduate,1982667,4025631,394431,360,1,Rural,Y
Female,No,1,Graduate,1500258,3992769,3843202,240,1,Rural,Y
Female,Yes,1,Not Graduate,1519623,128345,2482248,120,1,Urban,Y
Female,Yes,1,Not Graduate,1531188,479721,2395717,360,0,Semiurban,N
Female,Yes,1,Not Graduate,1426507,173903,1463732,240,1,Rural,Y
Female,Yes,1,Graduate,3150597,1029252,2299684,180,0,Semiurban,N
Male,Yes,2,Graduate,1928788,2355157,2904540,240,1,Semiurban,Y
Male,No,0,Graduate,3386368,930840,2793336,240,1,Semiurban,Y
Male,Yes,2,Not Graduate,1169431,3036134,4235419,240,1,Urban,Y
Male,No,1,Graduate,1549280,1758685,3906426,180,0,Semiurban,N
Male,No,2,Graduate,514504,3216650,3928151,120,1,Urban,N
Female,No,1,Not Graduate,3251115,3163243,2117306,360,1,Urban,Y
Female,No,3+,Graduate,3437684,486185,3221294,120,1,Rural,Y
Male,No,1,Not Graduate,3541950,3278895,388355,180,1,Urban,Y
Male,No,3+,Not Graduate,2368548,2140182,1919412,360,0,Semiurban,N
Male,No,1,Graduate,1602169,984396,666093,180,1,Urban,Y
Male,No,3+,Not Graduate,868095,4205289,3072598,180,1,Rural,Y
Male,Yes,0,Not Graduate,3229785,2594640,2017342,120,1,Semiurban,N
Male,Yes,1,Graduate,645648,1397188,4338422,240,1,Semiurban,Y
Male,Yes,0,Not Graduate,4407800,3525186,1000515,180,1,Semiurban,Y
Female,Yes,1,Graduate,3860380,4264157,2295082,360,0,Urban,N
Male,No,3+,Graduate,2027535,3974536,3525654,360,1,Urban,Y
Male,Yes,2,Not Graduate,4408855,887301,1343610,120,1,Rural,Y
Female,Yes,2,Graduate,1699719,1726213,1285947,240,1,Semiurban,Y
Female,Yes,0,Not Graduate,2315675,4473281,814441,240,1,Semiurban,Y
Male,Yes,1,Not Graduate,928010,798309,1079151,180,1,Semiurban,Y
Male,No,1,Not Graduate,3740419,84903,3582558,120,1,Semiurban,N
Female,Yes,0,Graduate,1072874,335814,3880481,360,1,Semiurban,Y
Male,Yes,2,Not Graduate,2587349,1962124,504271,180,0,Urban,N
Male,Yes,2,Not Graduate,1537019,2966415,1322851,360,1,Rural,Y
Male,No,1,Graduate,3726113,4569842,1178689,120,1,Semiurban,Y
Male,Yes,0,Graduate,490422,1710730,487176,360,1,Rural,Y
Female,No,3+,Not Graduate,2713090,4344323,4257780,180,1,Urban,Y
Female,Yes,2,Graduate,800300,3962121,2599142,180,1,Rural,Y
Male,Yes,2,Graduate,2730561,3090984,4308459,180,1,Rural,Y
Female,No,0,Graduate,4150456,374654,2538901,180,1,Rural,Y
Male,No,3+,Not Graduate,852090,2456217,3108486,360,1,Semiurban,Y
Male,Yes,1,Not Graduate,996770,3551772,2918838,120,1,Semiurban,Y
Male,No,2,Graduate,3255798,672077,4752039,180,0,Semiurban,N
Female,No,2,Not Graduate,1045233,433295,4354310,360,1,Rural,Y
Male,No,0,Not Graduate,2891635,436696,3592581,240,1,Rural,Y
Male,No,0,Graduate,1440477,4019849,491840,120,1,Urban,Y
Female,No,2,Graduate,3921546,4439177,4658184,240,1,Urban,Y
Male,No,1,Graduate,715064,2662153,4469322,180,1,Rural,Y
Male,No,0,Graduate,4720402,946968,4353939,180,1,Urban,Y
Female,No,1,Graduate,4386762,2475976,3447263,240,0,Urban,N
Male,Yes,2,Not Graduate,625570,4665778,2928504,240,1,Semiurban,Y
Female,No,0,Not Graduate,962295,867914,472659,360,1,Urban,Y
Female,No,0,Graduate,4834199,2673987,4815488,120,1,Rural,N
Female,No,1,Graduate,3882184,3651328,4379568,120,1,Urban,Y
Female,Yes,3+,Graduate,1612461,498481,168780,360,1,Rural,Y
Male,No,1,Not Graduate,2643765,2573783,4493791,240,1,Urban,Y
Male,No,0,Graduate,4633005,477710,514352,180,1,Semiurban,N
Female,Yes,2,Graduate,1355581,300115,3317799,180,1,Rural,Y
Male,No,3+,Graduate,2970707,4570455,1128913,120,1,Urban,Y
Male,Yes,0,Not Graduate,1543049,3285630,222019,180,0,Urban,N
Male,Yes,1,Not Graduate,3393916,979814,3949745,360,1,Urban,Y
Female,Yes,0,Not Graduate,2354612,3086979,2186482,360,1,Semiurban,Y
Male,No,1,Not Graduate,456623,1376835,1665295,180,1,Rural,N
Female,Yes,3+,Not Graduate,3219413,2893112,105382,240,0,Urban,N
Female,No,3+,Not Graduate,2013991,952837,4073519,360,1,Rural,Y
Male,No,3+,Not Graduate,3746471,1374840,4837445,240,1,Semiurban,Y
Female,Yes,0,Not Graduate,2902950,3327835,555499,120,0,Semiurban,N
Male,Yes,1,Graduate,285998,1978083,3979324,180,0,Semiurban,N
Female,No,2,Graduate,543030,4991258,4869252,240,1,Urban,Y
Female,Yes,2,Not Graduate,4393635,1909424,4102286,120,1,Urban,Y
Male,Yes,0,Graduate,4016884,3499505,4283663,120,1,Urban,Y
Female,Yes,1,Not Graduate,3599057,2784746,3374098,120,0,Urban,N
Female,Yes,0,Graduate,4732409,2931963,2818027,120,1,Rural,Y
Female,Yes,0,Not Graduate,1788704,860356,2444125,180,1,Urban,Y
Male,Yes,1,Graduate,172763,798501,3152423,240,1,Urban,N
Female,Yes,2,Graduate,2944453,1330857,4353208,240,1,Rural,Y
Male,No,3+,Graduate,965598,1377826,3079816,120,1,Semiurban,Y
Male,No,1,Graduate,2878637,4990558,4456994,240,1,Semiurban,Y
Female,Yes,3+,Not Graduate,4763196,293381,1631188,180,0,Semiurban,N
Female,No,0,Graduate,4566271,2737027,3734369,360,1,Urban,Y
Female,Yes,1,Graduate,2742866,4625702,3653889,120,1,Urban,Y
Female,No,3+,Graduate,4223169,2270929,2807676,180,1,Urban,Y
Female,No,2,Not Graduate,2025841,1780596,859535,360,1,Urban,Y
Male,No,0,Not Graduate,3870319,4057061,3673888,120,1,Semiurban,Y
Male,No,0,Not Graduate,2397858,2438497,996942,240,1,Rural,N
Male,No,3+,Not Graduate,2011653,1008067,4768321,240,0,Semiurban,N
Female,Yes,0,Graduate,484343,3290802,2619278,120,1,Rural,N
Female,No,2,Not Graduate,2585912,3868421,2594199,120,1,Rural,Y
Male,No,1,Graduate,4460395,3812146,3212478,120,1,Semiurban,Y
Female,No,2,Graduate,112097,2208032,1264224,120,1,Rural,N
Male,No,2,Not Graduate,4950388,3151377,2184044,360,1,Urban,Y
Male,Yes,0,Not Graduate,1779682,2025996,3545284,180,1,Semiurban,Y
Female,No,2,Not Graduate,1746676,1371267,1491594,240,1,Semiurban,Y
Female,Yes,2,Graduate,369242,735256,2273598,360,1,Rural,Y
Male,Yes,3+,Graduate,575587,3227036,902696,120,1,Urban,Y
Female,Yes,3+,Not Graduate,2229242,4517037,2435565,240,1,Rural,Y
Male,Yes,1,Not Graduate,4576402,2938841,2902412,180,1,Rural,Y
Male,Yes,1,Not Graduate,4121175,1036825,785754,120,1,Rural,Y
Female,No,2,Not Graduate,3285591,2961387,4602153,120,1,Semiurban,Y
Female,No,0,Not Graduate,3575895,4038084,4179879,240,0,Urban,N
Female,No,1,Not Graduate,2802843,866736,3153689,120,0,Rural,N
Male,No,3+,Not Graduate,2962727,4633491,4887971,360,1,Urban,Y
Male,Yes,1,Graduate,2387617,1558211,3710968,120,0,Rural,N
Female,No,3+,Not Graduate,4795114,2942437,4497970,180,0,Rural,N
Male,Yes,1,Graduate,1650461,2982078,621936,180,1,Semiurban,Y
Female,Yes,0,Not Graduate,1654486,1063063,3386381,180,0,Urban,N
Male,Yes,0,Graduate,3391969,2507453,1257850,120,1,Semiurban,Y
Male,Yes,1,Graduate,586955,4058001,4354110,180,0,Urban,N
Male,No,3+,Graduate,4249387,4871364,3110817,240,0,Urban,N
Male,Yes,1,Not Graduate,4342696,2591818,3590085,360,1,Rural,Y
Male,No,0,Graduate,2515231,4744239,699145,180,1,Semiurban,Y
Male,No,3+,Graduate,4717087,1964131,677261,360,1,Urban,Y
Male,Yes,3+,Graduate,2284802,768377,1510567,360,1,Semiurban,Y
Male,Yes,1,Graduate,2053671,559668,449420,240,1,Semiurban,N
Male,No,0,Graduate,91791,2521483,397179,240,1,Rural,Y
Male,No,3+,Graduate,1130627,2454164,817178,360,0,Semiurban,N
Female,No,0,Graduate,1708121,3291076,838861,360,1,Rural,Y
Female,Yes,1,Graduate,2678136,1042707,4829284,240,0,Urban,N
Male,No,3+,Not Graduate,3852812,3608734,1983786,180,1,Urban,Y
Female,Yes,3+,Graduate,4846964,1184991,2665544,360,1,Rural,Y
Male,No,0,Graduate,4663043,1081958,4683663,120,1,Semiurban,Y
Male,Yes,1,Graduate,1819573,1543166,3137269,120,1,Semiurban,Y
Female,No,0,Not Graduate,456582,2307394,629882,180,1,Rural,Y
Male,No,0,Graduate,4084171,2005303,4482959,240,1,Semiurban,N
Female,Yes,2,Graduate,4851807,3321597,1299013,180,0,Semiurban,N
Female,No,2,Not Graduate,3274772,477314,4460049,180,1,Rural,Y
Male,Yes,0,Graduate,733942,4134784,4583882,240,1,Semiurban,Y
Male,Yes,1,Not Graduate,4251494,1238797,2645795,120,0,Urban,N
Male,No,2,Graduate,3859797,1537293,1354608,120,1,Semiurban,Y
Male,No,0,Graduate,1680942,2561245,1966616,120,1,Semiurban,Y
Female,No,3+,Not Graduate,4517474,4597869,1911317,120,1,Urban,Y
Male,Yes,1,Not Graduate,84076,131735,4897044,180,0,Rural,N
Female,No,2,Graduate,2942883,3105189,2827435,360,1,Semiurban,Y
Male,Yes,0,Graduate,1044404,678019,4746936,120,0,Rural,N
Male,No,2,Graduate,3427694,848194,4897537,120,1,Urban,Y
Male,No,3+,Graduate,3316719,3612430,1480216,360,1,Semiurban,Y
Female,No,3+,Not Graduate,3595695,2642368,1207608,180,1,Urban,Y
Male,No,3+,Graduate,3110348,4532272,4818216,120,1,Urban,Y
Female,No,2,Graduate,4128241,3540416,4538404,180,1,Semiurban,Y
Male,Yes,3+,Graduate,2524017,3741291,2634131,180,1,Rural,Y
Female,Yes,1,Graduate,4797092,4385788,4027086,120,1,Semiurban,Y
Female,Yes,0,Not Graduate,2148349,1513320,1152321,120,0,Semiurban,N
Male,No,0,Not Graduate,701448,1770637,3787497,360,1,Semiurban,Y
Male,No,2,Not Graduate,2909183,3010105,2532346,360,1,Urban,Y
Male,Yes,0,Not Graduate,3549792,3678788,2877656,360,0,Semiurban,N
Male,No,1,Graduate,3688475,525507,1564591,360,1,Urban,Y
Male,No,1,Graduate,4357952,3114389,4213066,360,1,Urban,Y
Female,Yes,1,Not Graduate,60782,1419284,3055410,360,1,Urban,N
Male,No,3+,Graduate,1925544,4299524,1694266,120,1,Rural,Y
Male,No,0,Not Graduate,117405,112819,4698215,240,1,Urban,N
Female,No,2,Not Graduate,107448,4824309,544237,120,1,Semiurban,N
Female,Yes,3+,Graduate,2039782,1425058,4423398,180,1,Semiurban,Y
Male,No,2,Not Graduate,134778,4415630,2275202,360,1,Rural,Y
Male,Yes,1,Not Graduate,567108,4196159,854724,180,1,Rural,Y
Male,No,2,Graduate,1277328,59769,1502276,180,0,Semiurban,N
Male,Yes,2,Graduate,3956044,1502728,2477124,360,1,Rural,Y
Male,No,1,Graduate,4508429,2457907,3817147,360,1,Urban,Y
Male,No,0,Not Graduate,4405799,1174288,1854924,180,1,Semiurban,Y
Female,Yes,2,Not Graduate,2136121,3255230,2305339,360,1,Rural,Y
Female,No,3+,Not Graduate,3211423,1055104,3068936,180,1,Rural,Y
Female,No,3+,Graduate,2331583,4711733,3332741,240,1,Urban,Y
Male,Yes,2,Graduate,4855335,1053772,3288304,120,1,Rural,Y
Male,Yes,2,Graduate,3126483,1753183,104313,240,1,Semiurban,Y
Male,Yes,2,Not Graduate,4429435,1303875,618711,240,1,Rural,Y
Male,Yes,3+,Not Graduate,4395911,1249962,4764659,360,0,Semiurban,N
Male,Yes,3+,Graduate,754880,2736123,42488,240,1,Rural,Y
Female,No,1,Graduate,3818238,153854,2530734,180,0,Semiurban,N
Male,Yes,2,Graduate,3040433,3986369,4308192,120,1,Semiurban,Y
Female,No,0,Graduate,4787988,2928348,777999,120,1,Semiurban,Y
Male,Yes,3+,Not Graduate,3302277,1745847,4223909,120,1,Rural,N
Male,Yes,0,Graduate,867981,3575725,3705971,360,0,Rural,N
Male,No,3+,Not Graduate,329124,2242527,4535621,120,1,Semiurban,Y
Male,Yes,3+,Not Graduate,2519300,1508577,4640604,360,1,Semiurban,Y
Male,Yes,2,Not Graduate,2148696,2115297,280486,180,1,Rural,Y
Female,No,2,Not Graduate,2790379,2146196,2903501,360,0,Semiurban,N
Male,Yes,0,Graduate,3677764,918129,1403908,120,0,Rural,N
Female,No,0,Graduate,4073243,2699596,4124504,240,1,Urban,Y
Female,Yes,2,Not Graduate,1921331,3447497,1316241,240,1,Semiurban,N
Male,Yes,1,Graduate,3455659,3563014,2630372,240,1,Urban,Y
Female,No,0,Graduate,703226,3971078,3837339,180,0,Rural,N
Male,No,1,Graduate,4283827,4107748,3724086,180,1,Rural,Y
Female,Yes,1,Not Graduate,3396122,3083711,4142606,180,1,Rural,Y
Female,Yes,3+,Not Graduate,169759,939544,4433429,240,1,Urban,N
Female,No,1,Graduate,2589701,436426,1844181,180,1,Semiurban,Y
Female,No,0,Graduate,4230884,4439171,472030,180,1,Semiurban,Y
Male,No,0,Graduate,1813818,4906329,4034848,240,0,Urban,N
Female,Yes,1,Not Graduate,152021,2483557,2812795,360,1,Semiurban,N
Female,No,2,Graduate,140148,3585848,865353,120,1,Urban,Y
Female,No,0,Not Graduate,1175870,2220959,208088,180,1,Rural,Y
Female,Yes,0,Graduate,4015176,4768966,1950578,120,1,Semiurban,Y
Female,Yes,1,Graduate,2289858,297018,1196860,120,1,Urban,Y
Female,No,3+,Not Graduate,2294635,1393380,4257913,180,1,Rural,Y
Female,No,1,Not Graduate,3710468,4357,1198187,240,1,Urban,Y
Male,Yes,2,Not Graduate,1207905,1624772,35741,360,1,Semiurban,Y
Male,No,2,Graduate,538859,195161,1937569,240,1,Semiurban,Y
Male,No,3+,Not Graduate,4639409,2212084,4883288,180,1,Urban,Y
Female,Yes,0,Graduate,3222139,4570944,4545710,240,1,Semiurban,Y
Male,No,3+,Graduate,3529661,57672,2752936,360,1,Semiurban,Y
Male,No,3+,Not Graduate,1988552,1238363,653812,360,1,Rural,Y
Male,No,2,Not Graduate,4528194,664893,2549389,180,1,Urban,N
Male,Yes,1,Not Graduate,1620795,439098,3095854,120,1,Urban,Y
Female,Yes,3+,Not Graduate,4361038,572219,2159053,120,1,Semiurban,Y
Female,Yes,0,Graduate,2526853,3802535,852759,180,1,Semiurban,Y
Female,Yes,2,Not Graduate,816482,1491252,4485078,120,0,Urban,N
Male,No,3+,Not Graduate,8609,1308647,3606081,120,0,Semiurban,N
Female,No,3+,Graduate,1011903,4204890,3058987,120,1,Rural,N
Female,No,1,Graduate,3703296,4120616,3073715,240,1,Urban,Y
Male,Yes,1,Graduate,2268024,2118566,4164460,240,0,Rural,N
Female,Yes,1,Not Graduate,1699804,3051247,877399,180,1,Semiurban,Y
Male,No,2,Graduate,1360747,380957,2103144,360,1,Semiurban,Y
Male,No,2,Graduate,2364148,359640,2828977,180,1,Rural,Y
Male,No,3+,Not Graduate,3394993,2292762,588660,240,1,Rural,Y
Male,Yes,3+,Graduate,2470894,3149771,2885228,180,1,Semiurban,Y
Male,Yes,2,Not Graduate,558215,3174265,4291990,240,1,Semiurban,Y
Female,Yes,1,Not Graduate,2325462,1558295,1522672,360,0,Urban,N
Female,No,3+,Not Graduate,590746,3443656,4887473,120,1,Rural,Y
Male,No,3+,Not Graduate,2417990,550190,4683398,120,1,Semiurban,Y
Female,No,3+,Not Graduate,798134,4157518,4248369,360,1,Rural,Y
Female,No,1,Not Graduate,787026,4777734,2833079,360,1,Semiurban,Y
Female,No,3+,Graduate,3171163,3456841,253654,360,0,Semiurban,N
Male,No,0,Graduate,4000866,3469421,4729414,180,1,Rural,Y
Female,No,2,Graduate,1817889,2242470,4775144,240,0,Rural,N
Female,Yes,3+,Graduate,2870969,3688317,2037491,180,0,Urban,N
Female,No,2,Not Graduate,3429531,4280065,124435,120,1,Rural,Y
Male,No,2,Not Graduate,695769,2024749,3855243,360,1,Rural,Y
Female,No,3+,Not Graduate,244542,3920668,4531529,240,1,Semiurban,N
Male,No,2,Graduate,694483,2376481,2831713,180,1,Rural,Y
Female,Yes,1,Graduate,4376963,882311,4876671,180,1,Urban,Y
Female,Yes,2,Graduate,1627755,4842181,2313263,120,1,Rural,Y
Female,Yes,2,Not Graduate,467048,257561,2586426,180,1,Rural,Y
Male,Yes,0,Graduate,466218,2738779,4874668,180,1,Rural,Y
Male,Yes,3+,Graduate,1992024,3736937,2563246,120,1,Semiurban,Y
Female,No,0,Not Graduate,868391,3524473,153806,120,1,Urban,Y
Male,Yes,0,Not Graduate,901294,2468520,3507711,240,1,Rural,Y
Male,Yes,3+,Graduate,3071390,425024,2866048,240,1,Urban,Y
Female,No,0,Not Graduate,1313284,1045949,2442549,120,0,Urban,N
Male,Yes,3+,Not Graduate,601077,1691316,2601298,360,1,Semiurban,Y
Male,Yes,1,Not Graduate,1249009,3862111,4879012,180,1,Urban,Y
Female,No,3+,Not Graduate,1120025,564653,4337386,240,1,Semiurban,Y
Male,Yes,2,Graduate,3451845,1370443,2083836,120,1,Urban,Y
Male,Yes,0,Graduate,41065,4390970,639827,120,1,Rural,Y
Female,No,2,Graduate,4976431,702645,849777,180,1,Semiurban,Y
Male,Yes,2,Graduate,8249,1523468,3352029,180,1,Rural,N
Male,No,1,Not Graduate,4987012,934612,4613430,360,1,Urban,Y
Female,No,1,Graduate,4279262,2548620,3273938,240,1,Semiurban,Y
Male,Yes,0,Not Graduate,539853,2838929,3016532,240,1,Semiurban,Y
Male,No,0,Graduate,837443,3145593,2367717,180,1,Semiurban,Y
Female,No,1,Graduate,4281782,2681428,2861888,180,1,Rural,Y
Female,Yes,2,Graduate,3802510,3166771,3139078,180,1,Rural,Y
Female,No,3+,Not Graduate,1381673,3088800,4720603,120,0,Semiurban,N
Male,No,3+,Not Graduate,3701791,4636660,3398368,120,1,Urban,Y
Male,Yes,1,Graduate,1529951,4834499,3938385,360,1,Semiurban,Y
Male,Yes,3+,Graduate,1931827,4590814,2780949,180,1,Semiurban,Y
Female,No,0,Not Graduate,3526673,3366636,1146219,120,0,Urban,N
Female,Yes,2,Graduate,4722893,2420157,10054,120,1,Rural,Y
Male,Yes,1,Graduate,1078509,3274698,3150661,240,1,Rural,Y
Male,No,1,Not Graduate,1855621,596864,4232986,180,1,Semiurban,Y
Female,Yes,3+,Not Graduate,4722237,2814573,1601765,120,1,Urban,Y
Female,Yes,1,Not Graduate,816886,3803590,799213,360,1,Semiurban,Y
Female,No,0,Not Graduate,2097716,3488937,431203,240,1,Semiurban,Y
Female,Yes,1,Not Graduate,1365935,4217311,1950095,180,1,Semiurban,N
Female,No,1,Not Graduate,2039809,4005459,2776439,120,1,Urban,Y
Female,Yes,3+,Not Graduate,3292702,2965939,2046501,180,0,Rural,N
Female,Yes,3+,Not Graduate,1338252,4005632,3717391,360,0,Semiurban,N
Female,Yes,2,Not Graduate,270653,1528199,2275902,360,1,Urban,N
Male,Yes,0,Not Graduate,576935,2811614,2116785,240,1,Rural,Y
Female,Yes,1,Graduate,3772593,889267,2649096,360,1,Rural,Y
Female,No,3+,Not Graduate,2440785,1286979,3264869,240,1,Rural,Y
Male,No,2,Not Graduate,1067277,2747408,2153887,120,0,Rural,N
Male,Yes,0,Not Graduate,1367269,2230806,167615,360,1,Urban,Y
Male,Yes,0,Graduate,2575728,1033173,69968,360,1,Semiurban,Y
Female,Yes,0,Graduate,1851746,784618,3668094,360,1,Rural,Y
Female,Yes,1,Not Graduate,2067276,3054069,4879212,240,1,Semiurban,N
Female,Yes,2,Not Graduate,4285433,1059095,1573280,120,1,Rural,Y
Female,No,1,Not Graduate,649052,1919270,4653629,240,1,Semiurban,Y
Male,Yes,3+,Not Graduate,256594,3299837,4198217,240,1,Rural,N
Male,No,3+,Not Graduate,1614968,245877,2598045,120,1,Rural,Y
Male,Yes,3+,Not Graduate,1272135,2547850,4091502,120,1,Urban,Y
Male,Yes,3+,Not Graduate,1868558,1061543,3968849,120,1,Semiurban,Y
Female,No,2,Not Graduate,1974244,3406233,105291,240,1,Semiurban,Y
Male,Yes,0,Graduate,3743587,1968831,3734914,360,1,Rural,Y
Male,No,2,Graduate,61701,4269822,4412895,360,1,Urban,N
Female,No,2,Graduate,2987111,995170,4845173,360,1,Semiurban,N
Male,Yes,0,Graduate,1012487,1729772,2371568,180,1,Rural,N
Male,No,0,Graduate,2249670,3479817,641971,240,1,Urban,Y
Male,No,3+,Not Graduate,1024983,3960389,4678317,120,1,Urban,Y
Female,No,1,Not Graduate,4282878,4743410,3089308,240,1,Rural,Y
Female,Yes,2,Not Graduate,4190698,218475,213230,360,1,Semiurban,Y
Female,No,1,Graduate,2778168,3114298,3182336,240,1,Urban,Y
Female,Yes,0,Not Graduate,1323424,4933652,3018118,240,1,Semiurban,Y
Male,No,1,Graduate,1854580,213375,1833559,180,1,Rural,Y
Male,No,0,Not Graduate,1671163,1977653,346642,240,1,Rural,Y
Female,Yes,0,Not Graduate,3309932,3509337,774121,120,1,Rural,Y
Male,Yes,2,Graduate,2443913,116242,2341421,120,1,Rural,Y
Female,Yes,3+,Graduate,939703,807075,216432,180,1,Rural,Y
Male,No,0,Not Graduate,4710870,1609880,4068725,240,1,Semiurban,Y
Female,No,1,Graduate,4704762,4186714,2900270,120,0,Urban,N
Male,Yes,1,Graduate,3082707,4989847,1991986,360,1,Semiurban,Y
Female,No,3+,Not Graduate,109865,4979060,3723148,240,1,Semiurban,N
Male,Yes,2,Graduate,4945181,554736,4297950,240,1,Rural,Y
Female,Yes,1,Graduate,795505,2575839,3661248,120,1,Semiurban,Y
Female,No,3+,Not Graduate,2321641,97347,125654,240,1,Semiurban,Y
Male,No,3+,Not Graduate,2999311,3245560,4210055,360,1,Semiurban,Y
Male,No,1,Graduate,4085698,3420599,3415081,120,1,Rural,Y
Male,No,0,Not Graduate,2721188,1231490,1133690,360,0,Rural,N
Male,No,2,Graduate,4593020,3483821,77252,180,1,Urban,Y
Female,No,2,Graduate,3585935,3763191,3200,180,1,Semiurban,Y
Male,No,3+,Not Graduate,2545303,3200332,4380983,120,1,Semiurban,Y
Male,Yes,0,Not Graduate,2717870,77449,1955036,120,1,Semiurban,N
Male,No,1,Graduate,3378958,49000,3104462,360,1,Semiurban,Y
Female,No,2,Graduate,4149785,357979,4666104,120,1,Rural,Y
Male,No,1,Graduate,4627440,1364490,1662047,120,0,Rural,N
Male,No,2,Not Graduate,4868530,1126661,4727178,120,1,Rural,Y
Male,No,3+,Not Graduate,4937672,1014189,302470,180,1,Semiurban,Y
Female,Yes,1,Graduate,3100315,3699347,2517337,240,1,Semiurban,Y
Female,Yes,0,Graduate,1328823,291662,73606,240,1,Semiurban,Y
Male,Yes,3+,Graduate,548429,3275307,192907,180,1,Rural,N
Female,Yes,2,Not Graduate,4619306,4811516,702675,360,1,Semiurban,Y
Male,No,3+,Graduate,3454999,2102128,1587100,120,1,Urban,Y
Male,No,2,Graduate,4142043,3835851,3601820,360,1,Semiurban,Y
Male,Yes,0,Not Graduate,4401728,1930910,4594757,180,1,Semiurban,Y
Female,Yes,2,Graduate,3515036,4365807,2170024,180,1,Rural,Y
Female,No,1,Graduate,953073,3266426,508870,360,1,Semiurban,Y
Male,No,1,Not Graduate,2501969,321544,639398,120,1,Rural,Y
Female,No,3+,Not Graduate,2115485,4383869,3146186,240,0,Semiurban,N
Female,No,3+,Not Graduate,4806242,83835,3455579,120,1,Urban,Y
Male,Yes,0,Not Graduate,2059091,2144886,3678719,240,1,Rural,N
Female,No,3+,Not Graduate,2674105,3370768,3143527,360,1,Urban,Y
Female,Yes,0,Not Graduate,3590368,4684022,2216775,180,1,Semiurban,N
Female,Yes,0,Not Graduate,4676419,1204230,3526443,180,1,Semiurban,Y
Female,No,2,Not Graduate,856360,3667456,1322668,240,0,Rural,N
Male,Yes,2,Graduate,4426702,1172265,1767650,360,1,Rural,Y
Male,Yes,1,Not Graduate,3772745,1129929,4257563,240,1,Semiurban,Y
Male,No,0,Not Graduate,1228891,3562072,2212590,180,1,Urban,Y
Female,No,1,Graduate,3524200,4903996,4867837,180,1,Urban,Y
Female,No,0,Not Graduate,2860290,1501593,1281948,360,1,Rural,Y
Female,Yes,2,Not Graduate,4185400,2844249,4795658,180,1,Rural,Y
Female,Yes,3+,Graduate,1941429,3192801,3961190,240,1,Urban,Y
Female,Yes,1,Graduate,2296114,623326,90067,120,1,Urban,Y
Male,Yes,2,Graduate,2144281,1718502,4200393,120,1,Urban,Y
Male,No,0,Not Graduate,196007,4374737,4542787,120,0,Semiurban,N
Male,Yes,3+,Graduate,1829364,4409544,108836,360,1,Rural,Y
Female,Yes,1,Graduate,1973145,545491,7822,240,1,Rural,Y
Male,Yes,3+,Not Graduate,2315875,463569,4217842,240,0,Rural,N
Female,Yes,1,Graduate,111815,2770708,3996402,180,1,Rural,N
Female,Yes,3+,Graduate,808594,3105538,3553909,360,1,Semiurban,Y
Male,Yes,1,Graduate,4625558,3007696,3686138,360,0,Urban,N
Male,Yes,1,Not Graduate,80791,4151561,3343124,240,0,Semiurban,N
Male,No,0,Graduate,4476064,2939887,3478623,180,1,Rural,Y
Male,No,2,Graduate,2390519,203065,1062452,360,1,Urban,Y
Male,Yes,1,Not Graduate,4166921,2919253,2903722,360,1,Rural,Y
Female,No,3+,Graduate,4204569,2375613,4481680,180,1,Urban,Y
Male,No,0,Not Graduate,3919757,1652622,107912,240,1,Rural,Y
Female,No,2,Graduate,3987922,1619129,3766969,360,1,Rural,Y
Male,Yes,1,Graduate,1222678,2240276,1011236,240,1,Rural,Y
Female,No,0,Not Graduate,4427931,4716774,464066,180,1,Urban,Y
Female,No,0,Graduate,688193,2630742,974505,180,1,Urban,Y
Female,No,0,Graduate,1985949,725129,7793,360,1,Urban,Y
Female,No,0,Not Graduate,4155535,1654316,2918025,120,1,Urban,Y
Female,Yes,3+,Not Graduate,4305479,1091926,1056462,360,1,Rural,Y
Male,No,0,Not Graduate,2305189,42762,1183124,180,1,Rural,Y
Female,No,0,Not Graduate,2462782,3320608,2099286,360,1,Rural,Y
Male,Yes,0,Graduate,2124199,4107506,1348572,360,1,Semiurban,Y
Female,Yes,2,Not Graduate,838894,182113,901297,120,1,Rural,Y
Male,No,3+,Graduate,3311252,4633698,1915351,180,1,Rural,Y
Male,No,0,Graduate,1901912,4524930,4623429,120,1,Rural,Y
Female,Yes,1,Not Graduate,3625653,1120994,3706603,120,1,Urban,Y
Female,Yes,0,Not Graduate,3722990,1539471,623338,120,1,Semiurban,Y
Female,No,0,Graduate,1701509,3086782,2938932,180,1,Semiurban,Y
Female,Yes,2,Not Graduate,1557110,1204638,3298235,120,0,Urban,N
Male,No,3+,Graduate,3841124,430537,4246342,240,0,Rural,N
Male,No,3+,Not Graduate,4420547,2039060,1666903,360,1,Semiurban,Y
Male,Yes,2,Not Graduate,1304293,4898648,2962864,180,1,Rural,Y
Female,Yes,3+,Graduate,3866991,3900746,2082065,360,1,Rural,Y
Female,No,2,Graduate,2254057,483293,2530242,360,1,Urban,Y
Female,Yes,1,Graduate,3186513,1579198,1823084,120,1,Rural,Y
Female,Yes,0,Graduate,2459647,2139397,786728,240,0,Rural,N
Male,No,3+,Graduate,4255420,3581009,3084151,240,1,Urban,Y
Male,No,1,Graduate,4660509,316756,4717698,120,0,Semiurban,N
Female,Yes,0,Graduate,4599324,4941381,218001,120,1,Rural,Y
Female,Yes,1,Graduate,3928026,4854697,1507132,360,1,Rural,Y
Male,No,1,Not Graduate,4111391,4155626,4784616,360,1,Rural,Y
Female,No,0,Graduate,337588,3971973,652456,120,1,Urban,Y
Male,No,0,Not Graduate,4310082,1726419,938498,180,1,Urban,Y
Female,Yes,3+,Not Graduate,3617757,3082843,3266355,240,1,Rural,Y
Female,No,3+,Not Graduate,2610820,4834044,47439,120,0,Urban,N
Female,No,2,Not Graduate,1058662,2989232,3233827,180,0,Rural,N
Male,No,2,Graduate,2205424,933430,2397111,240,1,Urban,Y
Female,No,1,Not Graduate,3931712,1842553,728552,120,1,Rural,Y
Female,No,3+,Graduate,4883643,3146023,3804044,120,0,Urban,N
Female,Yes,3+,Not Graduate,2949771,275007,4152241,180,1,Semiurban,Y
Female,No,2,Not Graduate,2885701,3985308,2819889,360,1,Urban,Y
Male,No,0,Not Graduate,4779574,1698765,1104715,240,1,Urban,Y
Male,No,3+,Graduate,2513373,413025,2738849,360,1,Rural,Y
Female,Yes,1,Graduate,4278608,2702848,1312164,240,1,Urban,Y
Female,Yes,2,Graduate,1247655,4568661,4542132,240,1,Semiurban,Y
Male,No,2,Graduate,3930657,2968158,3921576,120,1,Semiurban,Y
Male,No,2,Graduate,3599967,2676654,1121129,240,1,Urban,Y
Male,No,2,Not Graduate,1759808,3020846,3543090,120,1,Semiurban,Y
Male,No,3+,Not Graduate,375468,2956538,2759756,360,1,Urban,Y
Female,No,2,Not Graduate,2283228,4213537,1323713,120,0,Semiurban,N
Male,Yes,0,Graduate,1626513,2982240,931069,180,1,Urban,Y
Male,No,0,Not Graduate,3551641,269524,4021520,240,1,Semiurban,Y
Female,Yes,2,Not Graduate,325563,1464511,3667296,120,1,Semiurban,Y
Female,No,3+,Graduate,2441970,529754,964733,120,0,Urban,N
Male,No,1,Graduate,4615749,2795023,406964,360,1,Semiurban,Y
Male,No,1,Not Graduate,2618376,2184317,3654142,240,0,Rural,N
Female,No,1,Not Graduate,2656034,3891997,2287585,120,0,Rural,N
Male,Yes,3+,Not Graduate,2757733,2210826,1000451,120,1,Rural,Y
Female,No,3+,Graduate,1754734,4134218,808298,240,1,Semiurban,Y
Male,Yes,3+,Graduate,4025981,4559664,4491434,240,1,Urban,Y
Male,No,3+,Graduate,507599,1457966,1740881,180,1,Urban,Y
Female,No,2,Not Graduate,2403410,310904,1768673,360,0,Semiurban,N
Male,No,1,Graduate,2940634,2875078,4142003,120,1,Semiurban,N
Male,Yes,0,Graduate,1488721,780058,2194501,360,0,Rural,N
Male,No,1,Graduate,470096,1015505,3756163,240,0,Urban,N
Male,Yes,1,Graduate,944839,4026588,3828770,120,1,Semiurban,N
Male,Yes,3+,Graduate,2991502,4197159,2461547,180,1,Rural,Y
Male,Yes,1,Not Graduate,4217774,4623541,674951,360,1,Rural,Y
Female,Yes,2,Not Graduate,4214220,1931417,1452897,360,0,Semiurban,N
Female,No,1,Not Graduate,2909441,4572086,4010266,180,1,Semiurban,Y
Male,Yes,3+,Graduate,859254,58455,2578689,120,1,Urban,Y
Male,No,3+,Graduate,4805529,1644730,4771108,360,1,Rural,Y
Female,Yes,0,Graduate,778225,1677555,2602520,240,1,Urban,Y
Male,No,2,Not Graduate,3995418,3697527,2301529,180,0,Urban,N
Male,Yes,0,Not Graduate,534896,3465367,48715,360,0,Urban,N
Female,No,1,Graduate,4908643,3985317,43428,360,1,Rural,Y
Female,No,2,Graduate,159121,4677444,4628695,240,0,Semiurban,N
Female,No,0,Not Graduate,4779932,3503525,1306253,360,1,Rural,N
Female,No,2,Not Graduate,305556,2804277,4991129,180,1,Rural,Y
Female,Yes,0,Graduate,3162603,3685195,504293,240,1,Urban,Y
Male,No,3+,Not Graduate,3898119,4912970,3715257,360,1,Semiurban,Y
Female,Yes,3+,Graduate,3225100,1599833,2371059,360,1,Semiurban,Y
Male,No,1,Graduate,3696868,115383,1421761,120,1,Urban,Y
Male,No,2,Graduate,2390080,213491,4022446,360,1,Semiurban,Y
Female,No,3+,Not Graduate,4076872,3932160,2274027,120,0,Semiurban,N
Female,No,0,Not Graduate,3644721,658267,4117452,360,1,Semiurban,Y
Female,No,0,Not Graduate,861013,1407331,3571846,360,1,Rural,Y
Male,Yes,0,Graduate,32809,1320443,302917,180,1,Urban,Y
Male,Yes,1,Not Graduate,2466360,2859381,1073686,240,1,Urban,Y
Female,No,3+,Not Graduate,279333,1717563,2946752,240,0,Rural,N
Male,Yes,2,Not Graduate,3662884,3579327,2998475,360,1,Rural,Y
Female,No,3+,Not Graduate,2938896,2738843,4265204,360,1,Rural,N
Male,No,2,Graduate,1686478,742626,3500676,180,1,Semiurban,Y
Female,No,1,Not Graduate,998307,4847328,4190482,120,1,Semiurban,Y
Female,Yes,0,Graduate,2410912,4939893,806744,180,1,Urban,Y
Male,No,3+,Not Graduate,4331419,1710841,4776302,120,1,Semiurban,Y
Male,Yes,3+,Not Graduate,3198026,2637551,2044717,240,1,Semiurban,Y
Female,No,3+,Graduate,2149152,4198458,1883589,360,1,Semiurban,Y
Male,Yes,2,Not Graduate,2277381,3783924,2781455,360,1,Rural,Y
Male,Yes,0,Not Graduate,4650825,211426,3138231,120,0,Semiurban,N
Female,Yes,1,Graduate,732944,236692,1143172,180,1,Urban,Y
Male,No,0,Graduate,4491312,2893934,2802822,360,0,Rural,N
Male,No,1,Not Graduate,2581743,985543,3049671,240,1,Rural,N
Female,Yes,1,Graduate,4811643,292400,660021,180,1,Urban,Y
Female,No,1,Not Graduate,23588,2123286,917766,180,0,Semiurban,N
Female,Yes,1,Not Graduate,3158681,498002,1963675,240,1,Rural,Y
Male,No,3+,Not Graduate,2718069,2801877,4733925,240,1,Urban,Y
Female,No,1,Graduate,2680468,2770190,3059211,180,1,Semiurban,N
Female,Yes,3+,Graduate,1813367,4251239,1831922,360,1,Semiurban,Y
Female,Yes,2,Graduate,3589837,3794919,382814,180,1,Urban,Y
Male,No,3+,Not Graduate,2134371,2876497,4136392,120,1,Urban,Y
Female,No,0,Not Graduate,3281901,4265460,2324624,180,1,Semiurban,Y
Male,No,2,Not Graduate,3632008,2541846,597509,240,1,Semiurban,Y
Female,No,3+,Not Graduate,2386335,1232332,64071,120,0,Urban,N
Male,No,0,Graduate,4134210,1799450,3768832,360,1,Rural,Y
Male,No,0,Not Graduate,2610355,3706705,3809868,120,1,Semiurban,Y
Male,No,3+,Graduate,2262354,1455999,2341460,120,1,Urban,Y
Female,Yes,3+,Not Graduate,3799538,4128401,3225597,120,0,Urban,N
Female,No,0,Not Graduate,1833217,2519994,4443075,180,0,Rural,N
Male,Yes,2,Graduate,4899214,2174732,184363,360,0,Semiurban,N
Male,Yes,0,Not Graduate,1195225,2092323,518156,240,1,Urban,Y
Male,No,3+,Not Graduate,788060,2519843,2801364,360,1,Semiurban,Y
Male,Yes,1,Graduate,4762847,2789138,578323,360,1,Urban,Y
Female,Yes,2,Graduate,1992835,4228316,3340970,120,0,Rural,N
Male,No,3+,Not Graduate,2964985,4996195,1413264,180,1,Rural,Y
Male,No,3+,Graduate,1013486,4762500,3679089,360,1,Semiurban,Y
Female,Yes,2,Not Graduate,1055874,1064289,4763949,120,1,Rural,Y
Female,No,0,Not Graduate,273814,1314058,4120696,120,1,Urban,N
Male,Yes,3+,Graduate,372051,2034339,1430598,180,1,Rural,Y
Male,Yes,0,Graduate,3427995,2224513,1797764,120,0,Semiurban,N
Male,No,3+,Graduate,4881678,1935704,959284,180,1,Rural,Y
Male,No,3+,Not Graduate,2225783,48667,1218796,120,1,Semiurban,Y
Female,No,0,Graduate,1745734,1555277,4647367,180,1,Semiurban,Y
Male,No,3+,Graduate,1572964,4235525,257099,240,1,Rural,Y
Male,Yes,1,Not Graduate,3677362,1299613,1406601,240,1,Rural,N
Male,No,1,Graduate,3002378,3556574,3370739,180,1,Urban,Y
Male,No,0,Graduate,804569,4447501,53434,180,1,Semiurban,Y
Female,Yes,1,Not Graduate,1565974,680178,1672828,360,1,Urban,Y
Female,Yes,1,Not Graduate,705551,2508886,97431,180,1,Semiurban,Y
Female,Yes,0,Graduate,4780077,1335217,2983404,240,1,Rural,Y
Female,Yes,0,Not Graduate,924899,4148329,4561671,360,1,Semiurban,Y
Male,Yes,0,Not Graduate,1727921,3775264,3038960,120,1,Urban,Y
Male,No,2,Graduate,863134,1210840,2789975,120,1,Semiurban,Y
Male,Yes,1,Not Graduate,1746575,2902921,1709298,240,0,Urban,N
Male,No,3+,Graduate,2730244,2696250,4972074,180,0,Rural,N
Female,No,3+,Graduate,2548163,406933,699235,360,1,Urban,Y
Female,Yes,0,Not Graduate,4062503,2698930,847177,360,1,Rural,Y
Female,Yes,2,Not Graduate,2276648,1786846,4406249,240,0,Semiurban,N
Male,Yes,2,Not Graduate,4542042,4088539,1003595,180,1,Semiurban,Y
Male,No,0,Graduate,3230586,3855574,4719339,360,1,Semiurban,Y
Male,Yes,1,Not Graduate,2092026,587965,2083794,360,1,Rural,Y
Male,No,2,Not Graduate,4253138,648923,65623,360,1,Urban,Y
Female,Yes,1,Graduate,321845,2504653,2444524,360,1,Urban,Y
Male,No,2,Not Graduate,2215268,638966,1900255,360,1,Semiurban,N
Male,No,0,Not Graduate,4336472,2805200,4750093,240,1,Rural,Y
Female,No,3+,Graduate,4061328,3631959,1425410,360,1,Urban,Y
Female,No,1,Not Graduate,2216228,3356818,4233292,240,1,Rural,Y
Male,Yes,1,Not Graduate,4188504,2198456,280702,240,0,Semiurban,N
Male,Yes,2,Not Graduate,3887739,4085623,4351088,360,0,Semiurban,N
Male,Yes,1,Graduate,1502596,1162474,60117,180,0,Semiurban,N
Female,Yes,2,Not Graduate,1789533,2040512,660284,360,0,Rural,N
Male,Yes,3+,Not Graduate,1431388,2203502,10748,120,1,Rural,Y
Male,No,3+,Not Graduate,4934074,2444147,3286289,360,1,Urban,Y
Male,No,0,Not Graduate,155705,161861,2104128,180,1,Rural,N
Female,Yes,3+,Not Graduate,4976412,1841480,4488483,240,1,Semiurban,Y
Female,Yes,0,Not Graduate,3672282,2132843,3376311,360,1,Urban,Y
Male,Yes,3+,Not Graduate,4184501,97917,2737795,240,1,Urban,Y
Female,Yes,0,Graduate,797051,1914438,3366617,240,1,Rural,Y
Female,No,2,Not Graduate,3133605,4299698,557244,240,1,Rural,Y
Female,Yes,3+,Graduate,4565175,180369,90354,180,1,Semiurban,Y
Female,Yes,0,Not Graduate,4057474,2272886,4198204,120,0,Urban,N
Male,Yes,2,Not Graduate,2638088,1354794,2721849,120,1,Rural,Y
Male,No,1,Not Graduate,1237135,1735996,4846092,240,1,Rural,Y
Female,Yes,1,Graduate,1674283,1590696,3084261,180,1,Urban,Y
Female,Yes,3+,Graduate,4296771,1843824,2128034,240,1,Semiurban,Y
Male,Yes,2,Graduate,992530,3051745,1550232,240,0,Urban,N
Male,No,2,Not Graduate,4717289,2462672,3639056,360,1,Semiurban,Y
Female,Yes,1,Not Graduate,1237793,2813127,4073361,180,1,Rural,N
Male,Yes,0,Graduate,148817,630525,4212464,120,0,Semiurban,N
Female,No,2,Not Graduate,810661,318839,1068377,180,1,Rural,Y
Female,No,1,Graduate,1809211,1487130,2490541,120,1,Urban,Y
Male,No,2,Not Graduate,4274515,1468270,1480661,240,1,Rural,Y
Female,Yes,2,Not Graduate,2035230,3982460,4557409,120,1,Urban,Y
Female,Yes,1,Graduate,2578197,4689089,4766154,180,1,Urban,Y
Female,No,0,Graduate,3987252,1474872,3708390,120,1,Semiurban,Y
Male,Yes,2,Graduate,1938674,746223,4363305,360,1,Urban,Y
Male,No,0,Graduate,3232594,1564290,3288385,240,1,Urban,Y
Female,Yes,2,Graduate,1430411,2156678,3644676,360,1,Urban,N
Female,Yes,1,Not Graduate,3052533,1850455,2240668,120,1,Urban,Y
Female,No,2,Not Graduate,2623239,239698,1271589,240,1,Rural,Y
Female,Yes,2,Graduate,231860,1084758,1189997,360,0,Semiurban,N
Female,Yes,2,Not Graduate,1787241,1205207,4544920,120,1,Semiurban,Y
Male,Yes,2,Graduate,4586178,3127419,4292942,240,1,Urban,Y
Female,No,2,Graduate,2918445,4669318,30474,360,1,Semiurban,Y
Female,Yes,1,Not Graduate,2696483,1682618,3811245,120,1,Urban,Y
Female,No,2,Graduate,1621898,1656390,2805941,180,1,Rural,Y
Male,No,3+,Graduate,247617,3325265,4669004,360,0,Rural,N
Male,Yes,2,Graduate,1177709,2368898,4793477,240,1,Rural,Y
Female,Yes,2,Graduate,2260875,3510105,956722,180,0,Urban,N
Male,Yes,3+,Graduate,1136922,3485009,962888,240,0,Rural,N
Male,Yes,0,Graduate,246115,4945354,4980735,360,1,Semiurban,N
Female,Yes,2,Not Graduate,3258521,2739058,3839768,360,1,Urban,Y
Male,Yes,1,Graduate,2259977,3564564,2193871,360,0,Semiurban,N
Female,Yes,1,Not Graduate,2115729,35135,3504495,180,1,Semiurban,Y
Male,No,2,Graduate,4453554,582039,575843,240,1,Urban,Y
Male,Yes,1,Not Graduate,2770470,3876386,391458,120,1,Urban,Y
Female,No,3+,Not Graduate,262245,1002986,1728048,360,1,Urban,N
Male,No,3+,Graduate,3292008,3825540,4561337,180,1,Rural,Y
Female,Yes,1,Not Graduate,877850,4776694,2540932,180,1,Urban,Y
Female,No,3+,Not Graduate,1759644,2092453,3215442,180,0,Urban,N
Male,No,0,Not Graduate,1151496,3795695,3605552,360,0,Semiurban,N
Male,Yes,3+,Graduate,3040649,1119869,975889,120,1,Semiurban,Y
Male,No,3+,Graduate,2767689,4634558,2183722,240,1,Semiurban,Y
Female,Yes,2,Not Graduate,2402083,2367109,294703,360,1,Semiurban,Y
Female,Yes,1,Graduate,3226864,2411459,2737077,180,0,Rural,N
Female,No,0,Not Graduate,289900,1760379,740396,240,0,Rural,N
Male,Yes,1,Not Graduate,475333,1955075,3892519,360,1,Semiurban,Y
Female,Yes,1,Not Graduate,1681413,508602,1676121,240,1,Semiurban,Y
Female,No,0,Graduate,4291984,553892,241263,180,1,Semiurban,Y
Female,Yes,2,Not Graduate,4000161,361616,4904321,360,1,Urban,Y
Male,No,1,Not Graduate,383594,870538,280009,360,0,Rural,N
Female,Yes,3+,Not Graduate,1030912,3200176,4684501,240,1,Urban,Y
Male,Yes,1,Graduate,3158670,3402908,313919,120,1,Rural,Y
Female,No,2,Not Graduate,1487209,4971631,3478294,240,1,Semiurban,Y
Male,Yes,0,Not Graduate,2490888,4870413,2358114,360,0,Semiurban,N
Male,Yes,2,Graduate,4097804,3193570,2677207,360,1,Semiurban,Y
Male,No,1,Graduate,4793953,998591,281972,360,1,Urban,Y
Female,Yes,1,Graduate,3469898,256580,4241212,180,1,Semiurban,Y
Female,Yes,1,Not Graduate,1884498,1353018,1625879,120,1,Semiurban,Y
Female,No,0,Not Graduate,3586030,1932386,1316370,120,1,Semiurban,Y
Male,Yes,3+,Not Graduate,1275468,2973750,2584083,240,1,Rural,Y
Female,Yes,2,Not Graduate,555200,3890730,1763332,120,1,Semiurban,Y
Male,No,0,Graduate,990721,221620,2663193,360,1,Semiurban,Y
Female,Yes,2,Graduate,256572,4978638,781605,180,1,Rural,Y
Male,Yes,0,Not Graduate,4651199,3559067,571597,120,1,Semiurban,Y
Male,No,2,Not Graduate,2691642,2430671,2974688,360,1,Semiurban,Y
Female,No,1,Graduate,139618,1512026,668784,120,0,Rural,N
Male,No,3+,Graduate,4383153,4113975,4643922,360,1,Urban,Y
Male,Yes,1,Not Graduate,4247636,612526,1369483,120,1,Rural,N
Female,No,3+,Not Graduate,4704750,3374316,3470395,240,1,Semiurban,Y
Female,Yes,1,Graduate,3328867,4159317,1583554,240,1,Urban,Y
Female,No,0,Graduate,4903285,2861950,2452921,120,1,Rural,Y
Female,Yes,3+,Not Graduate,1566331,2699912,399095,240,1,Urban,Y
Male,Yes,0,Not Graduate,4101662,4597954,3699073,360,1,Rural,Y
Male,Yes,1,Graduate,1544809,1031609,2719097,120,1,Rural,Y
Female,Yes,2,Graduate,2092961,256172,3829798,240,1,Rural,Y
Male,Yes,3+,Graduate,1322561,1603313,381916,120,0,Rural,N
Male,No,3+,Not Graduate,1181924,568170,1354413,360,0,Semiurban,N
Male,Yes,2,Not Graduate,4466405,4380210,3427345,360,1,Urban,Y
Male,Yes,0,Graduate,395962,402516,1079921,360,1,Semiurban,Y
Female,Yes,0,Not Graduate,418299,3116180,4041820,360,1,Semiurban,Y
Male,Yes,1,Not Graduate,760404,2104728,2847149,240,1,Urban,Y
Male,Yes,0,Not Graduate,1731626,505865,502570,240,1,Urban,Y
Male,Yes,0,Not Graduate,1112045,3749588,957445,360,0,Urban,N
Female,No,3+,Not Graduate,1846898,4799759,3991775,240,1,Rural,Y
Male,Yes,0,Not Graduate,3525173,4822650,3089846,240,1,Urban,Y
Female,No,1,Graduate,317832,174615,72945,360,1,Rural,Y
Female,Yes,2,Not Graduate,3742396,4981421,1601549,120,1,Urban,Y
Male,No,0,Graduate,4364806,2714575,3710066,120,0,Urban,N
Male,Yes,2,Graduate,4893080,1696862,3763818,180,0,Urban,N
Female,No,1,Not Graduate,4086072,1904871,2371263,180,1,Semiurban,Y
Female,No,0,Not Graduate,3446132,470806,2861459,180,1,Semiurban,Y
Male,Yes,3+,Graduate,2554631,2950819,4663495,240,1,Rural,Y
Male,Yes,1,Not Graduate,2395212,3064440,3877327,180,1,Semiurban,Y
Female,No,0,Not Graduate,4178510,1295030,3687781,180,1,Rural,N
Male,Yes,0,Graduate,580920,3562952,3839408,180,1,Rural,Y
Male,No,1,Graduate,2885520,684,1163253,360,0,Urban,N
Male,No,1,Not Graduate,2726717,2997456,2801021,360,1,Urban,Y
Male,Yes,0,Not Graduate,4940672,947084,3018786,120,0,Semiurban,N
Female,No,0,Graduate,4253008,4180439,2818576,180,1,Rural,Y
Female,Yes,0,Not Graduate,2281603,3656480,1327308,360,1,Rural,Y
Female,No,0,Graduate,4248324,377650,2578338,120,1,Rural,Y
Female,No,3+,Not Graduate,973748,985266,89669,240,1,Semiurban,Y
Female,Yes,1,Graduate,1956183,4333230,4417040,240,1,Semiurban,Y
Male,Yes,1,Graduate,1133935,149889,2996186,360,1,Urban,Y
Male,No,1,Graduate,2296897,2187866,2748141,180,1,Rural,Y
Female,No,3+,Graduate,3204169,3106073,3651152,180,1,Rural,Y
Male,No,2,Not Graduate,1552370,3221011,958027,240,1,Rural,Y
Female,Yes,0,Graduate,4132813,669962,3633591,180,1,Rural,Y
Female,No,0,Not Graduate,2108562,3476677,4294260,240,0,Rural,N
Female,No,2,Not Graduate,929941,2227454,2384298,360,0,Rural,N
Female,No,2,Graduate,1982408,3501277,1302061,240,0,Rural,N
Male,No,0,Graduate,4691025,2643423,4686873,120,1,Semiurban,Y
Male,No,1,Not Graduate,1529045,2650027,1183640,120,1,Semiurban,Y
Female,Yes,1,Not Graduate,1559044,1797188,468180,180,1,Rural,Y
Female,Yes,1,Graduate,2341559,4650261,1361224,120,0,Urban,N
Male,No,2,Graduate,4189934,933274,3519845,240,0,Semiurban,N
Female,No,2,Graduate,4754880,3088158,3404702,180,1,Rural,Y
Female,Yes,0,Not Graduate,1328436,4662698,2863746,180,1,Semiurban,Y
Female,Yes,0,Not Graduate,399685,1668568,35894,120,1,Urban,Y
Female,No,0,Graduate,2288921,782909,3654408,240,1,Urban,Y
Male,Yes,1,Not Graduate,4801794,1705411,3154483,240,1,Rural,N
Female,Yes,3+,Not Graduate,3470650,3529303,735194,360,1,Rural,Y
Male,Yes,1,Graduate,26796,1899351,3182153,240,1,Semiurban,N
Male,Yes,2,Graduate,658239,2398366,2906849,240,0,Rural,N
Male,Yes,1,Not Graduate,1958803,1990698,2660040,240,0,Rural,N
Female,Yes,1,Graduate,4496090,2411697,1229242,360,0,Semiurban,N
Male,Yes,0,Graduate,3357527,3993350,1309591,240,1,Semiurban,Y
Male,Yes,1,Graduate,2397931,77685,3193311,180,1,Urban,N
Female,No,2,Graduate,3008797,4798476,4559289,240,0,Urban,N
Female,Yes,0,Graduate,2349703,2680710,4388846,360,1,Semiurban,Y
Female,No,2,Not Graduate,4923675,888849,3856227,360,1,Semiurban,Y
Female,No,2,Not Graduate,1755241,2755818,2992804,120,1,Semiurban,Y
Female,No,1,Not Graduate,980429,2104366,405433,120,1,Rural,Y
Female,Yes,1,Graduate,1517160,4564867,3530811,180,1,Rural,Y
Male,Yes,3+,Graduate,2398312,1542563,3154216,120,1,Urban,Y
Female,Yes,1,Not Graduate,1574156,4676622,3170528,180,1,Semiurban,Y
Female,Yes,1,Not Graduate,4519133,3319931,4414516,120,1,Semiurban,Y
Female,Yes,1,Not Graduate,1485132,1858100,1577158,120,0,Rural,N
Male,Yes,3+,Graduate,1054035,1573784,2759983,120,1,Rural,Y
Male,No,2,Not Graduate,3400496,2855090,1545652,360,1,Urban,Y
Male,No,3+,Graduate,23373,3463153,85558,120,1,Semiurban,Y
Male,No,1,Not Graduate,4418849,1875936,1882663,120,1,Rural,Y
Female,Yes,0,Not Graduate,3752298,2890067,4105731,180,1,Rural,Y
Female,No,2,Not Graduate,729166,1493988,4870293,120,1,Semiurban,N
Male,No,1,Graduate,751061,3576797,58443,120,1,Semiurban,N
Female,Yes,3+,Graduate,1250533,140517,4592778,360,1,Semiurban,Y
Male,Yes,1,Graduate,962717,1136706,891492,120,1,Semiurban,Y
Male,No,0,Graduate,1329520,2757302,2666987,180,0,Rural,N
Female,Yes,0,Graduate,774926,2188599,2730549,360,1,Urban,Y
Female,No,2,Graduate,2799545,1484204,4387975,180,1,Semiurban,N
Female,No,3+,Graduate,4033810,4753943,2030113,360,1,Urban,Y
Male,Yes,1,Not Graduate,4783114,3735891,178496,180,0,Rural,N
Male,Yes,1,Not Graduate,1690545,235001,2167924,120,0,Rural,N
Male,No,2,Not Graduate,4492339,4950048,686212,360,1,Semiurban,Y
Male,Yes,0,Not Graduate,316596,2857304,3231491,120,1,Rural,N
Male,No,0,Not Graduate,4876130,2255525,1610420,120,1,Semiurban,Y
Male,No,1,Graduate,4489691,4348846,1066097,180,1,Rural,Y
Male,No,2,Not Graduate,4179577,285782,3058207,240,1,Semiurban,Y
Female,Yes,0,Not Graduate,905140,4331463,3863025,240,1,Semiurban,Y
Female,Yes,0,Graduate,3957896,4174833,4400536,120,1,Urban,Y
Male,No,0,Graduate,1401670,2822228,1811390,360,1,Semiurban,Y
Male,Yes,1,Not Graduate,238463,4627370,1652972,180,0,Urban,N
Female,No,1,Graduate,4837273,2009121,2942720,360,0,Urban,N
Male,No,1,Graduate,4166267,2034364,896509,180,0,Rural,N
Male,No,0,Not Graduate,1298316,4234953,3025952,180,1,Urban,Y
Male,No,1,Not Graduate,1379676,9701,2981575,180,1,Rural,Y
Female,Yes,3+,Not Graduate,3575814,3249695,3929897,120,0,Semiurban,N
Male,No,3+,Graduate,662444,1916888,4788314,360,1,Rural,N
Female,No,2,Not Graduate,4005304,2844224,3878631,240,1,Urban,Y
Female,No,1,Graduate,3873366,850368,2271963,180,1,Semiurban,Y
Male,Yes,2,Graduate,3137176,9513,227435,120,1,Semiurban,Y
Female,Yes,0,Graduate,1251760,180003,3087413,120,1,Rural,Y
Male,Yes,2,Not Graduate,1862091,1998569,4253983,360,1,Semiurban,Y
Male,No,0,Graduate,3920168,3616598,2556362,180,1,Semiurban,Y
Female,No,3+,Not Graduate,330169,895303,1412397,240,0,Urban,N
Female,No,2,Not Graduate,528618,1054642,1825600,180,1,Semiurban,Y
Female,No,0,Graduate,184715,1540063,1239572,120,1,Urban,N
Female,Yes,3+,Graduate,3969077,3174629,2494719,120,1,Urban,Y
Female,Yes,2,Graduate,4515863,3153532,1138167,120,1,Urban,Y
Female,No,2,Not Graduate,541235,819572,3307267,120,0,Rural,N
Male,No,3+,Graduate,4271301,2342386,3833267,120,1,Urban,Y
Female,No,1,Graduate,2308346,923140,1833481,360,0,Rural,N
Male,No,1,Graduate,867025,2277083,1133558,120,1,Semiurban,N
Male,No,3+,Graduate,1699085,4789871,2669224,240,1,Urban,Y
Female,Yes,3+,Graduate,2602521,420931,3339691,360,1,Rural,Y
Female,No,2,Not Graduate,4036202,2405594,3308527,240,1,Rural,Y
Female,Yes,1,Not Graduate,1473900,2504025,2046790,240,1,Rural,Y
Male,Yes,3+,Not Graduate,2268603,3426358,1349554,360,1,Urban,Y
Male,Yes,3+,Not Graduate,2795817,4606636,1744808,180,1,Rural,Y
Male,No,0,Graduate,3094106,4743328,4050715,360,1,Rural,Y
Female,Yes,2,Not Graduate,4938791,1119401,1704949,240,1,Semiurban,Y
Female,No,3+,Graduate,2458306,8299,3768132,360,0,Urban,N
Female,No,3+,Not Graduate,19010,831123,2376738,120,1,Urban,N
Female,Yes,1,Graduate,226906,2986457,2048042,180,0,Semiurban,N
Female,Yes,1,Not Graduate,1914961,4202347,2861000,180,1,Urban,Y
Female,No,1,Not Graduate,2897195,132692,1206476,180,1,Semiurban,Y
Female,No,1,Not Graduate,2061869,3395714,4980095,180,1,Rural,Y
Female,Yes,1,Not Graduate,4794059,4233676,3351447,120,1,Urban,Y
Female,Yes,3+,Not Graduate,4880650,3848042,1635849,240,1,Urban,Y
Male,Yes,0,Graduate,320598,133008,4895127,240,0,Urban,N
Male,Yes,0,Not Graduate,2431784,33543,4135560,240,1,Rural,Y
Male,No,0,Graduate,6720,3405268,3433032,120,1,Urban,N
Female,No,1,Not Graduate,3041870,2885219,1942435,240,1,Urban,Y
Female,Yes,0,Not Graduate,3974985,3595055,4797346,180,1,Semiurban,Y
Female,No,3+,Not Graduate,221467,2280746,2513283,240,1,Semiurban,N
Female,Yes,2,Not Graduate,1377456,4604170,950011,240,0,Semiurban,N
Male,Yes,0,Not Graduate,2150146,3961454,764673,120,1,Semiurban,Y
Male,Yes,3+,Graduate,3070632,1527829,540576,360,1,Semiurban,Y
Male,No,0,Not Graduate,2584396,160566,1514088,180,1,Semiurban,Y
Female,No,3+,Graduate,3704538,451115,3570929,180,1,Rural,Y
Male,Yes,2,Graduate,4449574,4419707,2003007,120,0,Rural,N
Male,No,3+,Graduate,3421479,670747,364885,240,1,Semiurban,Y
Female,Yes,2,Not Graduate,3274699,2815485,1072344,360,0,Rural,N
Female,Yes,0,Graduate,943371,2291732,2584897,360,1,Urban,Y
Male,Yes,3+,Not Graduate,4901269,2634866,2905571,360,0,Semiurban,N
Male,Yes,1,Not Graduate,2138310,1356110,3322090,180,1,Urban,N
Male,Yes,3+,Graduate,4813335,504754,3370763,180,0,Urban,N
Female,No,0,Not Graduate,2332381,4245837,4504405,180,1,Semiurban,Y
Female,No,1,Not Graduate,1985040,4062167,3206756,360,1,Urban,Y
Male,No,1,Not Graduate,1637288,2934812,119771,240,1,Rural,Y
Male,Yes,3+,Not Graduate,265326,3745506,3247471,360,1,Semiurban,N
Male,Yes,2,Graduate,779373,1963891,4395576,120,1,Rural,Y
Male,No,1,Not Graduate,226148,2386017,324404,360,1,Rural,Y
Female,Yes,1,Graduate,1704354,4685290,1857130,180,1,Urban,Y
Male,Yes,0,Graduate,4135741,1376853,1737817,120,0,Semiurban,N
Male,No,1,Not Graduate,2579169,836315,3111484,180,1,Semiurban,Y
Male,No,0,Graduate,4975308,2798825,4353368,180,1,Urban,Y
Female,No,3+,Graduate,3535554,3912307,3558633,120,0,Semiurban,N
Female,Yes,1,Graduate,4067712,35010,4046267,120,1,Urban,Y
Male,Yes,0,Not Graduate,4163328,2087856,3105972,360,0,Semiurban,N
Male,Yes,1,Graduate,4708083,3046338,1126750,360,1,Urban,Y
Male,No,2,Graduate,648931,3927219,2527443,360,1,Rural,Y
Male,Yes,2,Not Graduate,4858031,34687,4000379,180,1,Semiurban,Y
Female,Yes,1,Not Graduate,2885589,4906637,1473597,120,1,Semiurban,Y
Male,Yes,2,Graduate,1498611,3358589,4401494,360,1,Semiurban,Y
Female,No,0,Graduate,432831,2661940,3256671,120,1,Semiurban,Y
Male,Yes,2,Graduate,454818,2414707,2837251,180,1,Rural,Y
Female,No,1,Not Graduate,2436885,4126964,3183354,360,1,Urban,Y
Female,Yes,0,Not Graduate,4929509,4435459,1977719,240,1,Semiurban,Y
Male,Yes,0,Graduate,1100484,2744662,3201505,120,1,Semiurban,Y
Male,Yes,1,Graduate,4882423,2485686,2952045,180,1,Rural,Y
Male,No,1,Graduate,4271561,4556774,4763874,180,1,Semiurban,Y
Male,No,2,Not Graduate,2031434,384787,600796,240,1,Semiurban,N
Male,No,2,Graduate,2383300,4226658,2449578,120,1,Semiurban,Y
Female,No,1,Not Graduate,3882724,11790,3162186,180,1,Urban,Y
Female,Yes,1,Not Graduate,4875739,875477,3754296,180,1,Urban,Y
Male,Yes,0,Graduate,2752163,2677982,3750711,180,1,Urban,Y
Male,Yes,0,Not Graduate,2992492,837460,611644,360,1,Semiurban,Y
Male,Yes,3+,Not Graduate,3353101,3311828,77974,240,1,Rural,Y
Female,Yes,2,Graduate,4036954,1087207,931493,120,1,Rural,Y
Male,No,2,Graduate,2443216,4337932,3365775,240,0,Rural,N
Female,Yes,3+,Not Graduate,3292390,3167975,1659856,360,0,Urban,N
Female,Yes,1,Not Graduate,4280031,1304095,3116044,360,0,Semiurban,N
Male,No,1,Graduate,3399218,2492136,2360614,360,1,Urban,Y
Male,Yes,1,Not Graduate,4372052,1220008,1893289,360,1,Semiurban,Y
Male,No,1,Graduate,2123897,1809890,1602140,360,1,Rural,Y
Male,No,0,Graduate,2986315,1759633,1135689,120,0,Urban,N
Female,No,2,Graduate,3508938,3667108,2272929,180,1,Urban,Y
Male,Yes,3+,Graduate,4680578,1634251,4638777,180,1,Urban,Y
Female,No,0,Graduate,795563,1252643,3905089,120,0,Rural,N
Male,No,1,Graduate,4203528,3986746,1157735,360,0,Rural,N
Male,No,2,Not Graduate,2636955,2466974,3209205,360,1,Urban,Y
Male,No,3+,Graduate,115027,4920587,4832738,240,1,Urban,N
Male,No,0,Graduate,4465608,3188518,2949608,120,1,Semiurban,Y
Female,Yes,2,Not Graduate,15876,954419,3878208,120,0,Rural,N
Female,Yes,0,Graduate,3949102,1755909,2462213,360,1,Rural,Y
Male,No,1,Not Graduate,4692989,2716148,1575930,240,1,Semiurban,Y
Male,Yes,3+,Not Graduate,4590575,1841496,4460036,360,1,Rural,Y
Male,Yes,1,Graduate,2460936,2755644,2676830,240,1,Semiurban,Y
Female,No,2,Not Graduate,4380329,4025547,2358904,360,1,Urban,Y
Male,Yes,3+,Not Graduate,1843153,2439224,1288540,240,1,Rural,Y
Female,No,1,Graduate,1754202,3453433,3808073,180,1,Urban,Y
Female,Yes,2,Not Graduate,4461245,3039747,2729458,240,1,Urban,Y
Male,No,2,Not Graduate,1091847,1252455,3003324,240,1,Rural,Y
Male,No,2,Graduate,444104,4473708,4380338,240,1,Rural,Y
Female,No,0,Graduate,3785907,2682633,1969388,360,1,Urban,Y
Female,No,3+,Not Graduate,1148056,3785991,2132410,120,1,Urban,Y
Male,Yes,1,Not Graduate,1921259,1512218,312009,120,1,Urban,Y
Female,Yes,1,Not Graduate,1074513,2400123,775226,120,1,Semiurban,Y
Male,No,1,Graduate,4657207,4086452,2911717,360,1,Semiurban,Y
Female,Yes,3+,Not Graduate,2836400,1054427,2199135,180,1,Urban,N
Male,No,2,Graduate,2428136,4142611,4978647,120,1,Rural,N
Female,No,3+,Graduate,3903359,1399560,3051545,180,1,Semiurban,Y
Male,Yes,0,Graduate,1312111,4192460,4052645,240,1,Semiurban,Y
Female,Yes,1,Graduate,2978159,3748578,1687129,360,0,Semiurban,N
Female,Yes,1,Not Graduate,3515876,405482,2315159,360,1,Rural,Y
Male,No,2,Not Graduate,49338,4513921,3073144,240,1,Rural,N
Female,Yes,2,Graduate,4909834,4502161,3134974,240,1,Semiurban,Y
Male,No,0,Graduate,3777843,1111790,2893235,120,1,Rural,Y
Female,No,2,Graduate,3361466,233651,3704612,120,1,Rural,N
Female,No,2,Not Graduate,2155901,3227466,4949573,360,1,Rural,Y
Male,Yes,0,Not Graduate,4904918,4261602,2215844,180,1,Semiurban,N
Male,No,2,Not Graduate,2283083,3578182,4677733,120,1,Urban,Y
Male,No,1,Graduate,3451402,2284635,2060079,240,1,Urban,Y
Female,No,0,Not Graduate,3775970,4263751,2493533,180,1,Semiurban,Y
Female,Yes,3+,Graduate,4424293,4337279,4141262,120,1,Rural,Y
Female,Yes,1,Graduate,3786311,4757784,4808271,120,1,Rural,Y
Male,No,3+,Graduate,4461124,4537579,165305,180,1,Rural,Y
Male,Yes,0,Graduate,1505395,4847881,594899,120,1,Semiurban,Y
Female,No,3+,Not Graduate,1578756,847311,2370906,120,1,Semiurban,Y
Male,No,1,Graduate,717196,2540021,4499655,180,1,Urban,Y
Female,No,0,Graduate,2741810,3066165,4633149,180,1,Urban,N
Female,No,3+,Not Graduate,4985493,2771511,4247144,360,1,Urban,Y
Male,No,3+,Not Graduate,3217747,1951920,4704044,120,1,Rural,Y
Male,Yes,0,Graduate,4499935,4782148,3239044,120,1,Semiurban,Y
Female,No,3+,Graduate,2739099,632384,3693128,120,0,Semiurban,N
Male,Yes,1,Not Graduate,1064867,4873318,2057471,180,1,Semiurban,N
Male,No,0,Not Graduate,4942922,986854,481656,120,1,Rural,Y
Female,No,1,Graduate,2246985,2284497,2067722,120,1,Semiurban,Y
Male,No,1,Not Graduate,354284,4717685,4279192,180,1,Semiurban,Y
Male,Yes,2,Not Graduate,18403,3906748,4657465,180,0,Urban,N
Male,Yes,0,Graduate,3016489,3199669,2972440,180,0,Urban,N
Female,Yes,0,Graduate,4025322,4986392,1921052,120,1,Semiurban,Y
Female,Yes,1,Graduate,4428063,2664463,4730450,180,1,Rural,Y
Male,No,0,Not Graduate,3691289,4842857,4254121,240,1,Rural,Y
Female,No,2,Graduate,3522154,2357369,4960284,120,1,Rural,Y
Female,No,2,Graduate,3943683,16791,1053978,180,1,Rural,Y
Female,No,3+,Not Graduate,3426849,3579402,2462127,360,1,Semiurban,Y
Female,Yes,3+,Graduate,4323318,3347385,2541918,120,0,Urban,N
Female,Yes,2,Not Graduate,2900396,1182282,4379722,120,1,Semiurban,Y
Female,Yes,2,Not Graduate,2667051,21234,2721439,180,1,Urban,Y
Female,No,1,Not Graduate,3740441,631877,4127783,120,1,Semiurban,Y
Male,No,2,Graduate,2826707,1283899,267704,360,1,Urban,Y
Male,Yes,1,Not Graduate,2656109,2960691,1098293,360,1,Urban,Y
Female,No,2,Not Graduate,2583592,359949,4078824,120,1,Rural,Y
Female,Yes,3+,Not Graduate,3512885,1677666,1311429,120,1,Semiurban,Y
Male,Yes,3+,Not Graduate,79444,4847667,4367631,360,0,Semiurban,N
Female,Yes,3+,Graduate,1410875,576615,1170828,180,0,Urban,N
Female,Yes,2,Not Graduate,800958,679294,1034960,120,1,Semiurban,Y
Female,Yes,2,Graduate,2696432,3968,933349,120,0,Urban,N
Female,Yes,3+,Not Graduate,757201,3292170,3484695,240,1,Rural,Y
Male,Yes,1,Graduate,2225115,4463466,491100,120,1,Rural,Y
Female,Yes,0,Not Graduate,3823976,3381329,3400827,180,1,Urban,Y
Female,Yes,0,Graduate,3480612,1162993,1896999,120,1,Semiurban,Y
Male,Yes,3+,Graduate,2757486,1346290,4310060,180,1,Rural,Y
Male,Yes,2,Graduate,4060597,1700463,1062689,180,1,Rural,Y
Male,No,2,Not Graduate,3649098,3124527,1091357,180,1,Rural,Y
Female,No,0,Not Graduate,3833011,240391,1091612,180,1,Rural,N
Female,Yes,3+,Not Graduate,2116810,1333383,3189270,180,1,Semiurban,Y
Male,No,0,Not Graduate,2836012,3789540,328999,360,1,Semiurban,Y
Female,Yes,3+,Graduate,3212914,4473168,559690,120,1,Semiurban,Y
Male,No,1,Not Graduate,4326784,785834,2058806,360,1,Rural,Y
Male,No,1,Graduate,711682,3649268,2286962,180,1,Semiurban,Y
Female,Yes,2,Not Graduate,3221504,1116560,3810287,180,1,Semiurban,Y
Male,No,3+,Graduate,567976,1910732,984386,360,1,Rural,N
Female,No,1,Graduate,3949744,1998818,4388752,120,1,Semiurban,Y
Female,Yes,2,Graduate,1836794,3627300,2706323,240,1,Rural,Y
Male,No,2,Graduate,2405474,2889719,4709838,360,1,Semiurban,Y
Male,Yes,0,Graduate,2577546,901536,133599,360,0,Urban,N
Female,Yes,3+,Graduate,653239,2434982,32786,120,0,Rural,N
Male,No,1,Graduate,4199787,2895893,4414487,120,1,Urban,Y
Female,No,1,Not Graduate,1541209,4732897,3075239,180,1,Urban,Y
Female,Yes,1,Graduate,74974,740579,347258,120,0,Semiurban,N
Female,No,2,Not Graduate,1829418,3250609,399149,180,0,Semiurban,N
Male,No,0,Graduate,4895653,4816492,3912372,240,1,Urban,Y
Female,No,2,Graduate,1653701,3378928,1151485,120,1,Rural,N
Female,No,3+,Not Graduate,3643503,2934417,1958335,120,0,Rural,N
Male,No,1,Graduate,3622558,4189568,4629837,120,1,Urban,Y
Female,Yes,0,Graduate,2605378,3799798,394483,360,1,Rural,Y
Male,No,3+,Not Graduate,3401722,3523091,4174808,240,0,Urban,N
Male,Yes,3+,Not Graduate,3326925,953987,4470287,240,1,Rural,Y
Female,No,3+,Graduate,4259677,2206989,1156696,120,1,Rural,Y
Female,Yes,1,Not Graduate,3338364,4829940,2476568,180,1,Urban,Y
Female,Yes,2,Graduate,3335930,301326,937712,360,1,Urban,N
Male,No,3+,Not Graduate,1541165,1613291,3680563,360,1,Rural,Y
Male,No,0,Not Graduate,250778,2421192,2084951,360,0,Semiurban,N
Male,No,0,Not Graduate,1407391,737309,3877933,120,0,Semiurban,N
Male,No,0,Not Graduate,2405571,4463960,4792926,240,1,Urban,Y
Male,Yes,1,Not Graduate,2859781,3120570,2378013,240,1,Semiurban,Y
Female,Yes,0,Graduate,511184,2109373,3085021,180,1,Rural,Y
Female,Yes,0,Graduate,1876713,3771055,4341678,360,1,Rural,Y
Female,Yes,2,Not Graduate,4587692,1548803,385071,180,1,Semiurban,Y
Male,No,0,Not Graduate,611942,2575396,847072,360,1,Urban,Y
Male,No,1,Graduate,702856,1665088,2775428,180,1,Urban,Y
Male,No,1,Graduate,4479643,1893052,3023903,240,0,Rural,N
Female,Yes,0,Not Graduate,866797,854039,4416247,120,1,Rural,Y
Male,Yes,1,Graduate,1370903,4823646,514375,120,1,Rural,Y
Male,No,0,Not Graduate,629437,2929231,942560,360,1,Semiurban,Y
Female,No,1,Graduate,1642647,871395,2575558,240,1,Rural,Y
Male,No,0,Graduate,4895728,4037645,388029,360,1,Semiurban,Y
Male,Yes,1,Not Graduate,4096478,1152798,1223009,180,0,Semiurban,N
Male,No,3+,Not Graduate,3531162,340992,4577042,180,0,Rural,N
Female,Yes,2,Graduate,3069189,156954,4386827,180,1,Urban,Y
Female,Yes,0,Graduate,169662,2820474,865528,360,1,Urban,Y
Female,Yes,2,Graduate,3834074,2756808,1546876,180,1,Urban,N
Female,Yes,2,Not Graduate,2756741,1823148,2903799,120,1,Semiurban,Y
Female,Yes,2,Not Graduate,625247,2623260,4434806,240,1,Semiurban,Y
Male,Yes,1,Graduate,4893312,2827344,3823595,180,0,Urban,N
Female,Yes,0,Not Graduate,893820,3450752,735516,240,1,Urban,Y
Male,No,0,Graduate,1127305,2850942,3886549,240,1,Rural,Y
Female,No,2,Not Graduate,4359622,3226987,1410436,360,1,Urban,Y
Female,Yes,3+,Not Graduate,1259015,10800,557693,180,1,Rural,Y
Female,Yes,1,Graduate,2474336,1930272,1062625,120,0,Semiurban,N
Male,No,3+,Not Graduate,1054386,3886006,1205790,360,1,Urban,Y
Female,Yes,1,Graduate,1927624,4474352,4216304,360,1,Rural,N
Female,Yes,2,Not Graduate,3279335,3268887,4949185,180,1,Rural,Y
Female,No,0,Not Graduate,1029012,38472,4464134,360,1,Semiurban,Y
Female,Yes,2,Graduate,3321438,2344045,1630771,240,1,Semiurban,Y
Male,Yes,2,Graduate,2634219,2085945,658120,360,0,Urban,N
Female,Yes,1,Graduate,4699846,119278,4208567,180,0,Rural,N
Male,Yes,0,Graduate,153523,193388,569310,240,1,Urban,N
Female,Yes,2,Graduate,1929445,136865,1772645,120,1,Urban,Y
Male,Yes,3+,Graduate,1178602,799392,4674011,120,1,Semiurban,Y
Male,No,0,Graduate,1173790,4018917,1891112,120,1,Rural,Y
Male,No,3+,Not Graduate,2693287,4237830,2754083,120,1,Rural,Y
Male,Yes,0,Not Graduate,3323680,1960815,2213110,240,0,Semiurban,N
Female,Yes,1,Graduate,2191027,1428995,318318,240,1,Urban,Y
Male,No,1,Not Graduate,4060333,3592868,1331107,360,1,Semiurban,Y
Female,Yes,2,Not Graduate,1854913,4083655,3363083,120,1,Semiurban,N
Male,Yes,3+,Graduate,4642856,4939788,195386,180,0,Semiurban,N
Female,Yes,2,Graduate,377903,3066747,1816876,180,0,Semiurban,N
Female,Yes,0,Not Graduate,1294020,162698,793000,360,1,Rural,Y
Female,No,1,Graduate,4015524,3567399,928113,240,1,Semiurban,Y
Female,Yes,3+,Not Graduate,4472158,4351661,309561,180,1,Rural,Y
Female,Yes,0,Not Graduate,4516525,1512947,4332097,360,0,Urban,N
Male,No,2,Not Graduate,2263078,2277813,121131,240,1,Urban,Y
Male,No,1,Not Graduate,3687693,503327,1585130,180,1,Rural,Y
Female,Yes,0,Not Graduate,1340624,831799,336141,360,0,Rural,N
Male,No,3+,Graduate,1601048,2656920,2760309,240,0,Urban,N
Male,No,3+,Not Graduate,4987708,2444341,1259462,240,1,Semiurban,Y
Male,No,0,Graduate,2856564,4590812,3515309,240,1,Rural,Y
Female,No,1,Graduate,4023860,4481983,4897660,240,1,Rural,Y
Male,Yes,1,Not Graduate,3618927,3829928,1894431,120,1,Semiurban,Y
Male,No,2,Graduate,399259,1791080,2751050,180,0,Semiurban,N
Male,No,0,Not Graduate,1568902,1691543,1766684,240,1,Urban,Y
Female,Yes,1,Graduate,3376983,1289400,2284320,360,1,Urban,Y
Male,No,3+,Graduate,3397359,1279470,4280974,120,1,Rural,Y
Female,Yes,2,Not Graduate,3480569,3154066,771333,360,1,Urban,Y
Female,No,3+,Not Graduate,4817835,2843284,479455,180,1,Rural,N
Male,Yes,3+,Not Graduate,625059,897965,2516413,120,0,Rural,N
Male,No,1,Not Graduate,1740028,4523709,3784384,240,1,Urban,Y
Male,Yes,3+,Not Graduate,3190448,2159798,2739307,120,1,Semiurban,Y
Female,No,3+,Graduate,1162820,1183364,2887051,120,1,Semiurban,Y
Female,No,3+,Graduate,3012917,341640,1637270,120,1,Urban,Y
Male,No,0,Graduate,2953194,2578335,3970275,360,0,Semiurban,N
Female,Yes,1,Not Graduate,49814,1582102,2656294,360,1,Rural,N
Male,No,0,Graduate,3912562,3062319,4647718,360,1,Rural,Y
Male,No,1,Not Graduate,1637846,1248536,4844390,360,1,Rural,Y
Male,Yes,1,Graduate,835254,3647782,3388448,360,1,Rural,Y
Female,No,2,Not Graduate,1815431,645186,2042812,180,1,Semiurban,Y
Female,No,1,Graduate,442537,2472422,1413047,180,1,Rural,Y
Female,Yes,2,Graduate,107498,1596754,3882798,120,0,Semiurban,N
Male,Yes,1,Graduate,2890628,3619758,2418995,120,1,Urban,Y
Male,No,2,Graduate,4499465,1661328,4822303,240,1,Semiurban,Y
Male,Yes,3+,Not Graduate,846954,1484532,4069115,180,1,Urban,Y
Male,No,3+,Graduate,1369480,4958107,3925821,360,0,Rural,N
Male,No,1,Graduate,3772155,1803132,2308393,120,0,Semiurban,N
Female,No,2,Not Graduate,1180068,4642231,4200141,360,1,Urban,Y
Male,Yes,2,Graduate,4232883,2110089,559049,360,1,Urban,N
Female,Yes,1,Graduate,904564,3453072,3478202,180,1,Rural,Y
Female,No,2,Graduate,2326985,2651286,392735,360,1,Semiurban,Y
Male,Yes,2,Graduate,4598047,3282572,2966546,360,1,Urban,Y
Female,Yes,3+,Graduate,4862286,4089300,3554773,180,1,Urban,Y
Female,Yes,1,Graduate,2905314,4564335,712158,120,1,Urban,Y
Male,Yes,0,Graduate,2098968,2367844,1427885,120,1,Urban,Y
Female,Yes,3+,Not Graduate,4937451,919784,4628755,240,0,Urban,N
Female,Yes,2,Graduate,352271,2197547,2908139,360,1,Urban,Y
Female,Yes,3+,Not Graduate,1828416,999668,4394342,360,1,Rural,Y
Male,Yes,0,Graduate,2245400,4016784,3230994,360,1,Rural,Y
Male,No,3+,Not Graduate,1301057,4491259,1923491,240,1,Semiurban,Y
Female,Yes,2,Graduate,3363220,577491,212040,240,1,Semiurban,Y
Female,Yes,0,Graduate,1334309,3689126,748410,120,1,Semiurban,Y
Female,Yes,0,Graduate,989392,1346897,3023221,360,1,Urban,N
Female,No,3+,Graduate,864496,1149863,3879288,120,0,Rural,N
Male,No,3+,Graduate,872010,3180535,3094122,240,0,Urban,N
Male,No,3+,Graduate,4133730,4287130,4932805,120,1,Urban,Y
Male,No,2,Graduate,3035225,3966243,3285234,180,1,Semiurban,Y
Female,No,2,Not Graduate,3320101,2390169,3520754,360,1,Semiurban,Y
Female,Yes,3+,Not Graduate,1247011,3670396,2631808,120,1,Urban,Y
Female,Yes,1,Graduate,2909919,15563,3966372,240,1,Semiurban,Y
Male,No,0,Graduate,2695098,96172,1017569,360,1,Rural,Y
Female,Yes,3+,Not Graduate,641575,2586791,2788806,240,1,Urban,Y
Male,Yes,1,Not Graduate,1045644,1235869,4447369,360,1,Rural,Y
Male,Yes,3+,Not Graduate,1193049,4532888,201160,240,1,Semiurban,Y
Female,Yes,3+,Graduate,1590643,1883571,1722237,240,1,Semiurban,Y
Male,No,1,Graduate,2484819,2870905,4184075,180,1,Urban,Y
Male,Yes,2,Graduate,4041828,1496918,4108326,120,1,Semiurban,N
Female,No,3+,Graduate,4747365,971916,4463574,120,1,Semiurban,Y
Male,No,1,Graduate,3234795,2808223,4966849,180,1,Semiurban,Y
Female,Yes,0,Graduate,1885928,2883620,3969866,120,1,Urban,N
Female,Yes,0,Graduate,1838542,78200,555781,180,0,Urban,N
Male,Yes,3+,Graduate,2043803,4412003,1194715,360,1,Urban,Y
Female,Yes,1,Graduate,1944922,1078860,2191687,180,1,Semiurban,Y
Male,Yes,3+,Not Graduate,4327120,2525576,716296,360,1,Urban,Y
Female,Yes,1,Graduate,3637810,739878,4867786,180,1,Rural,Y
Female,No,0,Not Graduate,2517672,1845041,1321095,360,1,Semiurban,Y
Female,Yes,1,Not Graduate,1261180,1417598,410353,180,1,Rural,Y
Male,Yes,3+,Graduate,4736533,3469003,202244,120,1,Rural,Y
Female,No,3+,Not Graduate,3706696,4125866,4284966,120,0,Rural,N
Female,Yes,0,Not Graduate,4378523,4301239,138058,180,1,Semiurban,Y
Female,Yes,3+,Graduate,268087,1203237,1592263,240,0,Semiurban,N
Female,No,3+,Not Graduate,730346,3897633,606643,360,1,Semiurban,N
Female,Yes,0,Not Graduate,2927259,4776285,1055685,240,1,Semiurban,Y
Female,No,0,Not Graduate,3938499,3662891,1546179,180,1,Semiurban,Y
Female,Yes,3+,Not Graduate,4371600,4194860,2023806,240,0,Urban,N
Female,No,3+,Not Graduate,705839,4173291,1075997,180,1,Semiurban,Y
Male,Yes,3+,Not Graduate,4544105,1547175,3140003,240,0,Semiurban,N
Male,No,3+,Graduate,4894204,3911420,4494523,360,0,Rural,N
Female,No,0,Graduate,637072,1996849,1262879,180,1,Rural,Y
Male,Yes,1,Graduate,1832913,4756361,35808,240,1,Urban,Y
Female,Yes,0,Not Graduate,3257010,4165405,1089099,120,1,Semiurban,Y
Female,No,3+,Not Graduate,3328622,2084320,1240720,360,1,Rural,Y
Female,Yes,0,Not Graduate,2278151,4942228,2507929,180,1,Urban,Y
Male,No,2,Graduate,4235497,2231475,680239,120,1,Rural,Y
Female,Yes,3+,Graduate,4850758,341291,4427620,120,1,Urban,Y
Male,Yes,3+,Graduate,1616120,1563955,4903813,120,1,Urban,Y
Female,Yes,1,Graduate,3620320,1180942,3976203,240,1,Urban,Y
Male,Yes,2,Graduate,4677137,2488822,2809517,180,0,Rural,N
Male,Yes,3+,Graduate,1455415,103518,3582305,180,1,Rural,Y
Female,Yes,2,Not Graduate,2887560,3400283,1248018,360,1,Urban,Y
Female,No,3+,Not Graduate,2832503,347268,3529731,360,1,Urban,Y
Male,No,2,Not Graduate,2542822,2158036,86143,240,1,Urban,Y
Male,Yes,2,Not Graduate,3674276,176531,2529885,180,1,Urban,Y
Female,No,2,Not Graduate,377145,3353030,2899087,360,1,Urban,Y
Female,No,1,Graduate,4535711,562867,3879055,240,1,Semiurban,Y
Female,No,0,Graduate,1760852,1717206,3426046,120,1,Urban,Y
Female,No,3+,Not Graduate,1147115,390805,4279483,360,1,Semiurban,Y
Male,Yes,2,Not Graduate,339281,34524,3412473,120,1,Rural,Y
Male,Yes,2,Not Graduate,1499590,2198149,121420,180,1,Rural,Y
Female,Yes,3+,Not Graduate,1912452,714835,1611243,240,1,Rural,Y
Female,No,1,Graduate,4193819,3976212,3611993,180,1,Semiurban,N
Male,No,1,Graduate,3498414,522971,4749162,120,1,Semiurban,Y
Female,No,3+,Not Graduate,2520522,795233,3127848,180,1,Urban,Y
Male,Yes,1,Graduate,3184962,4011679,4607302,120,0,Semiurban,N
Female,Yes,1,Graduate,1545218,4043597,1563709,240,1,Rural,Y
Male,Yes,0,Not Graduate,4448970,582775,4355424,240,1,Semiurban,Y
Female,Yes,2,Graduate,2362851,1811696,2024270,180,1,Rural,Y
Female,No,0,Not Graduate,2971493,1703479,4885132,240,1,Urban,Y
Male,Yes,3+,Graduate,4420766,4038572,373754,360,1,Rural,Y
Female,Yes,3+,Not Graduate,3262811,1230915,2377805,240,1,Semiurban,N
Female,No,3+,Not Graduate,1515945,4275116,2540085,180,1,Semiurban,Y
Female,Yes,2,Not Graduate,4750368,4230411,1964159,180,1,Urban,Y
Female,No,1,Not Graduate,4923113,3723209,952973,180,1,Semiurban,Y
Male,No,2,Graduate,1728677,2052263,2147586,180,1,Semiurban,Y
Female,Yes,0,Not Graduate,1960999,3829668,87467,180,1,Semiurban,Y
Female,Yes,1,Not Graduate,4313772,3596698,2857243,360,1,Semiurban,Y
Male,Yes,1,Not Graduate,1980913,117778,1098963,240,1,Urban,Y
Male,No,1,Graduate,370056,937334,707621,180,1,Rural,Y
Female,Yes,0,Not Graduate,935336,4994652,2723623,240,1,Rural,Y
Female,No,3+,Graduate,2241601,2996706,116742,180,1,Rural,Y
Female,No,3+,Graduate,521791,3558028,644844,240,1,Semiurban,Y
Female,Yes,0,Graduate,1400671,1228989,3705418,240,1,Urban,N
Male,Yes,2,Graduate,3460324,3814089,4782595,180,1,Urban,Y
Female,No,0,Not Graduate,943480,3625985,1370351,360,1,Urban,Y
Male,Yes,0,Not Graduate,4343412,4385961,527419,180,1,Semiurban,Y
Female,Yes,2,Not Graduate,3918057,320131,173192,180,1,Semiurban,N
Female,Yes,2,Graduate,4710532,585922,4065750,240,1,Rural,Y
Female,No,1,Not Graduate,2431429,4495866,1424579,240,1,Urban,Y
Male,No,2,Graduate,379476,3458202,3077560,180,0,Semiurban,N
Male,Yes,1,Graduate,2664556,2448385,2403882,180,0,Semiurban,N
Female,Yes,2,Graduate,3681746,166960,3636499,180,1,Rural,Y
Female,No,0,Graduate,746903,1697958,4430241,180,0,Rural,N
Female,No,3+,Not Graduate,147715,2787523,667213,360,1,Semiurban,Y
Female,Yes,0,Not Graduate,223580,4537677,1169323,240,1,Semiurban,Y
Female,Yes,0,Graduate,923309,4404415,1621622,120,1,Semiurban,Y
Female,No,2,Not Graduate,3661557,539408,3655672,360,1,Urban,Y
Female,No,1,Graduate,1914832,2524485,2282473,240,1,Rural,Y
Male,No,3+,Not Graduate,4844111,2187590,2521563,360,0,Urban,N
Female,No,2,Graduate,2887132,2623707,2887431,180,1,Urban,Y
Male,Yes,2,Not Graduate,3780503,3480294,307303,240,0,Semiurban,N
Female,No,2,Graduate,1488144,2698761,4297122,240,1,Urban,Y
Female,No,0,Not Graduate,1148417,840037,3990676,120,1,Semiurban,Y
Male,No,0,Not Graduate,282094,3502151,457494,120,1,Urban,Y
Female,Yes,3+,Not Graduate,3871806,3175891,627445,180,1,Semiurban,Y
Male,No,0,Not Graduate,2383492,4682604,1786387,360,1,Rural,Y
Female,No,0,Graduate,1660549,3684934,4771552,240,1,Semiurban,Y
Male,Yes,1,Not Graduate,2147600,4549622,3731597,240,1,Rural,Y
Male,Yes,3+,Not Graduate,1381694,1464889,4050882,180,1,Urban,N
Female,Yes,1,Graduate,1851001,3698004,4961680,240,0,Rural,N
Male,Yes,1,Not Graduate,940444,1521767,1779581,360,1,Urban,Y
Male,No,2,Not Graduate,1863596,4708599,2201914,240,1,Semiurban,Y
Male,No,0,Graduate,375494,4373915,1650677,240,1,Semiurban,Y
Female,No,0,Graduate,4109542,4777731,3944830,180,1,Semiurban,N
Female,No,2,Graduate,4852533,4394757,4473599,240,1,Semiurban,Y
Female,Yes,2,Not Graduate,509066,4921035,2102278,180,1,Rural,Y
Female,No,0,Not Graduate,2876156,376131,1659289,120,1,Urban,Y
Male,Yes,3+,Not Graduate,4991044,3631531,4806249,240,1,Urban,N
Male,No,2,Not Graduate,228477,4178736,1491897,240,1,Urban,Y
Male,No,1,Graduate,4270365,2829919,1399739,240,1,Semiurban,Y
Female,No,1,Not Graduate,3266242,4779156,2718855,360,1,Urban,Y
Male,Yes,1,Not Graduate,1034916,321456,2894963,180,1,Semiurban,Y
Male,No,0,Graduate,1321687,1370493,1745401,240,1,Semiurban,Y
Male,Yes,1,Graduate,3987838,1431454,2140814,360,0,Semiurban,N
Male,No,0,Graduate,2425737,4154494,4936872,240,1,Urban,Y
Female,Yes,1,Graduate,1865907,4187898,4787181,240,1,Semiurban,N
Female,No,2,Not Graduate,3737074,359273,1680262,120,0,Rural,N
Female,Yes,2,Graduate,2268799,3860067,3697991,360,1,Urban,Y
Male,No,2,Not Graduate,4622910,2220683,188420,180,1,Urban,Y
Male,No,1,Not Graduate,2570919,1193068,1681457,120,0,Urban,N
Female,No,0,Not Graduate,2082503,209574,3646244,360,1,Rural,Y
Male,No,1,Not Graduate,1898466,285651,2152982,120,1,Semiurban,Y
Female,Yes,3+,Not Graduate,509407,296406,2582367,240,1,Rural,Y
Male,No,3+,Graduate,2602352,2113915,4559597,360,1,Semiurban,Y
Female,No,0,Graduate,2422291,1578566,2128559,360,1,Semiurban,Y
Male,No,0,Not Graduate,58826,4109362,338106,180,1,Urban,Y
Female,Yes,3+,Graduate,3431159,4887663,1347876,240,1,Rural,Y
Female,No,1,Not Graduate,4234717,535712,4292323,120,1,Semiurban,Y
Male,No,3+,Not Graduate,1413887,3541978,15287,180,1,Semiurban,N
Female,No,0,Graduate,4073160,1568237,4679541,360,0,Rural,N
Female,No,2,Graduate,1852675,83799,1876636,240,1,Rural,Y
Male,No,2,Not Graduate,1268665,2583516,4450776,180,1,Urban,Y
Male,No,3+,Graduate,1103871,773705,586423,120,0,Semiurban,N
Male,No,2,Not Graduate,700916,2337006,982056,180,1,Semiurban,Y
Female,No,1,Graduate,4881642,2890206,2876125,240,0,Semiurban,N
Female,Yes,1,Not Graduate,2360906,76877,2157764,360,1,Rural,Y
Male,Yes,2,Not Graduate,18726,986610,4834254,120,1,Urban,N
Female,Yes,2,Not Graduate,3571533,4824127,692789,120,1,Urban,Y
Female,No,0,Graduate,1792970,688343,1268569,120,1,Semiurban,Y
Male,No,0,Not Graduate,2377851,2924959,1642612,360,1,Urban,Y
Male,No,1,Not Graduate,3182307,820246,4576034,240,1,Urban,Y
Female,No,3+,Not Graduate,708529,2683397,4017972,360,0,Rural,N
Male,Yes,2,Graduate,2802643,3800330,3235566,180,1,Urban,Y
Female,No,1,Graduate,4416947,1124665,3300570,360,1,Urban,Y
Female,Yes,3+,Graduate,2216380,1081236,3606561,180,1,Semiurban,Y
Male,No,2,Not Graduate,3996205,1498845,2522296,180,1,Rural,Y
Male,No,2,Not Graduate,1385887,3690166,885726,180,1,Semiurban,Y
Female,No,0,Not Graduate,3564233,1738068,1050283,360,0,Semiurban,N
Male,No,1,Graduate,807403,4475260,2848333,360,1,Rural,Y
Female,Yes,1,Graduate,4788162,2053578,249053,240,1,Urban,Y
Male,Yes,2,Graduate,224126,1790075,1238193,120,1,Urban,Y
Male,Yes,0,Graduate,3334555,951531,261704,360,1,Urban,Y
Male,No,2,Not Graduate,2390405,672499,2282539,240,1,Semiurban,Y
Female,No,1,Not Graduate,256049,835899,3022747,240,1,Semiurban,N
Female,Yes,3+,Graduate,4888862,800329,408613,240,1,Urban,Y
Female,Yes,2,Graduate,3717214,898618,2889467,360,1,Semiurban,Y
Female,No,1,Not Graduate,2938993,717979,4362065,120,1,Rural,Y
Female,Yes,1,Not Graduate,4717503,2034121,4530480,120,1,Semiurban,Y
Male,No,0,Graduate,1597612,4250254,2290027,120,1,Semiurban,Y
Male,Yes,1,Graduate,2580169,1771326,2356164,180,1,Urban,Y
Male,No,1,Not Graduate,4826600,3403372,1840721,120,1,Semiurban,N
Male,Yes,3+,Graduate,3102127,2095389,1595989,360,1,Rural,Y
Male,No,2,Not Graduate,3738144,4531448,879887,180,1,Urban,Y
Female,Yes,2,Not Graduate,3024820,1414632,1216246,120,0,Semiurban,N
Female,Yes,1,Not Graduate,1025083,1934998,3463051,120,1,Rural,Y
Female,Yes,1,Not Graduate,3163057,1783200,4935494,360,1,Urban,Y
Female,Yes,3+,Graduate,1179780,1139804,3709155,360,1,Semiurban,Y
Female,Yes,1,Graduate,629943,1175794,2765478,240,1,Urban,Y
Male,Yes,1,Not Graduate,3986477,795109,2592724,360,0,Rural,N
Female,Yes,3+,Graduate,3851707,3814286,583791,360,0,Rural,N
Female,Yes,0,Not Graduate,4255067,3785652,2666028,180,1,Urban,Y
Male,Yes,3+,Not Graduate,3130608,4763877,2888010,180,1,Semiurban,Y
Female,Yes,3+,Not Graduate,709941,350329,1989202,360,1,Rural,Y
Male,Yes,2,Graduate,3787652,2725948,4573286,360,1,Urban,Y
Male,No,3+,Not Graduate,3132590,466901,533884,180,1,Urban,Y
Female,Yes,1,Graduate,4355591,3656804,411700,240,1,Rural,Y
Male,Yes,0,Not Graduate,4795792,4316207,803235,360,1,Semiurban,Y
Female,No,2,Not Graduate,1285906,4671512,2135258,360,1,Semiurban,Y
Female,No,0,Graduate,272696,2410975,2617721,180,1,Semiurban,N
Female,No,0,Graduate,3314504,2817589,291003,360,1,Urban,Y
Female,Yes,2,Graduate,3824328,1052074,4800530,120,0,Rural,N
Female,No,0,Graduate,4690448,2397758,311822,120,1,Rural,Y
Female,Yes,0,Not Graduate,1476970,3294521,33327,180,1,Semiurban,Y
Female,No,0,Not Graduate,1160435,474606,2613057,120,0,Semiurban,N
Female,No,0,Not Graduate,3765099,4589911,1752712,120,1,Semiurban,Y
Male,Yes,3+,Graduate,4244138,2717708,1128427,240,1,Semiurban,Y
Female,No,0,Graduate,4308868,205135,2093394,120,0,Urban,N
Female,No,3+,Not Graduate,4196411,3458372,4849736,120,1,Rural,Y
Female,Yes,0,Not Graduate,4828605,716800,1158702,180,1,Semiurban,Y
Male,Yes,2,Graduate,230599,2077967,2139623,120,1,Urban,N
Male,Yes,0,Graduate,2372913,4413204,1961886,360,1,Urban,Y
Male,No,1,Graduate,699944,3611303,1533903,360,0,Semiurban,N
Male,Yes,1,Not Graduate,4376480,2485388,3126050,360,0,Semiurban,N
Female,Yes,3+,Graduate,4694765,3817020,1100632,120,1,Semiurban,Y
Male,No,0,Graduate,3963013,1727467,367227,360,1,Urban,Y
Female,Yes,3+,Not Graduate,3050935,1548744,3758825,120,1,Semiurban,Y
Male,Yes,2,Not Graduate,3039882,3620086,3090071,360,1,Rural,Y
Female,No,2,Graduate,89567,3027026,930635,240,1,Semiurban,Y
Female,Yes,1,Not Graduate,4396554,1862834,4747764,240,1,Urban,Y
Female,Yes,2,Graduate,946863,459869,2754631,180,0,Urban,N
Female,No,1,Graduate,3385662,1365452,3984148,180,1,Semiurban,Y
Male,No,2,Graduate,2436626,2016261,2178771,360,1,Urban,Y
Female,Yes,0,Graduate,4808471,1687511,136563,120,1,Urban,Y
Male,Yes,3+,Not Graduate,2798178,2612270,925050,120,0,Rural,N
Female,No,3+,Graduate,3064445,4416851,3458095,120,1,Urban,Y
Female,No,2,Graduate,384882,1764999,1028088,120,1,Urban,Y
Female,Yes,2,Graduate,1827150,2163290,2173244,180,0,Urban,N
Male,No,1,Graduate,599993,1086945,2787620,240,1,Semiurban,Y
Male,Yes,1,Not Graduate,3218123,1997859,3746485,180,1,Urban,Y
Male,Yes,1,Graduate,1608912,822817,4701438,360,1,Rural,Y
Female,No,0,Graduate,2171472,4329909,1607484,360,1,Rural,Y
Female,Yes,1,Not Graduate,345684,3425912,2413212,240,1,Semiurban,N
Female,No,0,Not Graduate,4474178,4706658,1675542,120,1,Semiurban,Y
Male,Yes,2,Not Graduate,283576,2098621,1252813,120,1,Semiurban,Y
Male,No,0,Graduate,2463515,134283,2686976,120,1,Urban,Y
Male,No,2,Not Graduate,4658249,1806606,1302232,240,1,Semiurban,Y
Female,No,3+,Graduate,4233037,2053063,3167865,360,1,Semiurban,Y
Male,No,2,Not Graduate,3243783,844504,1415419,240,1,Semiurban,Y
Male,No,0,Graduate,1922448,3477922,2559014,240,0,Rural,N
Female,Yes,3+,Not Graduate,2478991,3418246,4740086,180,1,Rural,N
Male,No,0,Not Graduate,1818320,4299431,4615795,120,1,Rural,Y
Female,Yes,2,Not Graduate,1870708,3006329,3815359,180,1,Semiurban,N
Male,Yes,2,Not Graduate,3236059,3213573,3885193,120,1,Rural,Y
Male,Yes,2,Not Graduate,712611,2590126,2466344,120,1,Rural,Y
Male,Yes,1,Not Graduate,4676695,3391380,4982519,120,1,Semiurban,Y
Female,No,3+,Not Graduate,962739,762132,2246884,180,1,Semiurban,Y
Female,No,2,Not Graduate,4748565,2649486,4723056,360,1,Semiurban,Y
Male,Yes,2,Not Graduate,1153238,3288903,4559787,240,0,Semiurban,N
Female,Yes,3+,Graduate,1691868,2291369,453747,180,1,Semiurban,Y
Female,Yes,0,Not Graduate,1457351,42213,1536199,180,1,Semiurban,Y
Male,Yes,2,Not Graduate,4891021,2837269,1329992,360,1,Semiurban,Y
Female,Yes,2,Not Graduate,193027,4161932,4526446,180,1,Rural,N
Female,Yes,1,Graduate,1740934,3156023,1175306,180,1,Rural,Y
Male,Yes,0,Not Graduate,2448086,2501489,3836649,360,1,Urban,N
Female,No,1,Not Graduate,2334228,1325758,4726231,120,1,Urban,Y
Female,No,2,Not Graduate,4973716,1362561,1373898,360,1,Semiurban,Y
Male,No,3+,Graduate,666995,4233263,3665600,180,1,Semiurban,Y
Male,Yes,2,Graduate,1101218,2933783,533412,120,1,Rural,Y
Male,No,0,Graduate,1849415,4203381,2476123,180,1,Urban,Y
Female,Yes,3+,Not Graduate,229052,3925084,3883207,240,1,Rural,N
Female,Yes,2,Graduate,1752272,669884,2393418,360,1,Urban,Y
Female,No,2,Graduate,4542259,994330,155282,360,1,Semiurban,Y
Male,No,1,Not Graduate,3680012,4742398,856332,240,0,Semiurban,N
Male,No,1,Graduate,3372938,1314481,2161187,360,0,Rural,N
Male,No,0,Graduate,74416,1241021,4928835,360,1,Semiurban,N
Male,Yes,2,Not Graduate,2646059,2581658,4262100,180,1,Semiurban,Y
Female,Yes,2,Graduate,4920847,1897964,1740020,120,1,Urban,Y
Female,Yes,3+,Graduate,4883986,1760499,1359085,120,0,Semiurban,N
Male,No,0,Graduate,3229698,4611520,2299421,180,1,Rural,Y
Male,Yes,3+,Graduate,4597380,2368754,1556807,240,0,Urban,N
Female,Yes,1,Graduate,3487604,2470852,1375340,240,1,Semiurban,Y
Male,No,2,Not Graduate,2192709,2979965,1368368,240,1,Rural,Y
Male,Yes,1,Not Graduate,2121383,1588769,1483212,360,1,Rural,Y
Male,Yes,3+,Graduate,2603307,3498845,988147,120,1,Rural,Y
Female,Yes,1,Graduate,413613,3254634,4238459,120,1,Urban,N
Male,No,3+,Graduate,2156566,1718063,584595,240,0,Rural,N
Male,No,2,Graduate,1361206,399604,4257167,180,1,Urban,Y
Female,No,1,Graduate,708109,565219,3369884,360,1,Rural,Y
Male,Yes,2,Not Graduate,329397,66524,3773407,120,0,Semiurban,N
Male,No,3+,Not Graduate,1074299,1243625,60093,360,1,Rural,Y
Male,No,0,Graduate,4750372,1306659,1774848,360,1,Semiurban,Y
Male,No,1,Not Graduate,4402550,1301612,1195604,120,1,Rural,Y
Female,Yes,1,Not Graduate,2090614,3374567,151136,240,1,Urban,Y
Male,No,3+,Graduate,2006956,2114472,4972113,180,1,Rural,Y
Male,No,3+,Graduate,4000134,3882110,2162917,180,1,Semiurban,Y
Female,No,0,Not Graduate,3717128,3842543,4163690,360,1,Urban,Y
Female,Yes,3+,Graduate,4094909,2329387,4019079,120,1,Semiurban,Y
Male,Yes,2,Not Graduate,4085615,1773840,2013468,120,1,Semiurban,Y
Male,No,3+,Not Graduate,2812694,1536121,3148355,120,1,Semiurban,Y
Female,No,3+,Graduate,4394334,4565374,1686385,360,1,Semiurban,N
Male,No,3+,Not Graduate,3753278,3007140,749158,360,1,Urban,Y
Female,No,0,Not Graduate,2669586,11727,3783232,120,1,Rural,Y
Male,No,3+,Graduate,291214,4542932,2519253,360,1,Rural,Y
Male,No,1,Graduate,4484545,1095333,2459582,180,1,Urban,Y
Female,No,2,Graduate,2071296,1977500,1166691,180,1,Urban,Y
Male,Yes,3+,Graduate,1588753,1579394,1010101,360,1,Semiurban,Y
Male,No,2,Not Graduate,4959438,3217053,293736,360,1,Rural,Y
Male,No,0,Not Graduate,2778040,4872055,2168787,120,0,Semiurban,N
Female,Yes,0,Not Graduate,4079662,1132824,928726,180,1,Semiurban,N
Female,Yes,0,Not Graduate,4578349,4863841,3169549,120,1,Semiurban,Y
Male,Yes,0,Graduate,726772,393348,2440007,360,1,Urban,Y
Male,Yes,1,Not Graduate,4599115,2952000,812771,120,1,Semiurban,Y
Male,Yes,3+,Graduate,4952534,2515321,4266391,360,1,Urban,Y
Female,No,1,Not Graduate,3642692,1500834,3077738,240,1,Urban,Y
Male,Yes,0,Graduate,1679075,4726173,4609591,360,0,Rural,N
Male,No,3+,Graduate,167304,3466224,3117823,360,0,Urban,N
Male,No,1,Graduate,591388,4221986,923926,120,1,Semiurban,Y
Female,Yes,0,Not Graduate,3541265,4771228,4888323,360,1,Rural,Y
Male,No,0,Not Graduate,317652,2893217,3772642,240,1,Semiurban,Y
Female,Yes,0,Not Graduate,2689903,451920,811947,240,0,Urban,N
Female,No,3+,Not Graduate,700961,3672349,1043619,180,1,Semiurban,Y
Female,Yes,3+,Not Graduate,1732766,2171966,4427309,120,1,Semiurban,Y
Female,Yes,3+,Graduate,445346,4470799,1339656,180,0,Rural,N
Male,Yes,2,Not Graduate,3957600,1302083,3757752,240,1,Rural,Y
Male,No,2,Graduate,940007,2550140,3708224,180,0,Urban,N
Female,Yes,2,Not Graduate,671867,1266866,4553861,180,1,Urban,Y
Male,No,1,Not Graduate,4826437,353626,2182636,240,1,Semiurban,Y
Male,Yes,0,Graduate,4573774,15366,4508360,120,1,Rural,Y
Female,Yes,2,Graduate,1458571,3849164,522079,360,1,Semiurban,Y
Female,No,1,Not Graduate,673460,3365093,1036784,240,1,Urban,Y
Male,Yes,0,Graduate,4208502,4224519,4443930,360,1,Rural,Y
Male,Yes,2,Not Graduate,2547982,843895,1520992,240,0,Semiurban,N
Male,Yes,1,Not Graduate,2522689,553266,1616457,360,1,Semiurban,Y
Male,No,1,Graduate,3702344,1740221,4486570,180,1,Urban,N
Male,Yes,3+,Not Graduate,1179936,2068181,4675370,240,0,Urban,N
Male,Yes,1,Not Graduate,4345737,168944,3498739,120,0,Rural,N
Male,Yes,2,Graduate,4482548,1442014,2015165,180,1,Semiurban,Y
Male,Yes,0,Not Graduate,2531072,3589637,2731699,360,1,Semiurban,Y
Female,No,0,Graduate,3788438,2657060,4078961,240,1,Semiurban,Y
Female,Yes,1,Graduate,2205849,4086719,3707279,360,1,Rural,Y
Female,Yes,2,Not Graduate,564767,564812,2130804,120,1,Semiurban,N
Male,Yes,0,Graduate,258616,1625812,1082284,120,1,Rural,Y
Male,Yes,2,Graduate,1337212,1424573,493941,240,1,Rural,Y
Male,Yes,0,Not Graduate,1787436,2454997,15059,360,1,Semiurban,Y
Male,No,1,Not Graduate,3400487,4337128,459196,120,0,Urban,N
Female,Yes,2,Not Graduate,1236736,4366307,3422068,180,1,Urban,Y
Female,Yes,3+,Not Graduate,633121,1933027,2447620,120,1,Rural,Y
Male,Yes,0,Not Graduate,4280470,1994229,2393171,360,0,Semiurban,N
Female,Yes,1,Graduate,4034646,1544317,631247,180,1,Semiurban,Y
Female,Yes,1,Graduate,1801417,2971977,834837,360,1,Semiurban,Y
Male,Yes,2,Graduate,3434591,2505196,3425280,240,0,Urban,N
Male,Yes,2,Graduate,3575287,3125884,1747272,360,1,Urban,Y
Male,No,1,Not Graduate,4294133,1074659,1072499,120,0,Rural,N
Female,Yes,3+,Not Graduate,3045813,3380296,3566611,180,0,Rural,N
Female,No,3+,Graduate,2250977,519571,2685500,120,1,Urban,Y
Male,No,3+,Graduate,3259086,1609596,2353037,240,1,Rural,Y
Male,No,3+,Graduate,3784024,4966366,342074,120,1,Semiurban,Y
Female,No,2,Not Graduate,1696855,4437899,4618805,240,1,Rural,Y
Male,No,2,Graduate,1379578,4260585,1762608,180,0,Semiurban,N
Female,No,0,Not Graduate,3386538,523599,804237,120,1,Semiurban,Y
Male,Yes,1,Not Graduate,3748186,4903440,769655,240,1,Urban,Y
Male,Yes,3+,Not Graduate,4575954,3072208,214826,120,1,Rural,Y
Female,Yes,0,Graduate,4112405,2883912,1195107,240,1,Semiurban,Y
Female,No,2,Not Graduate,177875,1291379,4378321,180,1,Rural,N
Female,Yes,1,Not Graduate,4529600,3535794,2133783,120,1,Rural,Y
Male,Yes,3+,Not Graduate,2606563,2970733,1977452,360,1,Rural,Y
Female,Yes,2,Not Graduate,493996,609751,4870990,360,1,Rural,Y
Female,Yes,0,Graduate,2429865,810032,4790596,180,0,Semiurban,N
Male,No,0,Not Graduate,317075,3599726,496411,120,0,Rural,N
Female,Yes,0,Graduate,1004681,2450731,1461854,240,1,Urban,Y
Male,Yes,3+,Graduate,2675559,120519,993828,180,1,Semiurban,Y
Male,No,2,Graduate,982707,3697108,593670,360,0,Semiurban,N
Female,Yes,0,Not Graduate,3362813,2788699,4563403,120,1,Rural,Y
Male,Yes,1,Not Graduate,3888939,2414930,412636,240,1,Rural,Y
Female,No,0,Not Graduate,2288258,3046394,659826,180,1,Urban,Y
Female,Yes,3+,Graduate,3443714,3767293,4529451,180,1,Rural,Y
Male,Yes,2,Not Graduate,4736493,2555434,1333236,120,1,Semiurban,Y
Male,No,3+,Not Graduate,4362951,737199,1730904,360,1,Urban,Y
Male,No,3+,Graduate,753148,2154119,4249274,180,1,Rural,Y
Female,No,1,Not Graduate,4981873,873856,4595526,360,1,Urban,Y
Female,No,0,Graduate,3326754,4897895,2467953,120,0,Rural,N
Female,Yes,1,Not Graduate,2963398,36917,592444,120,1,Rural,Y
Female,Yes,1,Graduate,269020,1757675,4737884,240,0,Rural,N
Female,Yes,3+,Graduate,3635383,1792860,1997555,180,1,Semiurban,N
Female,No,0,Graduate,19692,723663,840845,360,1,Semiurban,N
Male,No,1,Not Graduate,283892,3432971,736058,120,0,Semiurban,N
Female,No,3+,Graduate,2128368,1412004,1572197,180,1,Semiurban,N
Male,Yes,1,Graduate,120526,58440,150365,240,0,Urban,N
Female,No,0,Graduate,89744,3935877,1336280,240,1,Rural,Y
Male,No,3+,Not Graduate,3411174,1385319,79008,240,0,Semiurban,N
Male,Yes,2,Graduate,2154447,1825182,144586,360,1,Rural,Y
Male,Yes,2,Graduate,3874180,1476285,2196486,240,0,Urban,N
Male,No,0,Graduate,4877655,4054738,4399623,360,1,Semiurban,Y
Female,Yes,0,Graduate,2314841,4712086,2597690,360,1,Rural,Y
Male,Yes,3+,Not Graduate,4208142,879339,1979572,120,1,Rural,Y
Female,No,2,Graduate,44085,3142593,3859265,180,1,Semiurban,N
Male,No,3+,Graduate,1584250,3785203,1651016,240,0,Rural,N
Female,No,1,Not Graduate,3105452,4679503,1136010,180,1,Urban,N
Female,No,2,Graduate,2607394,4232684,895946,360,1,Urban,Y
Male,No,0,Graduate,2463008,2434712,1570613,180,1,Semiurban,Y
Male,Yes,2,Not Graduate,3292177,1913268,4016913,240,1,Rural,Y
Male,Yes,0,Not Graduate,816973,991666,4445865,180,1,Rural,Y
Female,No,0,Not Graduate,3485756,2084523,3518106,120,1,Rural,Y
Female,No,1,Graduate,907733,2862395,4456116,240,1,Rural,Y
Female,Yes,1,Graduate,3497119,4325668,4386687,120,1,Urban,Y
Female,No,0,Not Graduate,504704,3469349,98613,240,0,Rural,N
Male,No,1,Not Graduate,4238913,4997040,2245930,120,1,Semiurban,Y
Male,No,2,Graduate,4660164,758124,1510869,360,0,Urban,N
Male,No,2,Not Graduate,3233595,2043720,745639,240,1,Semiurban,Y
Female,No,2,Not Graduate,1573066,3575841,2639368,240,1,Rural,Y
Male,No,1,Graduate,4056650,1219210,3288451,120,0,Semiurban,N
Male,No,1,Graduate,318942,2449014,3296869,120,0,Semiurban,N
Male,Yes,3+,Not Graduate,669475,3729667,2959912,360,1,Rural,Y
Female,No,0,Graduate,2288342,1896915,4279337,120,1,Urban,N
Male,No,0,Not Graduate,2134020,210587,2553035,120,1,Rural,Y
Male,Yes,3+,Graduate,1222150,2736992,2659150,240,1,Semiurban,Y
Male,Yes,1,Not Graduate,3380057,4552904,2837954,120,1,Urban,Y
Female,Yes,0,Not Graduate,2633191,418376,1463896,180,1,Rural,Y
Female,No,3+,Graduate,4329649,1454172,445778,120,1,Semiurban,N
Male,Yes,2,Graduate,1000029,3004280,490160,360,0,Urban,N
Male,No,2,Graduate,1147907,1587078,2458889,360,0,Rural,N
Female,No,3+,Not Graduate,4831168,616192,264836,240,1,Urban,Y
Female,No,0,Graduate,3153694,3187360,4176994,180,1,Urban,Y
Male,No,3+,Graduate,4600855,4595218,2340602,240,1,Rural,Y
Female,Yes,1,Graduate,2459788,4217291,1039926,360,0,Urban,N
Female,No,1,Graduate,3036626,1447085,3628387,120,1,Semiurban,Y
Male,No,2,Not Graduate,4595427,4326411,2442775,360,0,Semiurban,N
Male,No,3+,Graduate,4315722,4110763,241911,120,1,Rural,Y
Female,No,0,Not Graduate,249095,1732282,4321485,120,1,Semiurban,N
Male,No,2,Graduate,1790306,2704355,3283888,240,1,Rural,Y
Female,Yes,1,Not Graduate,3732841,2257087,928720,180,0,Semiurban,N
Female,No,0,Not Graduate,1273291,628300,1937387,180,1,Semiurban,Y
Male,Yes,2,Not Graduate,4485103,1848134,2410831,240,1,Semiurban,Y
Male,No,3+,Not Graduate,4263639,50074,97316,180,1,Urban,Y
Female,No,3+,Graduate,1553392,91138,1897088,120,0,Urban,N
Female,Yes,3+,Not Graduate,1202434,4483570,4159489,120,0,Semiurban,N
Female,Yes,3+,Not Graduate,1955663,2658621,1934032,240,0,Semiurban,N
Male,Yes,1,Not Graduate,4070699,4471718,3185933,120,1,Rural,Y
Female,No,3+,Graduate,343901,1219351,2044317,120,1,Urban,Y
Female,No,3+,Not Graduate,1014916,3229390,3417870,180,1,Urban,Y
Male,Yes,2,Graduate,1374151,2245696,4393054,360,1,Rural,Y
Female,Yes,0,Not Graduate,2050626,2639468,2627461,180,1,Semiurban,Y
Female,Yes,0,Graduate,1590904,1501250,2678465,240,1,Urban,Y
Male,Yes,1,Graduate,4618555,2042482,4304887,240,1,Semiurban,Y
Female,No,1,Graduate,4567233,244247,3244556,240,1,Rural,Y
Male,No,2,Graduate,4317407,580383,2872996,120,1,Rural,N
Female,Yes,2,Not Graduate,1397115,2963921,4365751,360,0,Semiurban,N
Male,No,3+,Not Graduate,4518962,3157903,885964,360,1,Semiurban,Y
Female,Yes,3+,Graduate,3794718,4170559,4085890,180,0,Semiurban,N
Female,Yes,3+,Graduate,2543940,1006595,3627387,120,1,Urban,Y
Female,Yes,2,Graduate,3071300,1556222,1134474,180,0,Semiurban,N
Male,Yes,1,Not Graduate,2894799,3966416,3045523,120,1,Rural,Y
Male,No,3+,Graduate,438792,2620029,3999074,360,1,Semiurban,Y
Female,Yes,0,Graduate,4044410,3915108,4998976,240,0,Semiurban,N
Female,No,2,Not Graduate,903062,2884910,3099499,360,1,Rural,Y
Male,No,0,Graduate,1157036,3626552,105226,180,1,Semiurban,Y
Male,No,3+,Graduate,432100,3457949,2944409,180,1,Urban,Y
Female,Yes,1,Graduate,23939,4980171,2336527,180,1,Rural,Y
Male,Yes,1,Not Graduate,1987714,2995550,3784885,360,1,Urban,Y
Male,Yes,0,Not Graduate,3113459,2805216,2255151,120,1,Semiurban,Y
Female,No,1,Not Graduate,59291,4749833,3017875,360,1,Semiurban,Y
Female,No,3+,Not Graduate,462333,2341652,3716118,120,1,Semiurban,Y
Male,Yes,0,Graduate,2503740,1510690,3104779,180,1,Rural,Y
Female,Yes,0,Not Graduate,4501961,276350,1288352,360,1,Semiurban,Y
Male,Yes,3+,Graduate,446515,1916383,1493852,120,1,Rural,Y
Female,No,0,Not Graduate,2647285,3834314,3399618,240,1,Urban,Y
Female,No,2,Graduate,3004994,4538794,1269975,120,1,Rural,Y
Male,No,3+,Not Graduate,1087206,4773417,2335996,120,1,Rural,Y
Male,Yes,3+,Graduate,4810733,3657361,4168994,240,1,Semiurban,Y
Male,No,0,Graduate,2432000,4896289,36071,120,1,Rural,Y
Male,No,0,Not Graduate,4716623,4716930,1389983,180,1,Rural,Y
Male,No,2,Graduate,1978424,1288249,3566723,360,1,Semiurban,Y
Female,Yes,3+,Not Graduate,2082764,989152,940618,180,1,Urban,Y
Female,No,0,Graduate,4115861,730488,1484872,360,1,Rural,Y
Female,Yes,0,Not Graduate,4190747,2837632,2995213,180,1,Urban,Y
Female,No,0,Graduate,3465280,3109246,92475,180,1,Rural,N
Female,Yes,1,Not Graduate,531401,4516464,1950303,180,1,Rural,Y
Female,Yes,1,Graduate,4390196,1490729,4137425,180,1,Rural,Y
Male,No,1,Not Graduate,4925260,403326,2863685,360,0,Semiurban,N
Male,Yes,0,Graduate,4891207,4763170,4662889,180,0,Urban,N
Male,No,2,Graduate,2437401,3756830,2345356,240,0,Semiurban,N
Male,Yes,1,Not Graduate,4404994,3706218,1583139,120,1,Semiurban,N
Female,Yes,2,Graduate,2334243,1550404,1340763,180,1,Urban,Y
Male,Yes,0,Graduate,1390223,4544966,3728954,120,1,Rural,Y
Male,Yes,0,Not Graduate,3857311,2197881,4184627,180,1,Urban,Y
Male,Yes,3+,Graduate,3985436,3688972,80442,360,0,Urban,N
Male,No,0,Graduate,450204,2671575,704605,240,1,Rural,Y
Male,No,2,Not Graduate,2709182,1153896,509406,240,1,Rural,Y
Female,Yes,1,Graduate,4999210,4459925,1728250,180,0,Rural,N
Female,Yes,0,Not Graduate,27924,2388851,2748163,120,1,Urban,N
Male,No,1,Not Graduate,4059018,2155960,460608,180,1,Semiurban,Y
Female,No,2,Not Graduate,2132223,2995623,1479008,360,1,Urban,Y
Male,Yes,3+,Not Graduate,786860,1406055,4842984,180,1,Rural,Y
Male,Yes,0,Graduate,2120490,1725200,1351914,360,1,Rural,Y
Female,Yes,2,Not Graduate,130612,3448212,186793,240,1,Urban,Y
Female,Yes,1,Not Graduate,4539927,805097,859754,180,1,Semiurban,Y
Male,No,0,Graduate,1464736,3591523,3273843,240,1,Semiurban,Y
Female,No,1,Graduate,4777992,2276664,4208844,240,1,Urban,Y
Male,No,2,Graduate,850653,1649704,4798121,180,1,Urban,Y
Male,Yes,0,Not Graduate,4513120,1651710,3048737,180,1,Rural,Y
Male,Yes,1,Not Graduate,2319974,886969,3757533,360,1,Urban,Y
Female,Yes,3+,Not Graduate,3156194,642173,4803925,180,0,Rural,N
Female,Yes,1,Not Graduate,3124044,3235287,3132843,120,0,Urban,N
Female,Yes,0,Graduate,4186821,2008563,441425,240,0,Urban,N
Female,Yes,0,Graduate,2065231,3586703,2167567,120,1,Rural,Y
Male,No,1,Not Graduate,1586008,1653310,3010712,120,1,Semiurban,Y
Male,No,3+,Graduate,3653951,3673993,3251545,240,1,Rural,N
Female,Yes,0,Graduate,980081,2722003,3490796,120,1,Semiurban,Y
Female,Yes,0,Graduate,3013324,3596275,53310,180,1,Urban,Y
Male,No,3+,Not Graduate,3407766,3349479,2072203,180,0,Rural,N
Female,No,0,Graduate,4939679,2512148,1987950,360,0,Urban,N
Female,Yes,3+,Not Graduate,1320555,828767,4917583,360,1,Semiurban,Y
Male,No,2,Graduate,508877,1994143,4815866,240,1,Rural,Y
Female,Yes,3+,Not Graduate,3212558,3970993,2518072,240,1,Urban,Y
Female,Yes,3+,Graduate,1087881,4499412,4929208,360,1,Semiurban,Y
Female,Yes,2,Not Graduate,4450549,4166138,3846364,360,1,Rural,Y
Male,No,3+,Not Graduate,3518437,2706940,2218108,240,1,Semiurban,Y
Female,Yes,1,Graduate,1719171,1583478,4446071,180,0,Urban,N
Male,No,2,Not Graduate,1894459,2990639,1094686,360,0,Rural,N
Male,Yes,1,Graduate,1857060,2874306,218871,120,1,Semiurban,Y
Male,No,1,Graduate,4164666,4284103,4457481,240,1,Urban,Y
Male,Yes,1,Graduate,2176582,4345878,2093948,240,0,Semiurban,N
Male,No,1,Graduate,945045,1572468,2653476,120,0,Urban,N
Female,Yes,2,Not Graduate,4887045,2194771,1321690,120,1,Semiurban,Y
Male,No,0,Graduate,4765442,3474619,2272398,120,0,Rural,N
Male,Yes,2,Not Graduate,1328642,4599459,4555151,120,1,Urban,Y
Female,No,3+,Graduate,3834754,549675,4180011,180,1,Urban,Y
Male,Yes,1,Not Graduate,1650524,2944272,4051284,240,0,Urban,N
Female,No,2,Graduate,3449522,3561879,2511714,360,1,Urban,Y
Female,No,0,Not Graduate,2226979,3185205,4376018,240,1,Rural,Y
Female,Yes,3+,Graduate,2596557,4865716,2915438,180,1,Urban,Y
Male,Yes,3+,Graduate,1219534,3478534,78842,120,1,Rural,Y
Female,Yes,2,Graduate,248790,3422435,1386507,360,0,Rural,N
Female,No,2,Not Graduate,1747159,2798495,2175718,360,1,Rural,Y
Male,Yes,1,Graduate,3641003,4095164,7086,240,0,Urban,N
Male,Yes,0,Not Graduate,1739246,3590250,3480116,120,1,Urban,Y
Female,Yes,2,Graduate,4786931,3414445,545031,240,1,Rural,Y
Male,Yes,1,Graduate,1958779,4746794,3852361,120,1,Semiurban,Y
Female,Yes,0,Not Graduate,2970054,2071907,821459,240,1,Rural,Y
Male,Yes,1,Not Graduate,3325422,4784291,1604160,360,1,Urban,Y
Female,No,3+,Not Graduate,4204683,1583497,2341133,360,1,Semiurban,Y
Female,Yes,0,Not Graduate,1252282,149116,79371,240,1,Semiurban,Y
Male,Yes,0,Not Graduate,4836120,1638880,3131766,120,1,Semiurban,Y
Female,Yes,0,Not Graduate,4732292,1072731,490354,240,1,Semiurban,Y
Male,No,0,Graduate,3498359,3454195,4564981,360,1,Urban,Y
Female,No,0,Not Graduate,3458898,3092770,914378,120,1,Urban,Y
Female,No,1,Not Graduate,2922484,4499084,2140100,240,1,Rural,Y
Female,Yes,3+,Graduate,3434562,1460113,4466253,120,1,Semiurban,Y
Male,No,0,Graduate,3623382,4151426,524431,180,1,Rural,Y
Female,Yes,1,Not Graduate,1812646,889080,1764291,360,1,Rural,Y
Male,No,0,Not Graduate,4623220,3569653,4336720,360,1,Semiurban,N
Male,No,2,Not Graduate,3388252,4013721,689363,240,1,Urban,N
Male,Yes,1,Graduate,500752,1544455,1109504,240,1,Semiurban,Y
Male,Yes,0,Not Graduate,1106831,4263077,4208439,240,1,Urban,N
Female,Yes,3+,Graduate,4701171,2830034,1557039,240,0,Urban,N
Female,Yes,1,Graduate,4594112,1157560,2904992,360,1,Urban,Y
Male,Yes,2,Graduate,4887991,4380452,1635080,120,1,Semiurban,Y
Female,No,3+,Not Graduate,2210530,4222422,4472655,360,1,Rural,Y
Female,Yes,2,Not Graduate,3662869,4620663,4596742,360,1,Urban,Y
Female,No,0,Not Graduate,2236922,4252662,1593885,360,1,Urban,N
Male,No,1,Not Graduate,3299748,3724555,4678453,120,0,Urban,N
Male,No,1,Not Graduate,4663938,232101,1034309,360,1,Urban,Y
Female,Yes,1,Graduate,1881019,3532449,1013093,180,1,Rural,N
Female,No,1,Graduate,4123744,1611581,2428346,240,1,Semiurban,Y
Female,Yes,2,Not Graduate,4309283,4069889,1669702,120,1,Rural,Y
Female,Yes,2,Graduate,3764401,371521,4127160,360,1,Semiurban,Y
Female,No,1,Graduate,729427,4900126,4274674,240,1,Semiurban,Y
Male,No,2,Not Graduate,4495450,3374046,4980382,120,0,Semiurban,N
Female,No,1,Not Graduate,3105132,1638291,3245582,360,1,Semiurban,Y
Female,Yes,0,Graduate,2357895,4589867,2033191,120,1,Urban,Y
Male,No,3+,Graduate,532858,4320159,92969,180,1,Urban,Y
Female,No,3+,Graduate,3189358,1549390,1703560,120,0,Urban,N
Female,No,3+,Graduate,4126530,4623915,4927981,360,1,Urban,Y
Female,No,0,Graduate,1165001,3740019,2431676,360,1,Urban,Y
Female,Yes,1,Graduate,2233732,1676593,719550,360,0,Semiurban,N
Female,No,2,Graduate,2370628,2221383,1245134,180,0,Urban,N
Male,No,3+,Not Graduate,2584962,3566875,4738783,180,1,Rural,Y
Male,No,0,Not Graduate,4478147,4774212,1590806,240,1,Semiurban,Y
Female,No,3+,Graduate,463878,862947,2653351,180,1,Rural,Y
Female,Yes,0,Graduate,4209919,4552925,2131087,180,1,Urban,Y
Male,Yes,2,Not Graduate,2452457,647312,4191113,180,1,Urban,Y
Male,Yes,0,Not Graduate,1956099,3845556,682367,240,1,Rural,Y
Female,No,3+,Not Graduate,149079,2101529,3800836,120,1,Semiurban,N
Male,No,0,Graduate,1777682,2655428,32900,240,0,Urban,N
Female,Yes,0,Not Graduate,1338745,3317545,4792791,360,0,Urban,N
Female,No,2,Not Graduate,1373844,3704777,4123893,360,1,Rural,Y
Male,Yes,0,Graduate,2189965,3466665,4629961,120,1,Semiurban,Y
Female,Yes,1,Graduate,2981131,2608104,4268874,360,0,Semiurban,N
Male,Yes,0,Graduate,4990069,4521407,2338037,360,1,Rural,Y
Male,No,2,Not Graduate,1146365,1715527,583399,360,1,Rural,Y
Male,No,2,Not Graduate,1384858,1579489,3811003,120,0,Urban,N
Male,No,3+,Graduate,3102454,3475006,2811781,120,1,Rural,Y
Male,No,3+,Not Graduate,2983356,1044513,2752531,180,1,Semiurban,Y
Female,No,3+,Not Graduate,2223314,2620174,3164568,120,1,Semiurban,Y
Male,Yes,2,Not Graduate,4490010,4006463,2789093,180,1,Rural,Y
Female,No,3+,Not Graduate,971620,1935525,3894473,180,0,Semiurban,N
Female,No,0,Graduate,4399554,928476,2562710,360,1,Urban,Y
Female,Yes,0,Graduate,826895,1742451,3746693,240,1,Rural,Y
Female,Yes,1,Not Graduate,1919859,58442,1503733,180,0,Urban,N
Female,No,1,Graduate,683545,4546999,2233590,180,1,Rural,Y
Female,No,2,Graduate,4386559,15550,3513554,180,1,Rural,Y
Female,No,0,Graduate,4168642,2335609,4606414,240,1,Urban,Y
Female,Yes,2,Not Graduate,49220,10205,3861351,120,1,Urban,N
Female,No,3+,Graduate,1126021,2260004,4451542,180,1,Semiurban,N
Male,Yes,1,Not Graduate,3172243,2188584,3347924,240,1,Rural,Y
Female,Yes,2,Graduate,1789476,607915,2943975,360,1,Urban,Y
Female,Yes,2,Graduate,557052,2668321,3685970,120,1,Semiurban,Y
Female,Yes,1,Not Graduate,4408921,169673,3926435,360,1,Rural,N
Male,No,0,Graduate,193574,2373579,2126091,120,1,Urban,N
Female,No,0,Not Graduate,2589397,372379,991390,360,1,Semiurban,Y
Female,No,3+,Not Graduate,2425224,3553204,2505923,120,1,Rural,Y
Male,Yes,3+,Graduate,1864118,3351178,1628033,360,0,Semiurban,N
Male,Yes,2,Not Graduate,2819210,230566,679905,360,1,Urban,Y
Male,No,2,Graduate,2551534,167061,2254279,180,1,Rural,Y
Male,Yes,0,Graduate,2100241,4709485,922073,240,1,Rural,Y
Male,No,3+,Graduate,148888,4014270,3065510,240,1,Rural,N
Male,No,3+,Graduate,550498,3442877,4986387,180,0,Rural,N
Female,Yes,1,Graduate,2808115,700330,4563394,120,1,Urban,Y
Female,No,2,Not Graduate,4561795,3854111,3089655,180,1,Semiurban,Y
Female,No,1,Not Graduate,2207310,2487473,2484654,180,1,Rural,Y
Female,No,0,Graduate,4479291,3186604,2783273,120,1,Rural,Y
Female,Yes,1,Graduate,2024631,2094876,2177024,240,0,Rural,N
Female,Yes,0,Graduate,1038263,403128,4486467,120,1,Semiurban,Y
Female,Yes,2,Graduate,3004026,3716335,3506941,180,1,Semiurban,Y
Male,No,1,Not Graduate,412730,1190111,820067,360,1,Semiurban,Y
Male,Yes,3+,Graduate,2399395,612330,3736967,360,1,Urban,Y
Female,No,1,Graduate,4579949,2898856,1256199,240,1,Rural,Y
Male,Yes,0,Not Graduate,2869339,4900119,2423185,360,1,Rural,Y
Female,Yes,1,Not Graduate,1944853,3346041,3522667,120,1,Semiurban,Y
Female,Yes,2,Graduate,1641955,785845,1577527,240,0,Rural,N
Female,Yes,3+,Not Graduate,927528,3345667,2498964,180,1,Rural,Y
Female,Yes,3+,Graduate,4151735,4649437,822843,360,1,Semiurban,Y
Male,No,1,Not Graduate,4476057,3289951,4326273,120,1,Rural,Y
Female,No,1,Not Graduate,3363519,647368,4084610,240,1,Urban,Y
Male,Yes,3+,Not Graduate,4842212,93891,2024608,240,1,Urban,Y
Female,No,2,Not Graduate,4881230,2946479,1717876,120,1,Semiurban,Y
Female,No,0,Graduate,2262853,2130474,2301091,180,1,Semiurban,Y
Female,Yes,0,Graduate,3728989,503204,1227517,240,1,Rural,Y
Male,No,1,Not Graduate,4174110,1817824,2470794,120,0,Urban,N
Female,Yes,1,Graduate,883316,1614748,1951642,120,0,Urban,N
Female,Yes,1,Graduate,3001503,3811836,1225189,120,1,Semiurban,Y
Female,No,3+,Not Graduate,3336064,1414966,4183085,120,1,Semiurban,Y
Female,No,2,Graduate,1040035,1782974,3441533,120,0,Semiurban,N
Male,No,2,Not Graduate,2097458,4675374,1118627,120,1,Urban,N
Female,Yes,0,Graduate,3916553,2294050,454168,240,1,Semiurban,N
Female,Yes,1,Not Graduate,1139464,2188775,4441681,240,1,Rural,Y
Male,Yes,3+,Not Graduate,3580696,4780812,3163425,240,1,Semiurban,Y
Male,No,2,Graduate,1517371,225866,4144958,240,1,Semiurban,Y
Female,Yes,2,Not Graduate,2518350,3959944,4498369,180,0,Rural,N
Female,Yes,3+,Not Graduate,550662,1265034,2461009,120,0,Urban,N
Female,No,1,Graduate,1898178,1362819,4712659,120,0,Rural,N
Male,No,2,Graduate,1343848,1242842,3923736,360,1,Urban,Y
Male,No,2,Graduate,1463638,2297393,1209878,360,1,Rural,Y
Female,No,3+,Not Graduate,41251,903653,3732485,180,0,Semiurban,N
Female,Yes,3+,Not Graduate,2434934,2142271,761169,120,1,Urban,N
Female,No,0,Graduate,2894130,2241015,732775,120,1,Rural,Y
Male,No,3+,Not Graduate,3878296,2885758,3596966,120,1,Urban,Y
Female,No,2,Not Graduate,1826279,814610,3681449,360,0,Rural,N
Female,Yes,3+,Not Graduate,4652828,3042765,2938840,360,1,Semiurban,Y
Female,No,2,Graduate,3037253,2214087,4267688,180,1,Rural,Y
Male,No,1,Not Graduate,1641845,15591,3037858,240,1,Rural,N
Male,Yes,1,Graduate,4083528,4144975,3698357,180,1,Rural,Y
Male,Yes,1,Not Graduate,3928908,210628,4135927,240,1,Rural,Y
Female,Yes,0,Not Graduate,4630739,109946,96433,240,1,Rural,Y
Female,Yes,2,Graduate,4156594,4057618,638950,120,1,Semiurban,Y
Male,Yes,3+,Not Graduate,2115232,2159812,3577918,360,1,Rural,Y
Male,Yes,0,Graduate,2464956,1195553,3047234,240,1,Urban,Y
Male,No,3+,Not Graduate,2387068,1781415,4743317,180,1,Urban,Y
Male,No,1,Not Graduate,918741,4658997,3043776,180,0,Urban,N
Male,Yes,3+,Not Graduate,2011522,4035800,3490866,240,1,Rural,Y
Female,Yes,0,Not Graduate,4640209,1008303,3854544,120,1,Urban,Y
Female,No,3+,Graduate,299010,2591315,189376,120,1,Semiurban,Y
Female,Yes,3+,Not Graduate,803060,4981490,1812084,180,0,Urban,N
Female,No,1,Not Graduate,3919644,2888493,2386172,240,1,Rural,Y
Male,No,2,Graduate,3502439,2576772,637224,240,1,Rural,Y
Male,Yes,1,Not Graduate,3403654,1080894,1566455,120,1,Rural,Y
Female,Yes,1,Not Graduate,4690636,3950570,88999,360,0,Rural,N
Female,No,3+,Not Graduate,1792270,114327,2168772,360,1,Semiurban,N
Female,Yes,3+,Graduate,1332603,854759,3380382,120,1,Urban,Y
Male,Yes,0,Not Graduate,2142510,3696565,780204,240,1,Rural,Y
Male,Yes,2,Not Graduate,3730778,4566831,2783112,120,0,Rural,N
Male,No,0,Graduate,2415125,3212124,1564178,180,1,Semiurban,Y
Male,No,3+,Not Graduate,4847918,1979024,3123471,360,0,Rural,N
Male,No,1,Graduate,2810439,3241368,1911396,240,1,Semiurban,Y
Female,Yes,0,Not Graduate,4609403,33533,2607743,120,1,Semiurban,Y
Female,Yes,3+,Not Graduate,1091713,1233960,2557805,360,0,Semiurban,N
Male,Yes,1,Not Graduate,139466,3860450,1953730,240,0,Urban,N
Female,Yes,0,Not Graduate,2384859,2670900,661459,240,0,Urban,N
Female,No,2,Not Graduate,3753922,3213310,166732,360,1,Urban,Y
Male,No,0,Graduate,4936896,4255496,3644592,360,1,Urban,Y
Female,No,3+,Graduate,4155308,4122300,3788218,240,1,Rural,N
Female,Yes,2,Graduate,4778891,187089,3224180,360,1,Urban,Y
Male,Yes,3+,Graduate,2883809,4977688,4493274,240,1,Urban,Y
Female,No,2,Not Graduate,1852540,3990012,405042,240,1,Rural,Y
Male,No,2,Not Graduate,2431775,912075,2632052,360,1,Urban,Y
Male,No,2,Graduate,143992,4822526,3559830,120,1,Semiurban,N
Male,Yes,3+,Not Graduate,2981667,4715478,1069454,360,0,Semiurban,N
Female,Yes,1,Not Graduate,4384047,2256983,2643469,360,1,Rural,Y
Female,Yes,0,Graduate,4678067,892251,1457992,120,1,Urban,Y
Male,No,2,Graduate,2396468,175347,1510258,120,0,Rural,N
Female,No,1,Not Graduate,2259571,1369634,3719042,180,0,Urban,N
Male,No,1,Graduate,3582370,4744471,2511020,360,1,Rural,N
Male,Yes,1,Not Graduate,67286,3926371,827659,360,1,Semiurban,Y
Female,No,0,Not Graduate,428910,3761762,56200,180,1,Rural,N
Male,No,0,Not Graduate,1096641,3488722,3232777,240,1,Rural,Y
Female,Yes,3+,Not Graduate,2286613,4927458,4309723,360,1,Rural,Y
Female,No,2,Not Graduate,1430843,1381490,4273238,360,1,Urban,Y
Female,Yes,1,Not Graduate,3484265,3906844,1355243,240,1,Semiurban,Y
Male,No,0,Graduate,1923913,3879070,4193711,360,1,Rural,Y
Male,Yes,0,Not Graduate,3504679,2851107,3476098,360,1,Semiurban,Y
Female,No,1,Graduate,1014779,1161737,2989783,180,1,Urban,Y
Male,Yes,1,Graduate,3577066,4647489,2614364,360,1,Urban,N
Female,Yes,0,Graduate,397848,4800236,4328229,240,1,Semiurban,Y
Male,No,0,Graduate,2879096,683431,3028710,180,1,Semiurban,Y
Female,Yes,3+,Not Graduate,2170315,3148826,2122770,360,0,Rural,N
Male,Yes,0,Not Graduate,3411736,75245,2608608,120,0,Rural,N
Male,No,2,Graduate,3055819,2512571,4291342,240,1,Rural,Y
Female,Yes,2,Graduate,3370616,1590083,4856449,240,0,Urban,N
Male,Yes,0,Not Graduate,2673883,3686051,625951,240,1,Urban,Y
Male,Yes,2,Not Graduate,4450427,404720,141906,120,1,Urban,Y
Female,No,0,Not Graduate,1968562,3125399,848557,360,1,Semiurban,Y
Male,Yes,2,Graduate,1094596,1296681,4077828,360,1,Semiurban,Y
Female,No,2,Not Graduate,2822597,4515399,4168701,120,1,Rural,Y
Male,Yes,3+,Not Graduate,1170215,1530046,4047628,360,1,Rural,Y
Female,Yes,3+,Not Graduate,2816800,2164205,4667934,180,0,Semiurban,N
Male,Yes,0,Not Graduate,4090133,872731,1458882,360,0,Urban,N
Female,Yes,3+,Graduate,1720942,775911,1221519,360,1,Semiurban,Y
Female,No,0,Not Graduate,2828200,749940,349132,120,1,Urban,Y
Female,Yes,2,Not Graduate,1175971,4063525,4697354,360,1,Semiurban,Y
Female,No,0,Graduate,2800388,4040449,2284782,180,1,Semiurban,Y
Male,Yes,2,Not Graduate,621156,4519661,2797553,360,1,Urban,Y
Male,Yes,2,Not Graduate,2157441,183492,3543999,120,1,Semiurban,Y
Male,Yes,0,Not Graduate,4084896,1379111,3342799,240,0,Semiurban,N
Male,No,0,Graduate,4835049,1547939,4266441,180,1,Rural,Y
Male,No,3+,Not Graduate,1241005,1237383,4986330,120,1,Urban,Y
Female,No,1,Graduate,2112077,3104281,72853,180,1,Urban,Y
Male,No,1,Not Graduate,112668,4997642,850840,360,1,Semiurban,N
Female,Yes,0,Graduate,397105,1242616,4764261,180,0,Urban,N
Male,Yes,2,Not Graduate,1594103,2865557,4014317,120,1,Rural,Y
Female,Yes,2,Graduate,524752,808327,902640,240,1,Urban,Y
Male,Yes,2,Graduate,2895414,868808,1244131,240,0,Semiurban,N
Male,Yes,3+,Graduate,629056,3088039,1731971,180,1,Rural,Y
Male,Yes,1,Graduate,4841396,1683597,3941167,360,0,Urban,N
Female,Yes,3+,Not Graduate,77847,2589996,2306572,240,1,Semiurban,N
Male,No,3+,Graduate,2779050,3793277,2876132,360,1,Semiurban,N
Male,Yes,3+,Graduate,1659431,3354908,4983939,180,1,Semiurban,Y
Female,Yes,1,Not Graduate,706406,832153,2453897,120,1,Urban,Y
Male,Yes,2,Graduate,4838145,4502257,2600578,120,1,Semiurban,N
Male,No,2,Not Graduate,1440105,2801178,4985100,180,0,Urban,N
Male,No,2,Graduate,4338579,669720,4449549,240,1,Urban,Y
Male,No,0,Graduate,2829020,4134226,3453174,240,1,Rural,Y
Female,No,2,Not Graduate,126798,619665,1123724,180,1,Urban,N
Male,Yes,3+,Not Graduate,2846153,4634891,2598730,120,1,Urban,Y
Male,Yes,3+,Not Graduate,2933828,3716567,2116440,120,1,Urban,Y
Female,No,0,Graduate,4335492,725068,1518158,180,1,Semiurban,Y
Male,No,1,Not Graduate,873502,1150553,4464861,180,1,Urban,Y
Female,Yes,1,Graduate,1864113,367040,1894977,240,1,Semiurban,Y
Female,No,1,Graduate,4844718,2404252,478561,240,1,Urban,Y
Male,Yes,1,Not Graduate,4700754,4703398,2326454,240,1,Rural,Y
Male,Yes,2,Not Graduate,3751959,4772913,4556967,120,0,Urban,N
Male,Yes,0,Not Graduate,2515548,477055,612321,360,1,Rural,Y
Female,Yes,2,Graduate,3994454,1040891,1453638,360,1,Urban,Y
Female,Yes,0,Graduate,809638,4281997,2893282,240,0,Urban,N
Female,No,2,Graduate,4634072,1296686,2578488,240,1,Urban,Y
Female,No,1,Not Graduate,4462233,3445345,2318410,360,1,Rural,Y
Male,No,0,Graduate,4720393,703865,60903,180,1,Urban,N
Male,Yes,3+,Graduate,1855436,4357618,4233681,360,1,Rural,Y
Male,Yes,1,Graduate,3925800,1454295,3125549,360,0,Semiurban,N
Female,Yes,1,Graduate,1850623,1147191,3673578,120,1,Rural,Y
Male,No,3+,Graduate,4839044,1739766,4954754,360,1,Rural,Y
Male,No,0,Not Graduate,1059788,1434967,2632213,180,1,Urban,Y
Male,No,0,Not Graduate,4738765,4835220,3738850,120,1,Rural,Y
Male,No,2,Not Graduate,1447376,739092,2782507,180,1,Urban,N
Female,No,2,Not Graduate,2213246,3028687,2723217,360,0,Semiurban,N
Male,No,0,Graduate,161387,4413859,164879,120,1,Semiurban,Y
Male,No,0,Graduate,2872825,4657245,212445,360,1,Semiurban,Y
Male,Yes,0,Graduate,3754312,3639062,4004749,360,1,Semiurban,Y
Male,Yes,2,Not Graduate,3441172,1732526,131960,180,1,Urban,Y
Female,No,2,Graduate,4083425,4366997,4935516,120,1,Urban,Y
Male,Yes,0,Graduate,4171294,4185133,2526904,360,1,Urban,Y
Female,No,3+,Not Graduate,3621536,3187502,4076721,180,1,Rural,Y
Female,Yes,2,Not Graduate,2476540,1548324,644433,240,1,Urban,Y
Female,No,2,Graduate,1422172,2092932,3428100,240,1,Urban,Y
Male,Yes,2,Graduate,701472,2242923,1254805,360,1,Rural,Y
Male,Yes,1,Graduate,4616243,2788528,256144,180,0,Rural,N
Male,No,3+,Graduate,2687948,4255470,962700,240,0,Semiurban,N
Female,No,2,Not Graduate,878769,3987138,4387905,180,1,Semiurban,Y
Female,No,0,Not Graduate,3120809,2432987,4262929,360,1,Rural,Y
Male,No,0,Not Graduate,3916340,3555995,1110520,120,0,Urban,N
Male,No,1,Not Graduate,23619,1906388,4176488,180,1,Urban,N
Male,Yes,1,Not Graduate,3103800,1292320,3339835,240,1,Urban,Y
Female,Yes,3+,Not Graduate,4042736,3610365,650516,120,1,Urban,Y
Male,Yes,2,Not Graduate,2470819,1533019,1726624,240,1,Semiurban,Y
Male,No,3+,Not Graduate,4796184,3671635,4636930,360,1,Rural,Y
Male,Yes,0,Not Graduate,3418758,1084995,4510112,360,1,Semiurban,Y
Female,Yes,3+,Graduate,696980,1230247,3416546,360,0,Semiurban,N
Male,Yes,2,Graduate,301565,2611901,1048872,180,1,Semiurban,Y
Female,Yes,3+,Graduate,518426,2607984,4444220,360,1,Semiurban,Y
Male,Yes,3+,Not Graduate,90653,4578186,4202702,240,0,Rural,N
Male,Yes,2,Not Graduate,1188847,673846,2087944,180,0,Urban,N
Male,No,1,Graduate,2694227,4765044,3814119,180,1,Urban,Y
Male,No,3+,Graduate,1335496,3590778,4155813,180,1,Rural,Y
Female,No,3+,Not Graduate,4012077,2518523,3076765,240,1,Urban,Y
Female,No,0,Graduate,1121178,2370731,3717745,240,1,Semiurban,Y
Male,No,1,Graduate,4975030,2122913,1001109,180,1,Urban,Y
Female,Yes,3+,Graduate,2706671,4770687,3808474,180,1,Urban,Y
Female,Yes,1,Not Graduate,4849746,4912301,89415,180,1,Semiurban,Y
Female,Yes,2,Not Graduate,1034187,878227,2641810,240,0,Semiurban,N
Female,Yes,1,Graduate,1883724,1367763,1710781,120,0,Urban,N
Female,Yes,3+,Graduate,2491731,2230585,468617,240,0,Semiurban,N
Male,Yes,2,Graduate,1449150,789531,1183806,360,1,Semiurban,Y
Male,No,0,Not Graduate,3769523,3111555,1184518,240,1,Urban,Y
Male,Yes,3+,Not Graduate,1814243,3864048,1439564,120,1,Rural,Y
Female,Yes,0,Graduate,2067299,1586351,334357,180,1,Urban,Y
Female,No,0,Graduate,1588821,296443,1208928,240,1,Rural,Y
Female,Yes,0,Graduate,2697517,703907,3778446,360,0,Semiurban,N
Female,No,2,Not Graduate,2025821,629775,1749341,120,1,Semiurban,N
Female,Yes,0,Not Graduate,1339525,2924601,4996976,240,1,Semiurban,Y
Male,Yes,0,Graduate,3724135,2737724,497071,360,1,Urban,Y
Female,Yes,2,Graduate,4675822,2494191,2123861,240,1,Urban,Y
Female,Yes,2,Not Graduate,4488609,2252846,4076574,360,0,Semiurban,N
Male,No,3+,Graduate,2684184,70908,1533372,240,0,Semiurban,N
Female,No,3+,Graduate,855827,89757,1575070,120,0,Semiurban,N
Female,Yes,3+,Not Graduate,3892406,4661714,1550568,180,0,Rural,N
Male,No,0,Graduate,27067,132641,4038894,240,0,Semiurban,N
Female,Yes,0,Graduate,4199125,1326789,2259934,120,0,Semiurban,N
Female,No,3+,Not Graduate,2605090,3946712,4763329,180,1,Semiurban,Y
Female,No,1,Not Graduate,1951989,2034777,4421609,180,1,Urban,Y
Female,No,1,Not Graduate,1149802,1125003,4517155,120,1,Semiurban,Y
Female,Yes,3+,Graduate,4891947,354600,338121,120,1,Urban,Y
Female,No,1,Graduate,3521409,3694862,22819,240,1,Rural,Y
Male,Yes,0,Not Graduate,1348462,1123624,654972,360,0,Urban,N
Female,Yes,0,Not Graduate,2828677,2885657,4170325,120,1,Rural,Y
Female,No,0,Graduate,1887280,3132613,4384496,180,0,Urban,N
Female,No,3+,Graduate,274091,426708,4890700,120,1,Rural,N
Male,No,2,Graduate,436560,4029118,3620294,240,1,Semiurban,Y
Female,Yes,0,Graduate,2898096,1793503,313551,360,1,Rural,N
Female,Yes,0,Not Graduate,1204388,3993965,4071369,360,1,Rural,Y
Female,Yes,1,Not Graduate,1689724,394076,1726374,240,1,Rural,Y
Male,No,1,Not Graduate,1543208,801841,1213072,120,1,Semiurban,Y
Female,No,3+,Graduate,611782,3764256,4606023,180,1,Urban,Y
Male,No,1,Not Graduate,4601699,550508,2320026,360,1,Semiurban,Y
Male,Yes,1,Not Graduate,4276552,265102,3659757,240,1,Urban,N
Male,No,3+,Not Graduate,3746550,1394521,3675850,120,1,Semiurban,Y
Male,No,2,Graduate,1101120,4379927,4364075,360,1,Rural,Y
Male,Yes,0,Graduate,3608338,4610139,4926888,240,1,Semiurban,Y
Female,Yes,3+,Not Graduate,3104990,4583630,2451376,180,1,Urban,Y
Male,Yes,1,Not Graduate,3841813,4741685,1806731,120,1,Semiurban,Y
Male,No,1,Not Graduate,2889351,2078737,1876895,240,0,Semiurban,N
Male,Yes,1,Graduate,1167708,454564,4206487,240,1,Semiurban,Y
Male,No,1,Not Graduate,992306,3796186,4952174,120,1,Rural,Y
Female,Yes,1,Graduate,311794,939557,4064526,180,0,Urban,N
Male,Yes,3+,Graduate,1177552,1237013,2589782,240,1,Rural,Y
Male,No,0,Graduate,3347209,4211132,4955480,240,0,Semiurban,N
Male,Yes,2,Graduate,1332960,3324578,232448,120,0,Semiurban,N
Female,Yes,3+,Graduate,1395189,3267601,2486941,360,1,Semiurban,Y
Female,No,0,Graduate,4941961,3766944,2191800,180,0,Semiurban,N
Male,Yes,2,Not Graduate,2702231,2172627,367753,180,0,Urban,N
Male,Yes,0,Graduate,4261650,2324214,2685755,240,1,Urban,Y
Female,Yes,3+,Graduate,362449,733292,2953089,180,1,Urban,Y
Female,Yes,2,Graduate,2761918,1935790,3435518,120,1,Semiurban,Y
Male,Yes,0,Not Graduate,1857219,1505494,2346214,360,1,Urban,Y
Male,No,2,Not Graduate,3413161,3407764,3415304,120,0,Rural,N
Male,No,0,Graduate,605230,1931504,1824399,240,0,Urban,N
Male,Yes,0,Graduate,2490890,733226,1742929,180,1,Rural,Y
Male,No,0,Not Graduate,2664116,839417,307035,360,1,Rural,Y
Female,Yes,1,Not Graduate,4277714,4039823,3675507,360,1,Rural,Y
Male,Yes,3+,Graduate,4846140,591440,2542399,180,1,Semiurban,Y
Female,Yes,0,Graduate,2184739,2660881,1963669,120,1,Urban,Y
Male,Yes,1,Not Graduate,4510965,883064,1589556,180,1,Semiurban,Y
Male,Yes,1,Graduate,4231776,2806799,150611,120,1,Rural,Y
Female,No,3+,Graduate,2239091,3485864,4242478,240,1,Urban,Y
Female,Yes,3+,Graduate,840028,897668,1056087,180,0,Urban,N
Female,No,0,Graduate,4647693,3738078,3359286,120,1,Urban,Y
Male,Yes,2,Not Graduate,1051707,4452274,792393,180,1,Semiurban,Y
Male,Yes,1,Graduate,4464087,3833182,3527788,120,1,Semiurban,Y
Male,No,1,Not Graduate,2788190,2128036,3199396,360,1,Semiurban,Y
Male,No,3+,Not Graduate,996063,3366201,3884734,240,1,Rural,Y
Female,No,1,Graduate,4193983,4887243,591892,240,1,Rural,N
Female,Yes,0,Graduate,2107654,356260,76409,180,1,Semiurban,Y
Female,No,3+,Graduate,2767384,4075724,2739141,120,1,Urban,Y
Male,No,2,Graduate,1568827,1683989,2088245,120,1,Urban,Y
Female,No,0,Not Graduate,2677353,1569698,3643157,360,1,Rural,Y
Male,Yes,1,Not Graduate,1771471,1460653,343545,120,1,Rural,Y
Male,No,2,Not Graduate,3761001,2015854,2816336,240,1,Urban,Y
Male,Yes,2,Graduate,3174608,1169326,4501969,180,1,Rural,Y
Male,No,0,Graduate,2517793,2519628,4391186,360,1,Semiurban,Y
Male,No,3+,Graduate,4881583,1238655,1092991,180,0,Rural,N
Male,Yes,0,Not Graduate,3135710,949441,1544516,360,1,Semiurban,Y
Male,Yes,1,Graduate,4736465,4939091,1400232,120,1,Urban,Y
Female,Yes,2,Graduate,1688620,4729783,2837020,120,1,Urban,Y
Male,No,3+,Graduate,1528974,1126394,250199,120,1,Semiurban,Y
Male,Yes,3+,Not Graduate,2316074,2448882,166916,120,1,Urban,Y
Male,No,2,Not Graduate,1792124,1385292,3781764,240,1,Urban,Y
Male,No,2,Not Graduate,2935799,2916934,778769,360,0,Rural,N
Male,No,0,Not Graduate,2433333,2902543,2642515,180,1,Urban,Y
Female,Yes,1,Graduate,773293,3761093,3649338,120,0,Rural,N
Female,No,3+,Graduate,407502,364711,1041275,360,0,Rural,N
Male,Yes,3+,Graduate,2842054,924678,1268874,180,1,Semiurban,Y
Female,No,2,Not Graduate,3633905,872909,4632259,120,0,Semiurban,N
Male,Yes,0,Graduate,2713760,302945,4324801,180,0,Semiurban,N
Female,Yes,0,Not Graduate,859799,2938765,4527509,240,0,Semiurban,N
Male,Yes,3+,Graduate,2582771,2698381,90754,120,1,Rural,Y
Male,Yes,0,Graduate,3189430,2989233,1593373,240,0,Rural,N
Female,Yes,0,Not Graduate,2199933,448405,2103030,120,0,Semiurban,N
Female,No,0,Not Graduate,1519491,3154054,2083971,240,1,Semiurban,Y
Male,No,3+,Graduate,2741686,1465726,1311825,240,1,Rural,Y
Female,Yes,0,Graduate,2008765,4425608,4142462,120,1,Rural,Y
Male,No,1,Not Graduate,1836801,51150,2013569,240,0,Semiurban,N
Female,Yes,0,Graduate,2653881,2112639,4612288,120,0,Semiurban,N
Male,No,1,Graduate,2196643,4535834,3598270,240,0,Urban,N
Male,Yes,2,Not Graduate,1154772,1143611,1424532,120,1,Rural,Y
Male,No,0,Graduate,706668,4679135,3907836,120,1,Semiurban,Y
Male,Yes,0,Not Graduate,3110168,2911530,3836869,120,1,Rural,N
Female,Yes,2,Graduate,2382721,2964725,1212124,180,1,Semiurban,Y
Male,Yes,0,Graduate,101460,643124,2462095,180,1,Urban,N
Female,No,0,Graduate,4420057,3181630,3899337,360,1,Urban,Y
Female,Yes,0,Not Graduate,457482,680806,2646334,360,1,Semiurban,Y
Female,Yes,0,Not Graduate,1658471,4350616,3185741,360,1,Semiurban,Y
Female,No,3+,Not Graduate,2735211,2452496,2979845,360,0,Semiurban,N
Male,Yes,0,Not Graduate,4891937,1574727,864848,240,1,Semiurban,Y
Female,Yes,1,Graduate,478465,2771814,1899544,240,1,Urban,Y
Female,Yes,2,Not Graduate,3274573,4136863,4566408,120,1,Semiurban,Y
Male,No,2,Not Graduate,3764698,1568192,846799,120,1,Urban,Y
Female,No,2,Graduate,4011238,2460950,1325955,120,1,Urban,Y
Male,No,2,Graduate,4764189,722080,434742,120,1,Rural,Y
Male,No,2,Graduate,2552887,4441933,2777184,120,1,Semiurban,Y
Male,Yes,1,Graduate,3448696,73113,114444,120,1,Semiurban,Y
Female,No,1,Graduate,3898986,2581824,277933,180,0,Rural,N
Female,Yes,2,Graduate,1368740,1152654,3144328,240,1,Urban,Y
Female,Yes,3+,Not Graduate,2444936,645709,4043942,240,0,Urban,N
Female,Yes,2,Graduate,3056651,4652897,3568367,120,1,Urban,N
Male,No,0,Graduate,1403900,1553669,2580443,360,1,Urban,N
Female,No,0,Graduate,3357698,953069,1697729,360,0,Rural,N
Female,No,1,Not Graduate,101465,461822,1266098,180,1,Semiurban,N
Male,Yes,0,Not Graduate,99574,4300515,176166,240,1,Rural,Y
Male,No,0,Graduate,1180534,4338303,3073042,120,1,Rural,Y
Male,No,1,Not Graduate,2118209,3378914,3911436,180,1,Urban,Y
Female,No,1,Graduate,4776559,4594972,321873,360,0,Semiurban,N
Female,Yes,2,Graduate,1497712,2400441,3523133,120,1,Semiurban,Y
Male,No,0,Graduate,2165225,1419830,3860079,360,1,Semiurban,Y
Male,No,3+,Not Graduate,1697441,1437453,4314559,360,1,Urban,Y
Female,No,2,Graduate,3519152,2524136,4865768,360,1,Rural,Y
Male,No,2,Graduate,3697602,4063642,2559192,120,1,Semiurban,Y
Female,No,0,Not Graduate,4919007,4088842,1722394,180,1,Urban,Y
Male,Yes,0,Not Graduate,3400705,1687855,3524677,360,1,Rural,Y
Female,No,1,Graduate,4069798,1019698,4641428,240,1,Rural,Y
Male,No,0,Graduate,247297,3797005,951394,240,1,Rural,Y
Male,Yes,1,Graduate,4962977,3327168,3731370,360,1,Urban,Y
Male,Yes,1,Graduate,3516494,4787437,509865,120,1,Urban,N
Male,No,3+,Not Graduate,1914394,4309598,2748988,240,0,Semiurban,N
Female,No,0,Graduate,4400872,3186637,1656031,120,1,Semiurban,Y
Female,No,0,Graduate,3827242,3616001,2840470,180,1,Urban,Y
Male,No,2,Graduate,1460961,1638399,3310325,120,0,Rural,N
Male,Yes,1,Graduate,4175875,3799866,2237211,180,0,Urban,N
Female,No,2,Not Graduate,1023262,3358796,1254649,180,1,Urban,Y
Female,No,0,Not Graduate,1495666,4894297,182014,120,1,Semiurban,Y
Female,No,3+,Not Graduate,1026426,2367896,3767412,120,0,Rural,N
Male,Yes,1,Not Graduate,2825243,3599473,4429695,240,1,Urban,Y
Female,No,2,Not Graduate,3567854,2557841,1809245,120,1,Urban,Y
Male,No,3+,Graduate,3197347,3122458,1424637,240,1,Rural,Y
Male,Yes,3+,Not Graduate,2002254,4588227,2754427,360,1,Urban,N
Male,No,1,Not Graduate,3822917,4534575,3084641,120,1,Rural,Y
Male,No,2,Not Graduate,4564236,2635834,1434306,120,1,Rural,Y
Male,No,0,Not Graduate,673447,2764368,1264939,180,1,Rural,Y
Male,No,1,Not Graduate,3428135,3567578,1282479,180,1,Rural,N
Female,No,1,Graduate,1111784,1122361,1388585,180,1,Urban,N
Female,Yes,2,Graduate,1650537,2422800,3363078,180,0,Semiurban,N
Female,Yes,2,Graduate,1100600,4731562,2534812,360,1,Semiurban,Y
Male,No,1,Not Graduate,2146581,4510190,1209556,240,1,Semiurban,Y
Female,No,3+,Not Graduate,889797,3337963,4522839,180,1,Urban,Y
Female,Yes,2,Graduate,845877,4384895,3588151,180,0,Urban,N
Male,Yes,1,Not Graduate,1880914,3850364,1440377,240,1,Semiurban,Y
Female,Yes,3+,Graduate,4771184,3599913,3379582,360,1,Semiurban,Y
Female,Yes,0,Not Graduate,2018922,2763949,813922,120,1,Urban,Y
Male,No,3+,Not Graduate,4397350,2775424,2269479,120,1,Semiurban,Y
Female,Yes,0,Not Graduate,3461170,4104117,2216444,180,1,Semiurban,Y
Male,Yes,0,Graduate,2408277,3735768,2487774,120,1,Rural,Y
Male,Yes,2,Graduate,1461715,1261280,1635910,180,0,Semiurban,N
Female,No,2,Not Graduate,1827169,2063139,3179122,240,1,Rural,Y
Female,Yes,2,Graduate,612904,1536318,4645640,360,1,Rural,Y
Female,No,0,Not Graduate,34611,570573,2880879,180,1,Urban,N
Male,No,3+,Not Graduate,3712162,1224617,903761,360,1,Rural,Y
Female,Yes,1,Graduate,1675342,4866617,2932068,120,1,Semiurban,Y
Male,No,3+,Graduate,393845,928062,2447688,120,0,Rural,N
Female,No,3+,Graduate,758258,3398897,4152215,240,1,Semiurban,Y
Female,No,0,Graduate,1183632,3043718,3386249,120,1,Rural,Y
Male,No,0,Not Graduate,765627,1481134,4660000,120,1,Urban,N
Female,No,3+,Not Graduate,3827494,1171613,33897,120,1,Rural,Y
Female,No,3+,Not Graduate,1041931,2787489,4107152,120,1,Rural,Y
Female,Yes,1,Graduate,3355955,654224,2971315,240,1,Urban,Y
Female,Yes,1,Graduate,2103356,2366927,1457855,180,1,Semiurban,Y
Female,No,1,Not Graduate,4012767,3229018,859302,120,1,Semiurban,Y
Male,No,0,Graduate,3223929,118281,439304,240,0,Rural,N
Female,No,3+,Graduate,2380732,2075403,1318646,240,1,Semiurban,Y
Female,Yes,1,Graduate,3854515,1644465,1549585,360,1,Urban,Y
Female,No,0,Not Graduate,4651135,204890,1057845,180,1,Urban,Y
Female,No,1,Graduate,3207314,1945688,654905,360,1,Semiurban,Y
Male,No,2,Graduate,1801720,844532,3933449,120,1,Semiurban,Y
Female,No,0,Graduate,4899494,3123451,1128798,120,1,Semiurban,Y
Female,Yes,0,Not Graduate,1517003,2900707,1857962,360,1,Semiurban,Y
Female,Yes,3+,Graduate,742503,3850121,4300115,240,1,Rural,Y
Male,Yes,2,Not Graduate,3868934,2542170,1226471,120,1,Rural,Y
Female,No,1,Graduate,65697,2748127,320609,180,1,Semiurban,Y
Female,Yes,0,Graduate,1379733,3927016,2312115,240,1,Rural,Y
Female,No,2,Graduate,1594026,1859126,2241056,180,1,Urban,N
Female,No,3+,Graduate,1934130,3670940,4171246,240,1,Urban,Y
Female,Yes,0,Graduate,4610309,3559295,4014966,120,1,Urban,N
Female,No,0,Not Graduate,2185496,1918073,612286,240,0,Rural,N
Male,No,1,Graduate,3075652,1749451,992349,120,1,Semiurban,Y
Female,Yes,3+,Graduate,1703375,4596916,2464045,360,0,Semiurban,N
Male,No,2,Graduate,3450820,1193783,3951989,240,1,Semiurban,Y
Male,No,2,Not Graduate,278669,1976452,3794454,120,1,Rural,N
Male,No,1,Graduate,2282392,2918647,1299742,360,1,Semiurban,Y
Female,No,2,Not Graduate,4676116,2553889,2264738,180,1,Rural,Y
Male,No,1,Graduate,3426065,3313344,796934,180,1,Semiurban,Y
Male,No,2,Not Graduate,3334566,1858143,4150676,120,0,Rural,N
Female,No,1,Not Graduate,476515,988628,3823948,120,1,Semiurban,Y
Male,Yes,1,Graduate,4436634,4466522,437974,360,1,Semiurban,Y
Female,No,1,Graduate,2333761,4475488,4850151,360,1,Urban,Y
Male,Yes,2,Graduate,4535984,2376689,2699553,120,1,Rural,Y
Male,No,3+,Not Graduate,475697,354315,3811425,120,1,Semiurban,Y
Male,No,1,Graduate,1466978,770367,992679,240,1,Semiurban,Y
Male,Yes,3+,Graduate,1647173,389788,4393274,180,1,Semiurban,Y
Female,Yes,1,Not Graduate,477544,2742075,2960572,240,0,Semiurban,N
Female,No,3+,Not Graduate,1077906,2892432,4592973,360,0,Rural,N
Male,Yes,1,Not Graduate,3306322,1574163,3480503,180,1,Urban,N
Male,No,2,Not Graduate,605609,4151683,4381146,360,0,Rural,N
Male,Yes,1,Not Graduate,3236921,4758913,2538622,240,1,Semiurban,Y
Female,Yes,0,Not Graduate,3093459,3084830,1737051,240,1,Rural,Y
Female,No,2,Graduate,3651230,3633410,252638,120,1,Rural,Y
Male,No,1,Not Graduate,2909260,1883461,4304963,180,1,Rural,N
Male,No,2,Graduate,994926,1767463,1849705,180,0,Urban,N
Female,No,3+,Not Graduate,3195835,1176224,3116808,360,1,Rural,Y
Male,No,2,Graduate,1991089,2654072,3339247,240,0,Semiurban,N
Female,No,3+,Not Graduate,526482,3523409,2277504,360,0,Semiurban,N
Female,No,0,Not Graduate,2160378,1935594,3496591,240,0,Urban,N
Female,Yes,0,Not Graduate,1507321,4444298,1890188,240,1,Rural,Y
Female,Yes,0,Graduate,3674047,1781657,720643,360,1,Urban,Y
Female,No,1,Graduate,2209917,2199632,3581623,240,0,Urban,N
Female,Yes,0,Graduate,3162718,2669344,4073591,180,1,Semiurban,Y
Male,Yes,0,Not Graduate,4603344,942939,4106073,180,1,Urban,Y
Male,No,2,Not Graduate,2731815,2487666,4460695,360,1,Semiurban,Y
Female,Yes,2,Not Graduate,870446,4120000,4367248,240,0,Rural,N
Male,No,0,Graduate,29169,2471812,3543338,240,1,Semiurban,N
Female,Yes,3+,Not Graduate,3359038,4148415,89415,360,1,Urban,Y
Female,Yes,1,Not Graduate,2751587,2158051,4262787,240,1,Urban,Y
Male,No,3+,Graduate,4988524,4341192,2320340,180,0,Semiurban,N
Male,No,1,Not Graduate,4115561,472874,4795688,240,1,Rural,Y
Female,Yes,3+,Not Graduate,4836305,3324616,2882294,240,1,Urban,Y
Male,No,1,Not Graduate,770180,2700503,1848412,120,1,Semiurban,Y
Female,Yes,1,Not Graduate,2188033,442252,412358,240,1,Urban,Y
Female,Yes,0,Not Graduate,2349188,3284969,3368163,240,0,Rural,N
Female,Yes,2,Graduate,3545386,4924157,2403111,240,1,Semiurban,N
Male,No,3+,Graduate,4185072,713015,4322791,240,1,Urban,Y
Female,No,2,Graduate,4117972,1712138,3143592,120,1,Rural,Y
Female,No,2,Graduate,2851841,1544238,2256108,360,1,Urban,Y
Male,Yes,1,Not Graduate,1636346,2249509,2642585,180,1,Rural,Y
Female,No,3+,Not Graduate,1534255,4242023,4317754,360,1,Semiurban,Y
Female,No,0,Not Graduate,846930,946652,4843059,360,1,Semiurban,Y
Female,Yes,3+,Graduate,203974,4576589,492961,180,1,Rural,Y
Male,Yes,0,Not Graduate,2715866,2633568,1115994,360,1,Rural,Y
Male,No,3+,Graduate,1670911,674089,302288,180,1,Urban,Y
Male,Yes,1,Graduate,2658562,1817530,2597056,180,0,Urban,N
Male,Yes,3+,Not Graduate,2629979,125326,3201580,240,1,Urban,N
Female,Yes,3+,Not Graduate,4540772,1576946,606549,360,0,Urban,N
Female,No,3+,Graduate,3979837,1894318,1423117,240,1,Rural,Y
Male,Yes,2,Not Graduate,3109570,2257152,1502737,360,1,Semiurban,Y
Male,No,0,Not Graduate,4454095,2048649,1713696,120,0,Urban,N
Male,No,3+,Graduate,1763171,4150096,338871,180,1,Urban,Y
Female,Yes,0,Not Graduate,4368610,2102669,2209507,180,1,Urban,Y
Female,Yes,1,Not Graduate,3157230,3417198,1968980,240,0,Rural,N
Female,Yes,1,Graduate,888389,1355808,3134448,180,1,Rural,Y
Female,No,0,Not Graduate,954683,2770097,4969761,120,1,Rural,Y
Male,Yes,2,Not Graduate,3244681,1608320,4296275,120,1,Rural,Y
Female,No,3+,Not Graduate,4394199,1793151,3558948,180,1,Urban,Y
Female,Yes,1,Graduate,2790108,2344287,3842098,240,1,Rural,Y
Female,Yes,1,Not Graduate,4249612,272259,3652315,240,0,Urban,N
Female,No,2,Not Graduate,2101277,3432831,357358,180,1,Rural,Y
Male,No,1,Not Graduate,3713483,1109014,4452297,240,1,Urban,Y
Male,Yes,1,Graduate,789597,2754096,1810673,240,1,Semiurban,Y
Female,No,2,Graduate,3804630,3463857,230596,180,0,Rural,N
Female,Yes,0,Graduate,3739133,4056331,1906950,360,0,Rural,N
Female,Yes,3+,Not Graduate,2768392,784992,1936749,360,1,Urban,Y
Male,No,2,Not Graduate,2558429,3435181,1042116,120,1,Rural,Y
Female,No,1,Graduate,1430764,4107002,1870146,180,0,Rural,N
Female,No,3+,Graduate,751006,353280,75226,360,1,Urban,Y
Female,No,3+,Not Graduate,2146502,4859308,2332492,120,1,Urban,Y
Male,Yes,0,Not Graduate,921138,1300273,73801,180,1,Urban,N
Male,Yes,0,Graduate,2032372,4773327,2344099,120,1,Semiurban,Y
Male,Yes,2,Graduate,4979174,4803348,4110945,180,0,Semiurban,N
Female,Yes,3+,Graduate,448931,4998407,3264318,180,1,Rural,Y
Male,Yes,0,Graduate,4954791,4207489,1003962,360,1,Semiurban,N
Female,Yes,2,Not Graduate,2546710,3188975,539939,240,0,Urban,N
Female,Yes,3+,Graduate,4634182,2971046,800308,360,1,Semiurban,Y
Male,Yes,2,Not Graduate,3554115,4345455,4332519,360,1,Urban,Y
Male,Yes,0,Not Graduate,1147822,2434454,4188670,180,1,Rural,Y
Female,No,1,Not Graduate,1934562,2579117,140098,180,1,Urban,Y
Female,No,1,Graduate,83104,4157048,4293779,360,1,Semiurban,N
Male,No,1,Graduate,4566407,2066012,239685,180,1,Rural,N
Male,Yes,2,Not Graduate,3260154,4643638,1211322,360,1,Rural,N
Male,Yes,0,Not Graduate,2548605,894143,4548301,180,1,Urban,Y
Female,Yes,1,Graduate,3697735,21679,1923530,240,0,Semiurban,N
Male,Yes,2,Not Graduate,3640879,3256050,1479637,240,1,Urban,Y
Female,Yes,1,Not Graduate,879106,2878867,2819550,120,1,Urban,Y
Male,No,2,Graduate,490667,3698531,2994409,360,0,Rural,N
Male,Yes,0,Graduate,1596761,1218635,4304681,240,1,Rural,Y
Female,Yes,1,Not Graduate,2656665,3337090,3923596,120,1,Rural,Y
Female,Yes,2,Not Graduate,2487577,107245,4426364,240,1,Rural,Y
Female,No,1,Not Graduate,1123231,89537,4342996,180,1,Semiurban,Y
Female,No,2,Not Graduate,4472745,2769196,693589,240,1,Semiurban,Y
Female,Yes,0,Graduate,2821831,2347248,1302275,180,0,Semiurban,N
Male,No,0,Not Graduate,79243,4865463,1758529,360,1,Rural,Y
Female,No,1,Graduate,2650747,1215822,2066488,180,1,Urban,Y
Male,Yes,2,Graduate,1760275,3605581,3206584,360,1,Semiurban,N
Male,No,0,Not Graduate,4837335,4353141,600381,180,1,Semiurban,Y
Male,Yes,0,Graduate,351412,424000,3013323,120,1,Rural,Y
Female,No,2,Graduate,3690091,3441836,2200705,180,1,Rural,Y
Female,No,1,Not Graduate,935314,1873590,2076611,120,0,Urban,N
Male,Yes,3+,Graduate,2560409,4631481,1746476,120,1,Semiurban,Y
Male,Yes,0,Graduate,4793985,2825014,614249,240,0,Rural,N
Female,No,0,Not Graduate,4839830,957717,4908533,240,1,Rural,Y
Male,Yes,2,Not Graduate,988644,2075132,1361254,120,1,Urban,Y
Male,No,0,Graduate,1458056,4220783,3555102,240,1,Urban,Y
Female,No,0,Not Graduate,2574500,3324443,489330,360,1,Semiurban,Y
Female,Yes,1,Not Graduate,1580372,1824972,2664646,240,1,Urban,Y
Female,No,2,Not Graduate,3962745,2718125,366361,180,1,Semiurban,Y
Male,Yes,2,Graduate,1435579,4446511,1931196,360,1,Urban,Y
Female,Yes,3+,Graduate,1278252,1879915,722268,360,1,Semiurban,N
Female,No,3+,Not Graduate,1655943,2966502,4133496,360,1,Rural,Y
Female,Yes,3+,Graduate,2195499,1225041,2148209,120,0,Urban,N
Male,No,1,Graduate,3973122,658344,2744289,360,0,Semiurban,N
Male,Yes,1,Graduate,176248,3474369,4705670,120,1,Rural,N
Male,No,2,Graduate,3404234,3115807,2706883,120,1,Semiurban,Y
Male,No,2,Graduate,3682726,2846429,4668593,120,1,Semiurban,Y
Male,No,2,Graduate,2094769,734542,4985895,120,0,Rural,N
Female,Yes,2,Graduate,3078034,4912935,3112336,180,1,Semiurban,Y
Female,Yes,3+,Graduate,2553171,374055,4691527,180,1,Urban,N
Male,No,0,Not Graduate,4705643,81184,1873626,360,1,Urban,Y
Male,Yes,3+,Graduate,897381,1656594,3629667,360,1,Semiurban,Y
Female,No,1,Graduate,2857545,4217547,2575040,240,1,Semiurban,Y
Female,Yes,2,Not Graduate,4704407,1751947,3492109,240,1,Rural,Y
Male,Yes,2,Graduate,2637523,882087,4305336,240,0,Rural,N
Male,Yes,0,Graduate,4355157,1280975,557504,240,1,Semiurban,Y
Female,No,1,Not Graduate,1802758,515013,3235856,120,1,Semiurban,Y
Male,Yes,3+,Graduate,2579572,2939063,1443978,360,1,Rural,Y
Female,Yes,0,Graduate,2924228,1201548,230226,120,1,Semiurban,Y
Female,No,0,Not Graduate,1830939,3283104,1433987,120,1,Urban,Y
Female,Yes,0,Not Graduate,3672572,2722214,1947178,120,1,Rural,Y
Female,No,1,Not Graduate,1149126,1367589,3248532,120,1,Semiurban,Y
Female,No,1,Graduate,2470036,3088391,2462896,240,1,Rural,Y
Male,Yes,1,Not Graduate,605418,3571797,4584760,120,0,Rural,N
Female,Yes,1,Not Graduate,4889206,2985307,2753423,180,1,Semiurban,Y
Male,No,3+,Graduate,2104241,637484,450970,120,1,Urban,Y
Male,Yes,1,Not Graduate,4643185,4125097,1066428,240,1,Semiurban,Y
Female,Yes,2,Not Graduate,927945,2262379,4731000,180,1,Urban,N
Female,No,0,Graduate,3706652,1310532,4601048,240,1,Semiurban,Y
Male,Yes,1,Not Graduate,4632317,4902199,4503973,180,1,Semiurban,Y
Female,No,3+,Graduate,4300298,2021513,1110876,360,1,Semiurban,N
Female,Yes,3+,Graduate,4784377,4370281,1482058,180,1,Urban,Y
Male,No,3+,Not Graduate,1951408,3711404,1200468,180,1,Semiurban,Y
Female,No,3+,Graduate,4990920,1774451,4972965,180,1,Rural,Y
Male,Yes,2,Graduate,3676055,4672151,3581463,240,1,Semiurban,Y
Male,No,3+,Graduate,2448966,2372509,1851706,180,1,Urban,N
Male,No,3+,Graduate,37180,3891532,476210,120,1,Urban,Y
Female,Yes,1,Not Graduate,3833233,1833685,4915007,180,1,Urban,Y
Male,Yes,0,Not Graduate,4671160,2505847,1545913,120,1,Urban,Y
Female,Yes,3+,Not Graduate,1397129,4023064,1656713,360,0,Rural,N
Female,No,2,Graduate,4660796,2768044,2154850,360,0,Rural,N
Female,Yes,0,Not Graduate,2300813,2423049,1209832,240,1,Rural,Y
Female,No,1,Graduate,531588,4079738,3320358,180,1,Semiurban,Y
Male,Yes,1,Graduate,3879479,1025127,1265083,240,1,Urban,N
Male,Yes,3+,Graduate,2301275,2930949,4108599,240,0,Urban,N
Male,Yes,0,Not Graduate,1595928,566404,4274755,120,0,Rural,N
Female,No,0,Not Graduate,4743101,1525749,4467936,360,1,Urban,Y
Female,Yes,0,Not Graduate,2698677,2986762,4243912,360,1,Rural,Y
Female,Yes,0,Graduate,1297825,4675392,4855779,360,1,Rural,Y
Male,Yes,2,Graduate,2353212,4835941,2483661,360,1,Urban,Y
Female,Yes,0,Not Graduate,2884953,1792099,3166172,120,1,Semiurban,Y
Female,No,2,Not Graduate,4417827,4728268,2418534,360,1,Semiurban,Y
Female,No,0,Not Graduate,2338799,4343155,4332996,180,1,Semiurban,Y
Male,No,3+,Not Graduate,3171529,4417425,4628925,360,1,Rural,Y
Female,Yes,0,Graduate,1531232,1161122,3436478,360,1,Urban,Y
Male,Yes,1,Not Graduate,4356732,181893,2721464,240,1,Rural,N
Female,No,3+,Graduate,1136236,3203705,1418614,180,1,Urban,Y
Female,Yes,1,Not Graduate,2663788,4012536,3564363,120,0,Urban,N
Male,No,3+,Graduate,4008383,2934639,4221899,360,1,Urban,Y
Female,Yes,0,Not Graduate,4073181,4468798,4342814,180,1,Semiurban,Y
Female,No,1,Not Graduate,609526,1734867,1177214,240,1,Rural,Y
Male,No,2,Not Graduate,422472,3801540,1713761,180,1,Urban,N
Male,Yes,1,Graduate,3558354,999544,2053722,180,1,Semiurban,Y
Male,No,3+,Not Graduate,1131023,1770231,3808082,360,1,Rural,Y
Male,No,3+,Not Graduate,3855925,3867208,286695,120,1,Urban,Y
Female,Yes,2,Not Graduate,1648536,1639361,3609737,240,1,Urban,Y
Female,No,2,Not Graduate,96356,4293435,3677619,120,1,Rural,N
Male,Yes,2,Not Graduate,3582174,1792784,1295839,120,1,Urban,Y
Male,Yes,0,Not Graduate,4091298,1705410,1635699,120,0,Urban,N
Male,Yes,0,Not Graduate,2146075,919919,2596908,360,1,Rural,N
Male,Yes,1,Not Graduate,2051783,3125729,4125326,240,1,Semiurban,Y
Male,No,1,Not Graduate,2032222,2727573,4813878,240,1,Semiurban,Y
Male,No,1,Not Graduate,1693995,2278774,1555782,360,0,Rural,N
Female,No,3+,Not Graduate,4934710,1670519,1044376,120,1,Urban,Y
Male,No,1,Graduate,3740579,4065656,1191342,180,1,Rural,Y
Female,No,3+,Graduate,1393852,4003376,4207473,360,1,Urban,Y
Male,Yes,3+,Not Graduate,2968674,505398,1219731,360,0,Rural,N
Male,Yes,3+,Graduate,3807208,1136443,2751040,240,1,Rural,Y
Female,No,2,Graduate,1961283,3253139,347153,240,1,Semiurban,Y
Female,No,3+,Graduate,4423301,2524268,2740921,120,1,Semiurban,Y
Female,Yes,0,Not Graduate,4581524,3805642,1220490,240,1,Urban,Y
Male,Yes,1,Graduate,559921,1184848,4396403,360,1,Rural,Y
Female,No,3+,Not Graduate,204970,604486,231184,240,0,Rural,N
Female,No,3+,Not Graduate,1739704,2009914,2378024,240,1,Urban,N
Male,Yes,0,Graduate,4098324,4522520,1744144,180,1,Rural,Y
Female,Yes,0,Not Graduate,9797,8271,4834810,360,1,Urban,N
Female,Yes,2,Not Graduate,3314997,705460,1884094,240,1,Semiurban,Y
Male,No,0,Not Graduate,4741652,3003446,1614997,120,1,Semiurban,Y
Male,No,2,Graduate,1868040,420370,3413224,240,1,Urban,Y
Male,Yes,0,Not Graduate,3996236,221321,1752045,120,1,Semiurban,Y
Male,Yes,1,Not Graduate,4145171,3443919,3339287,120,1,Urban,Y
Male,No,1,Not Graduate,2140967,1711963,3603977,180,1,Rural,Y
Female,Yes,3+,Graduate,3645707,2859646,4849263,240,1,Urban,Y
Female,Yes,0,Not Graduate,1855029,4068945,1490700,240,0,Urban,N
Male,Yes,1,Graduate,2484087,1805438,709726,180,1,Urban,Y
Male,No,0,Graduate,1063705,4243359,132277,240,1,Semiurban,Y
Male,No,2,Graduate,3485893,1911200,1790216,180,1,Rural,Y
Male,Yes,1,Not Graduate,3577641,1677503,2372005,120,1,Semiurban,Y
Female,Yes,1,Graduate,4827116,81968,1042056,180,1,Semiurban,Y
Female,Yes,3+,Not Graduate,2599922,3796327,2713736,120,1,Semiurban,Y
Male,Yes,3+,Graduate,3895105,1283343,2817280,180,1,Rural,Y
Male,No,3+,Graduate,2336060,1812420,4810054,180,1,Rural,Y
Female,No,3+,Not Graduate,2603062,3566577,840781,180,0,Rural,N
Female,No,0,Not Graduate,3923813,4630097,1846581,360,1,Semiurban,Y
Female,No,2,Graduate,420629,1710459,4913532,240,1,Rural,Y
Male,Yes,0,Not Graduate,2804443,4130713,809546,360,1,Semiurban,Y
Female,Yes,2,Not Graduate,1848169,348992,154316,120,1,Rural,Y
Female,No,3+,Not Graduate,3084373,2058456,3702495,240,1,Semiurban,Y
Female,No,3+,Not Graduate,4345399,4516209,579724,180,1,Urban,Y
Male,No,2,Not Graduate,1350315,1718978,2921777,360,1,Semiurban,Y
Female,Yes,2,Graduate,611704,3176420,3554839,120,1,Semiurban,Y
Male,Yes,1,Graduate,3477650,2728832,95457,120,1,Semiurban,Y
Female,Yes,2,Not Graduate,4144601,230569,948798,360,1,Urban,N
Female,Yes,1,Graduate,2140390,3202860,3081560,360,1,Semiurban,Y
Male,Yes,1,Graduate,4122713,3759938,1006724,120,0,Urban,N
Female,No,1,Not Graduate,4882737,4122302,4556585,360,1,Semiurban,Y
Female,Yes,1,Not Graduate,2066962,1678385,3385691,180,1,Urban,Y
Female,Yes,2,Graduate,415974,3801284,2564220,180,1,Rural,Y
Female,Yes,0,Graduate,1150612,4364367,2926286,120,1,Urban,Y
Female,No,3+,Not Graduate,1669708,937517,4967259,360,1,Urban,Y
Female,No,0,Not Graduate,3105881,2499541,4445746,120,1,Rural,Y
Female,Yes,1,Not Graduate,1539168,3995009,58626,240,1,Semiurban,Y
Female,Yes,2,Not Graduate,2810861,1605052,1248152,180,1,Semiurban,N
Female,Yes,0,Not Graduate,765297,4191487,1582747,360,0,Semiurban,N
Male,Yes,0,Graduate,4284167,858124,2403576,120,0,Rural,N
Male,Yes,1,Graduate,4313899,3497044,2221488,120,1,Semiurban,Y
Female,No,0,Graduate,4099,3715717,1817736,240,1,Rural,Y
Male,Yes,2,Graduate,2242902,716097,534734,180,1,Rural,Y
Female,No,0,Graduate,671274,4688426,2091216,180,0,Rural,N
Female,Yes,2,Not Graduate,3931541,3700118,4441739,360,0,Semiurban,N
Female,No,1,Not Graduate,3926927,1710829,4258000,180,0,Semiurban,N
Male,Yes,3+,Not Graduate,206032,2866059,439921,180,0,Urban,N
Female,No,2,Not Graduate,3541352,3058582,2245956,180,1,Urban,Y
Female,Yes,1,Not Graduate,3652159,524934,3308053,180,1,Urban,Y
Female,Yes,1,Not Graduate,2524962,1132027,878242,120,1,Urban,Y
Male,Yes,2,Not Graduate,4254125,68324,902914,120,0,Rural,N
Male,Yes,3+,Not Graduate,1369406,2116586,2987584,120,1,Semiurban,Y
Female,Yes,0,Graduate,2315660,507983,211082,360,1,Semiurban,Y
Male,No,1,Not Graduate,243223,1132597,1834420,240,1,Urban,N
Male,Yes,2,Not Graduate,2076213,2514236,555161,240,1,Semiurban,Y
Male,Yes,3+,Graduate,576107,4146654,366089,240,1,Semiurban,Y
Male,No,2,Not Graduate,3961547,3816602,3810238,240,0,Rural,N
Female,No,2,Graduate,2519879,39295,3653542,240,1,Rural,Y
Female,Yes,3+,Graduate,2900150,447142,3073248,360,1,Urban,Y
Male,No,2,Graduate,4454515,3448057,1131920,240,1,Urban,Y
Female,Yes,3+,Not Graduate,3994370,4393104,3834967,180,1,Rural,Y
Male,No,0,Graduate,131275,807451,3936896,360,1,Urban,N
Male,No,1,Graduate,2139963,2557645,3252713,120,1,Urban,N
Male,No,2,Graduate,4114442,4371778,4030924,360,1,Urban,Y
Female,No,2,Graduate,1556821,4814476,2354208,180,1,Semiurban,Y
Female,No,1,Not Graduate,4163474,1112149,617264,240,1,Semiurban,Y
Female,Yes,3+,Graduate,2495620,3135573,2074635,240,1,Urban,Y
Male,Yes,0,Graduate,1130749,1145818,4385390,180,1,Urban,Y
Female,Yes,1,Graduate,346438,1009654,4329381,180,1,Urban,Y
Male,No,2,Graduate,1468462,3086132,3242993,180,1,Semiurban,Y
Male,No,1,Graduate,2870079,2791192,305207,180,1,Rural,Y
Male,Yes,2,Not Graduate,2827602,2873123,1983920,180,1,Rural,Y
Male,Yes,2,Graduate,2817922,2516300,3373252,120,1,Rural,Y
Male,Yes,1,Not Graduate,2018449,2224892,993042,360,1,Urban,Y
Male,No,2,Graduate,2285112,3292223,1777802,360,0,Rural,N
Female,Yes,3+,Graduate,1649978,2184042,1520747,120,1,Rural,Y
Female,Yes,1,Not Graduate,952210,3276521,911800,120,1,Rural,Y
Female,No,0,Graduate,4129795,2437952,1689746,120,1,Rural,Y
Female,No,0,Graduate,3282678,439449,4767763,360,1,Rural,Y
Female,Yes,0,Not Graduate,4417228,4692534,2963856,180,1,Rural,Y
Female,No,3+,Not Graduate,3278229,2365418,2872788,120,1,Urban,Y
Female,No,0,Not Graduate,2408221,1207101,2426232,360,0,Rural,N
Female,No,0,Not Graduate,2318074,4223834,1983167,360,1,Semiurban,Y
Male,No,2,Graduate,4518537,175298,4090723,180,1,Rural,Y
Female,Yes,0,Graduate,2228166,3911853,2281187,240,1,Rural,N
Male,No,3+,Not Graduate,1253659,3320267,3076628,240,1,Urban,Y
Female,Yes,2,Not Graduate,126759,4937910,2606074,120,0,Urban,N
Male,Yes,2,Not Graduate,364104,4462339,2909782,240,1,Rural,Y
Female,No,0,Graduate,2609211,4910381,32028,120,1,Rural,Y
Female,No,3+,Not Graduate,869903,1967739,3323423,180,0,Urban,N
Male,No,3+,Not Graduate,2547446,3577231,480905,180,1,Semiurban,Y
Male,No,2,Graduate,3460554,2109051,4408866,120,1,Urban,Y
Male,No,0,Graduate,2940822,2432914,3620136,360,1,Semiurban,N
Male,Yes,2,Not Graduate,2532730,2402281,2731980,120,1,Urban,Y
Female,No,0,Graduate,213236,3640999,3701061,180,0,Urban,N
Female,No,3+,Graduate,2914778,4667923,3097476,240,1,Rural,Y
Male,No,1,Not Graduate,2971676,953753,3013502,180,1,Semiurban,Y
Male,Yes,1,Not Graduate,4674171,646015,2277852,240,1,Semiurban,Y
Female,No,2,Graduate,2905436,2221873,2499424,240,0,Semiurban,N
Male,No,0,Not Graduate,1152699,2441454,1421914,180,1,Urban,Y
Male,Yes,2,Graduate,1918453,3143081,2972719,180,1,Rural,Y
Male,No,0,Graduate,2329397,4297778,561806,120,1,Urban,Y
Female,Yes,3+,Not Graduate,905100,1386120,2288643,360,1,Urban,Y
Male,No,0,Not Graduate,523415,3225545,280208,120,0,Semiurban,N
Female,No,3+,Graduate,3567812,3456711,1233698,360,1,Rural,Y
Female,No,1,Graduate,4745650,4082383,3743801,120,1,Rural,Y
Male,No,1,Graduate,4997904,4490647,818266,120,1,Rural,Y
Male,No,1,Graduate,1264623,3421601,2140999,180,1,Semiurban,N
Female,Yes,1,Graduate,4065243,978487,1557010,240,1,Urban,Y
Male,Yes,0,Graduate,782629,2723212,4784508,360,1,Rural,Y
Male,Yes,2,Not Graduate,2307495,3378691,2190785,180,1,Rural,Y
Female,No,2,Graduate,3715386,1556006,2132707,240,1,Rural,Y
Male,No,0,Graduate,2148180,970540,108907,360,1,Semiurban,Y
Female,No,0,Not Graduate,1317168,4550970,2285803,120,1,Urban,Y
Female,Yes,0,Graduate,2767744,3230889,3643334,240,1,Urban,Y
Female,Yes,3+,Not Graduate,1982869,3905737,4387984,360,1,Urban,Y
Male,No,2,Not Graduate,4971495,4601784,2907443,240,1,Urban,Y
Male,Yes,3+,Not Graduate,975439,185628,1227200,240,1,Semiurban,Y
Male,Yes,3+,Not Graduate,4010478,2538496,3605193,120,1,Urban,N
Male,Yes,2,Not Graduate,656360,4069983,241234,360,1,Semiurban,Y
Male,No,2,Graduate,1775202,135782,1374216,120,1,Semiurban,Y
Female,Yes,2,Graduate,366574,4868759,166747,360,0,Semiurban,N
Male,Yes,2,Not Graduate,3895264,671212,2018047,240,1,Semiurban,Y
Female,Yes,1,Not Graduate,3785460,2094820,2971025,360,0,Rural,N
Female,Yes,2,Not Graduate,4741742,4791646,1138770,180,1,Urban,Y
Female,Yes,1,Graduate,574882,91221,1684350,240,1,Semiurban,Y
Female,Yes,1,Not Graduate,3111306,1386736,2923735,180,1,Rural,N
Female,No,0,Graduate,1649883,1366761,678361,120,0,Rural,N
Male,Yes,0,Not Graduate,2660709,823001,4216301,180,1,Semiurban,Y
Male,No,0,Graduate,1540414,1063750,4209900,360,1,Semiurban,Y
Female,No,1,Graduate,771045,1055164,4444140,360,1,Semiurban,Y
Female,Yes,3+,Not Graduate,1952861,1885173,1657558,240,1,Urban,Y
Female,Yes,3+,Graduate,3100086,4611023,2935618,180,1,Urban,Y
Female,Yes,1,Not Graduate,3421429,1265962,1545403,120,1,Urban,Y
Female,Yes,2,Graduate,3179749,1129876,3345841,360,1,Semiurban,Y
Male,Yes,0,Not Graduate,683598,2281820,2971830,360,1,Rural,Y
Female,No,2,Graduate,1194841,2842061,2259655,180,1,Rural,Y
Female,No,1,Not Graduate,1838493,3781717,4649301,240,1,Urban,Y
Female,Yes,1,Graduate,3049000,4505523,955218,120,0,Rural,N
Female,Yes,1,Not Graduate,1075591,926394,3862973,360,1,Urban,Y
Female,Yes,3+,Not Graduate,478198,4908840,2149592,180,0,Rural,N
Male,Yes,0,Not Graduate,905390,86091,4503007,360,1,Urban,Y
Female,No,0,Graduate,4664594,3292940,1394967,360,1,Urban,N
Male,No,1,Graduate,4468249,2680876,3514028,240,1,Rural,Y
Male,No,0,Graduate,96119,3223076,496868,120,1,Semiurban,Y
Female,Yes,3+,Graduate,2023101,3914067,1155889,360,1,Urban,Y
Female,No,0,Not Graduate,3099287,3053332,3739377,180,0,Urban,N
Male,Yes,1,Not Graduate,3459030,4816845,2772796,120,1,Semiurban,Y
Female,Yes,0,Not Graduate,3430160,2123902,618354,120,1,Rural,Y
Male,Yes,0,Not Graduate,2686382,1036092,401107,240,0,Rural,N
Female,Yes,0,Graduate,2940461,3483475,2132375,360,1,Semiurban,Y
Male,Yes,1,Not Graduate,3338350,508737,3916495,180,1,Urban,Y
Male,Yes,0,Graduate,1481429,4741303,3637293,120,1,Semiurban,Y
Female,Yes,2,Graduate,3321953,756370,4830569,360,1,Semiurban,Y
Female,Yes,0,Not Graduate,221663,309699,159770,360,1,Semiurban,N
Female,Yes,3+,Not Graduate,836181,3102206,1206273,120,0,Rural,N
Female,Yes,2,Graduate,870681,2114185,669919,240,1,Rural,Y
Female,No,2,Graduate,4368429,4855866,661167,120,1,Rural,Y
Male,No,0,Graduate,4752677,160447,4583645,240,1,Rural,Y
Male,Yes,2,Not Graduate,3692348,3323287,3989097,240,1,Semiurban,Y
Male,Yes,3+,Graduate,4671712,2386487,721680,360,1,Semiurban,Y
Male,No,2,Graduate,182735,4049292,1697492,120,1,Semiurban,N
Female,Yes,2,Not Graduate,4637912,2958537,2670008,240,1,Urban,Y
Female,No,2,Graduate,4633670,3894144,3547080,240,1,Urban,Y
Female,No,3+,Not Graduate,2617798,4867865,4279497,180,0,Rural,N
Female,No,2,Not Graduate,2316132,1733438,683803,180,1,Semiurban,Y
Female,No,3+,Graduate,1568481,1373673,4542239,120,1,Semiurban,Y
Male,Yes,3+,Graduate,447210,4724331,4498154,360,1,Rural,Y
Male,Yes,2,Graduate,1252502,2204399,4726682,180,1,Semiurban,N
Female,Yes,0,Graduate,4448732,4177634,2472905,360,1,Urban,Y
Female,No,0,Not Graduate,1388479,676299,857230,360,1,Semiurban,N
Male,No,2,Graduate,1001278,2731805,2859819,180,1,Rural,Y
Female,No,0,Graduate,4437625,1082721,4376901,240,1,Semiurban,Y
Male,No,0,Graduate,2763857,4033810,4423818,180,1,Semiurban,Y
Female,Yes,0,Graduate,476613,2021742,193330,180,0,Urban,N
Male,Yes,2,Not Graduate,448064,484523,1669706,240,1,Rural,Y
Female,No,3+,Not Graduate,3809181,1013665,3301870,120,1,Urban,Y
Female,No,0,Not Graduate,2763160,708093,4040464,360,1,Urban,Y
Male,No,2,Graduate,2303775,2310346,3501620,120,0,Urban,N
Male,No,0,Graduate,4416241,1166372,239250,240,1,Semiurban,Y
Female,No,1,Graduate,678010,645427,2078640,360,1,Urban,Y
Female,No,3+,Not Graduate,1142642,224423,1220216,120,1,Rural,Y
Female,Yes,1,Not Graduate,3623486,2997649,3763828,360,1,Rural,Y
Female,Yes,1,Graduate,2776745,536132,4580341,360,1,Urban,Y
Female,Yes,3+,Not Graduate,2238583,4881039,3836556,240,1,Rural,Y
Female,No,2,Graduate,1188537,2551065,2046432,120,0,Semiurban,N
Female,No,1,Not Graduate,2432595,1343394,4469386,120,0,Urban,N
Male,Yes,3+,Not Graduate,2879683,1698420,2310253,120,1,Urban,Y
Female,Yes,2,Not Graduate,807060,1573974,1775969,180,1,Semiurban,Y
Female,No,1,Graduate,4654214,2719249,2143214,240,1,Urban,Y
Female,Yes,3+,Graduate,3563569,1937236,216055,360,1,Rural,Y
Male,Yes,2,Graduate,3444717,143706,3121202,180,1,Rural,Y
Male,No,3+,Not Graduate,2376240,1938036,757544,240,0,Rural,N
Female,Yes,1,Not Graduate,261546,3620905,2772185,180,1,Urban,N
Male,No,2,Not Graduate,3399958,2022630,4846175,240,1,Urban,Y
Female,Yes,1,Graduate,3581197,2393578,3180800,240,1,Urban,N
Male,No,0,Not Graduate,2989006,405734,2572534,360,1,Urban,Y
Male,No,1,Graduate,3715722,3613030,2758056,180,1,Semiurban,Y
Male,No,3+,Graduate,4878233,1645993,94638,180,1,Urban,Y
Female,Yes,1,Not Graduate,270094,3580394,4481540,360,1,Urban,N
Female,No,0,Graduate,2611448,315550,708244,180,1,Rural,Y
Male,No,0,Not Graduate,831784,1479162,558835,240,0,Semiurban,N
Male,No,0,Graduate,1090367,848768,1842643,360,1,Rural,Y
Male,Yes,2,Not Graduate,843221,4478682,840700,180,0,Semiurban,N
Female,Yes,3+,Graduate,37617,4428224,1813528,240,0,Semiurban,N
Male,No,0,Not Graduate,28449,3987782,2981158,120,1,Semiurban,N
Female,Yes,3+,Not Graduate,4874394,793787,3387426,240,1,Urban,Y
Female,No,2,Graduate,1537343,1509448,4028162,180,1,Rural,Y
Male,No,0,Not Graduate,838154,4931430,2903549,180,1,Semiurban,Y
Female,No,1,Graduate,2716180,3276933,585679,360,1,Semiurban,Y
Female,No,1,Graduate,4948761,294496,1042097,180,1,Rural,Y
Male,No,2,Graduate,4599500,1389463,4490238,120,0,Semiurban,N
Female,No,0,Not Graduate,4083064,764220,3613092,120,1,Urban,Y
Female,No,1,Graduate,2359677,4906563,4322012,180,1,Rural,N
Female,Yes,2,Graduate,3848352,753432,557831,120,1,Semiurban,Y
Female,Yes,0,Not Graduate,1234048,3591506,17183,240,1,Urban,Y
Female,No,3+,Not Graduate,1438741,1462870,2107083,240,1,Rural,Y
Male,Yes,2,Not Graduate,3001546,3928462,1877374,120,1,Urban,Y
Male,No,3+,Not Graduate,307811,3392128,4537429,240,1,Rural,Y
Female,Yes,2,Graduate,851130,161834,3168964,180,1,Urban,Y
Female,No,3+,Graduate,1909603,2556981,3989218,240,0,Urban,N
Male,Yes,3+,Not Graduate,2680128,2579454,313769,180,1,Rural,Y
Female,Yes,2,Graduate,4783563,4556785,137303,180,1,Rural,Y
Male,No,3+,Graduate,4178183,1043367,2917686,240,0,Semiurban,N
Female,Yes,2,Not Graduate,4204762,1960359,4577566,360,1,Urban,Y
Male,No,3+,Not Graduate,3734805,226112,3380327,180,0,Semiurban,N
Female,Yes,1,Not Graduate,596429,373634,1764172,360,1,Rural,Y
Male,Yes,1,Not Graduate,4346548,4034831,1527950,180,1,Urban,Y
Female,No,1,Graduate,2596516,3948740,4044968,180,0,Semiurban,N
Female,Yes,3+,Graduate,3132696,4896979,4068885,360,1,Rural,Y
Female,No,1,Graduate,107654,4833939,730025,120,1,Semiurban,Y
Female,Yes,0,Graduate,1151175,807963,1117,360,1,Urban,Y
Male,No,1,Not Graduate,4304895,4881396,3322589,180,1,Semiurban,Y
Female,No,2,Graduate,2541708,3681827,4902644,180,1,Rural,Y
Male,Yes,3+,Graduate,1318654,1516508,2412715,240,1,Semiurban,Y
Female,Yes,1,Graduate,3371225,3534128,2591257,120,1,Urban,Y
Female,Yes,1,Graduate,1779150,4183327,505693,180,1,Semiurban,Y
Male,No,3+,Not Graduate,1863796,4944460,2345541,120,0,Urban,N
Female,No,1,Not Graduate,2786778,2871010,3049214,360,1,Semiurban,Y
Male,Yes,3+,Not Graduate,3429370,707257,2484846,240,1,Rural,Y
Male,No,2,Not Graduate,4632313,3236645,87889,240,0,Rural,N
Female,No,3+,Graduate,1132613,1871163,3661937,360,1,Urban,Y
Male,Yes,2,Not Graduate,4319520,4303448,4040435,120,1,Urban,Y
Male,No,3+,Graduate,2648823,3944678,2905614,180,0,Urban,N
Male,Yes,2,Not Graduate,673310,2198579,4088527,240,1,Rural,Y
Male,No,1,Not Graduate,3192185,1561603,2899788,240,1,Semiurban,Y
Female,No,1,Not Graduate,1977747,1173779,3186998,120,1,Urban,Y
Male,Yes,0,Graduate,758839,4869464,1539499,120,1,Semiurban,Y
Male,Yes,1,Not Graduate,2401334,4036041,3870307,180,1,Urban,Y
Male,No,2,Not Graduate,3365871,2921078,4073666,360,1,Urban,Y
Male,No,1,Graduate,3913476,4081862,3136891,180,1,Urban,Y
Male,No,1,Not Graduate,4903658,3436758,4149231,120,0,Semiurban,N
Male,No,1,Graduate,727902,4589955,4069021,120,1,Semiurban,Y
Male,Yes,3+,Graduate,3109458,1803078,2419108,360,1,Rural,N
Male,No,1,Graduate,1344461,2501719,285118,240,1,Semiurban,Y
Male,No,1,Graduate,4453992,4549849,3725502,360,0,Semiurban,N
Male,Yes,3+,Graduate,816960,4337216,4571108,120,0,Urban,N
Male,Yes,2,Graduate,148806,4465378,3279973,360,1,Semiurban,N
Female,No,2,Not Graduate,2978077,2895478,40406,180,1,Semiurban,Y
Female,Yes,2,Graduate,4953725,1494137,1404975,240,1,Urban,Y
Female,No,3+,Not Graduate,4368608,4937690,4109096,120,1,Semiurban,Y
Male,Yes,3+,Not Graduate,2749381,333244,4269478,240,0,Rural,N
Female,No,2,Graduate,4132108,3810801,2719525,360,0,Rural,N
Male,No,2,Not Graduate,4991484,1828516,3027088,360,1,Urban,Y
Female,Yes,0,Not Graduate,2516053,3712645,3550453,180,1,Semiurban,Y
Male,Yes,0,Graduate,1171616,399819,4693146,240,1,Semiurban,Y
Male,No,2,Not Graduate,3730212,1413653,1924738,240,1,Urban,N
Male,No,2,Graduate,835989,4838856,4872436,240,1,Semiurban,Y
Male,No,3+,Graduate,3751059,4149401,1280664,180,0,Rural,N
Female,No,1,Not Graduate,4083440,736866,3683864,120,1,Semiurban,N
Male,Yes,1,Not Graduate,1845323,3670194,3221071,360,0,Semiurban,N
Male,Yes,0,Graduate,3299271,483474,3882362,360,0,Semiurban,N
Female,Yes,0,Graduate,4309962,530385,4953422,120,0,Semiurban,N
Male,No,2,Graduate,3975720,1952444,3162699,360,1,Urban,Y
Female,No,2,Graduate,56652,3238046,2160918,120,1,Semiurban,Y
Male,No,1,Graduate,4796107,3542031,4986558,360,1,Urban,Y
Female,Yes,1,Not Graduate,2727662,4003543,3911473,120,0,Rural,N
Male,Yes,3+,Graduate,3858723,258812,2941680,240,1,Rural,Y
Male,No,3+,Not Graduate,2717659,3200685,1519846,240,1,Rural,Y
Female,No,0,Not Graduate,4575863,2654168,2703735,120,1,Rural,Y
Female,Yes,1,Graduate,4833961,754330,99282,240,1,Urban,Y
Male,Yes,3+,Not Graduate,1629994,2262016,4013150,360,1,Semiurban,Y
Male,No,0,Not Graduate,2827654,998170,466302,180,1,Rural,Y
Female,No,0,Graduate,735693,1405892,2215634,240,0,Urban,N
Female,No,1,Not Graduate,4893212,367709,179670,240,1,Urban,Y
Male,No,0,Not Graduate,1377307,3066283,1551510,240,1,Urban,Y
Male,Yes,2,Graduate,1110928,1216528,2396648,240,1,Urban,Y
Male,No,0,Not Graduate,594195,1144271,33335,180,1,Urban,Y
Female,No,1,Not Graduate,2508413,1704604,2067578,240,1,Rural,Y
Female,Yes,1,Not Graduate,2816339,2521958,2054122,180,1,Urban,Y
Male,Yes,2,Not Graduate,4279139,1990624,1416630,120,0,Urban,N
Female,No,1,Graduate,2072479,3858914,1420795,120,1,Urban,Y
Male,No,3+,Graduate,1926135,981890,2688942,360,1,Rural,Y
Male,Yes,2,Not Graduate,4838150,2237558,2877363,360,1,Urban,Y
Male,No,3+,Graduate,1227603,4649503,2063404,240,1,Urban,Y
Female,No,3+,Not Graduate,3600153,3891890,2036075,180,1,Urban,Y
Female,Yes,1,Not Graduate,3355467,3357510,2471154,180,1,Rural,Y
Female,Yes,1,Graduate,2425019,1050392,3825571,240,1,Urban,Y
Male,No,1,Not Graduate,1290528,1685676,3709956,180,1,Semiurban,Y
Male,Yes,3+,Graduate,1904900,2820172,3923234,120,1,Semiurban,Y
Male,No,3+,Graduate,758402,1407225,1394683,240,1,Semiurban,Y
Female,Yes,0,Not Graduate,2728033,1274956,2472082,180,1,Semiurban,Y
Male,Yes,2,Not Graduate,2094535,4010612,1350662,360,1,Urban,N
Male,No,2,Not Graduate,1061949,1573285,897504,180,1,Rural,Y
Female,Yes,2,Not Graduate,611284,140472,780433,360,1,Urban,Y
Male,Yes,1,Graduate,4307880,688387,392255,120,1,Rural,Y
Female,No,3+,Graduate,4571134,217269,2168152,180,1,Semiurban,Y
Male,Yes,1,Not Graduate,1268930,538389,2625696,180,1,Semiurban,Y
Male,Yes,2,Graduate,2462065,1575403,796979,180,1,Urban,Y
Female,Yes,3+,Graduate,4453793,3373785,2243653,360,1,Urban,Y
Female,No,3+,Graduate,4296020,2714237,2876442,120,1,Rural,Y
Male,No,2,Not Graduate,899821,1811646,3959823,240,0,Urban,N
Male,No,2,Not Graduate,604646,1615763,3423847,360,1,Urban,Y
Male,Yes,2,Graduate,4126755,2718952,2769167,360,1,Urban,Y
Female,Yes,1,Graduate,1480841,4962984,2174748,120,1,Semiurban,Y
Male,No,0,Not Graduate,2005553,4516999,2975444,180,1,Rural,N
Female,Yes,3+,Not Graduate,2457482,4287666,1123731,120,1,Semiurban,Y
Male,No,0,Graduate,67035,4671842,1290585,180,0,Semiurban,N
Male,No,0,Graduate,1134409,4828582,763501,360,1,Urban,Y
Female,No,0,Graduate,4956377,865520,456823,360,1,Rural,Y
Female,No,1,Not Graduate,3939615,550134,810963,360,1,Rural,Y
Male,No,1,Graduate,4523200,1433109,3046852,360,1,Urban,Y
Male,Yes,3+,Graduate,4807470,53182,1622250,240,1,Urban,Y
Female,No,0,Graduate,1819233,4257932,2227699,180,0,Semiurban,N
Female,Yes,2,Not Graduate,836169,4276038,4380137,120,0,Semiurban,N
Female,No,2,Graduate,2308945,3305123,1445505,180,0,Rural,N
Female,No,2,Not Graduate,2199672,1207078,1012184,180,1,Semiurban,Y
Male,No,3+,Not Graduate,4277477,1494737,380354,120,1,Semiurban,Y
Female,Yes,3+,Graduate,1329029,610063,651306,240,0,Rural,N
Male,Yes,0,Graduate,2926973,1882875,2740236,240,0,Rural,N
Male,No,3+,Not Graduate,4197732,4991588,2515137,360,1,Semiurban,Y
Female,Yes,0,Not Graduate,2957928,2179086,4735022,180,1,Rural,Y
Female,Yes,3+,Graduate,735043,2447304,2146466,120,0,Rural,N
Female,No,0,Not Graduate,971888,4647501,3223896,240,1,Rural,Y
Female,No,0,Graduate,2049800,2461910,2902218,180,1,Rural,Y
Female,No,1,Graduate,3084766,4394191,4021619,120,1,Rural,Y
Female,No,2,Graduate,4851725,1918297,3038131,120,1,Semiurban,Y
Male,No,2,Graduate,432008,4261680,345205,240,1,Rural,Y
Male,Yes,3+,Not Graduate,1813378,369715,2783253,360,1,Rural,Y
Male,Yes,2,Not Graduate,420294,4502939,3196505,180,1,Semiurban,Y
Male,No,2,Not Graduate,2939619,3993410,3902054,360,1,Rural,Y
Female,No,2,Graduate,4191661,2445458,127662,360,1,Rural,Y
Male,No,1,Not Graduate,2039231,2720846,2495702,360,1,Rural,Y
Male,Yes,2,Not Graduate,4781151,1699692,166949,120,1,Urban,Y
Male,No,2,Graduate,4152463,1946140,3292309,180,0,Urban,N
Male,No,0,Not Graduate,2009080,2537762,2446124,360,0,Urban,N
Female,Yes,2,Not Graduate,3071597,1852619,1140430,120,1,Urban,Y
Male,Yes,0,Not Graduate,2640486,248922,3826301,180,1,Urban,Y
Female,No,3+,Graduate,1164342,2076879,4913639,360,1,Semiurban,Y
Male,No,1,Not Graduate,2876637,1851765,1167638,240,1,Semiurban,N
Female,No,3+,Graduate,3622956,1531020,1975513,240,0,Urban,N
Female,No,0,Not Graduate,725811,4255745,41410,240,0,Rural,N
Male,Yes,1,Not Graduate,4549293,2548756,4403562,240,0,Urban,N
Male,Yes,3+,Graduate,497126,3965347,618301,360,1,Urban,Y
Female,Yes,1,Graduate,4808321,4554806,436863,120,1,Semiurban,Y
Male,Yes,3+,Graduate,652131,3092537,2268208,180,1,Semiurban,Y
Male,Yes,0,Not Graduate,2021112,589913,2370501,180,1,Urban,Y
Male,Yes,2,Not Graduate,1456598,3477856,3739011,120,1,Semiurban,Y
Female,No,1,Graduate,1885124,2114027,1476688,120,1,Rural,N
Male,No,3+,Not Graduate,2897770,680550,1147601,180,1,Semiurban,N
Female,Yes,0,Not Graduate,3407320,142481,342076,120,1,Rural,Y
Male,No,1,Graduate,274744,1562766,1065006,240,1,Semiurban,Y
Male,No,2,Graduate,889647,3609568,1280257,240,1,Rural,Y
Male,Yes,3+,Graduate,3460133,4001378,3901938,120,1,Rural,Y
Female,No,0,Graduate,224876,638223,1192639,120,1,Rural,N
Female,No,3+,Not Graduate,137272,2785129,409818,240,1,Urban,Y
Female,Yes,0,Graduate,760897,2330693,708406,120,1,Semiurban,Y
Male,Yes,0,Not Graduate,2529695,281012,985859,360,0,Rural,N
Female,Yes,3+,Not Graduate,200573,1063408,3686007,360,1,Semiurban,N
Male,Yes,2,Graduate,2545455,1122044,2011098,180,0,Rural,N
Female,No,3+,Graduate,529242,3616677,3321039,240,1,Semiurban,Y
Male,Yes,2,Not Graduate,9790,3089839,1410846,120,1,Urban,Y
Female,Yes,3+,Graduate,522919,1970738,2378895,180,1,Rural,Y
Female,No,3+,Graduate,3155407,1253857,4168010,120,1,Rural,Y
Female,No,1,Not Graduate,588662,292509,368999,240,1,Semiurban,Y
Female,Yes,1,Not Graduate,4188584,2592622,2869219,360,1,Rural,Y
Female,Yes,0,Not Graduate,4168042,4307250,1407054,180,0,Rural,N
Male,Yes,1,Graduate,4833764,274506,381429,360,0,Urban,N
Female,No,0,Not Graduate,1974799,705100,3992202,120,1,Semiurban,Y
Female,Yes,2,Not Graduate,301267,907543,936902,360,1,Rural,Y
Female,Yes,1,Not Graduate,3562830,2856359,4234679,240,0,Semiurban,N
Male,Yes,3+,Graduate,1859593,1956979,529378,240,1,Rural,Y
Male,No,3+,Not Graduate,762154,58675,2095816,360,1,Rural,Y
Male,No,3+,Graduate,1399655,313183,2823703,240,0,Semiurban,N
Male,Yes,0,Graduate,81070,643800,4282491,180,0,Semiurban,N
Female,No,2,Graduate,719454,832094,563897,120,1,Semiurban,Y
Male,Yes,1,Not Graduate,1538809,3150107,3455500,240,0,Urban,N
Female,No,3+,Not Graduate,3478415,2388842,705695,180,1,Rural,Y
Male,Yes,0,Not Graduate,4473656,2299613,3751680,180,1,Semiurban,Y
Male,No,3+,Graduate,2079350,2884965,4750143,240,1,Semiurban,Y
Male,Yes,3+,Graduate,3569418,1453947,549747,180,1,Urban,Y
Female,Yes,3+,Not Graduate,2962436,3001621,3348573,120,1,Urban,Y
Male,Yes,3+,Graduate,2746955,1991758,1329252,120,1,Semiurban,Y
Male,No,1,Graduate,4304882,1062967,2570873,240,0,Urban,N
Male,No,3+,Graduate,3969743,2540807,33930,240,1,Rural,N
Female,No,0,Graduate,1955269,165357,1749697,360,0,Semiurban,N
Male,No,1,Not Graduate,4998173,375424,1255858,240,1,Semiurban,N
Male,Yes,1,Not Graduate,96953,1577577,3446424,240,1,Semiurban,N
Male,No,2,Not Graduate,2637094,4865560,1122256,120,1,Rural,Y
Female,Yes,0,Not Graduate,2544384,3613823,1914243,120,0,Semiurban,N
Male,Yes,3+,Not Graduate,665229,3289801,2913991,360,1,Urban,N
Female,No,0,Graduate,300989,626203,1824321,360,0,Semiurban,N
Female,Yes,1,Not Graduate,4889003,4668741,2149942,360,0,Urban,N
Male,No,0,Not Graduate,2474408,280209,4731780,360,1,Urban,Y
Female,Yes,2,Graduate,2588779,2355832,4699766,240,1,Urban,Y
Female,No,3+,Not Graduate,2992039,2352580,2466762,240,1,Rural,Y
Male,No,2,Not Graduate,4705730,4556327,245617,180,1,Semiurban,Y
Male,No,0,Not Graduate,2036787,4362052,2406556,180,1,Rural,Y
Female,No,2,Not Graduate,231382,3449288,2618194,180,1,Semiurban,N
Male,Yes,3+,Graduate,2247167,952212,509967,180,1,Rural,Y
Female,No,1,Graduate,1493169,1546305,738063,240,1,Rural,Y
Male,Yes,1,Graduate,363616,2755933,296681,360,1,Rural,Y
Female,Yes,0,Not Graduate,2833218,2391285,3101954,360,1,Semiurban,Y
Female,Yes,1,Graduate,57125,2463303,2899823,240,0,Urban,N
Male,Yes,2,Graduate,979278,4348611,4112288,120,1,Urban,Y
Female,Yes,2,Graduate,3143697,3346350,1611756,360,1,Rural,Y
Female,Yes,1,Not Graduate,1161841,4856378,1763253,120,1,Semiurban,Y
Male,No,0,Not Graduate,867263,4797937,4587451,120,1,Semiurban,Y
Female,Yes,0,Not Graduate,1694012,1111180,4888175,240,1,Urban,Y
Female,Yes,0,Not Graduate,2713010,1959519,1407996,120,0,Semiurban,N
Male,No,1,Not Graduate,2878737,4601386,2719916,240,1,Semiurban,Y
Male,No,2,Graduate,1631410,144515,4682928,360,1,Urban,Y
Female,Yes,0,Not Graduate,60785,1498499,566472,360,1,Urban,Y
Female,Yes,3+,Not Graduate,1085552,644413,4661008,360,1,Semiurban,Y
Female,Yes,0,Graduate,4467755,1798836,4291124,240,1,Urban,Y
Female,Yes,0,Graduate,2414658,2059336,4776865,120,1,Urban,Y
Female,No,3+,Not Graduate,2636447,2539304,1696661,180,1,Urban,Y
Female,No,3+,Graduate,1447346,2923816,4891535,120,0,Rural,N
Male,No,0,Not Graduate,4412676,1378784,1325465,120,1,Semiurban,Y
Male,No,2,Graduate,3009692,209676,396416,360,0,Urban,N
Female,No,0,Graduate,1249747,4270231,1360434,180,1,Urban,Y
Male,Yes,3+,Graduate,1356758,2448100,284135,180,1,Rural,Y
Male,No,0,Graduate,4189351,1106858,3281110,120,1,Rural,Y
Female,Yes,0,Graduate,4433943,382260,2153570,180,1,Rural,Y
Female,No,1,Graduate,4330557,249445,2295620,180,1,Rural,Y
Male,Yes,2,Not Graduate,3506760,2645807,4037794,240,1,Urban,Y
Female,Yes,3+,Not Graduate,3867027,3629097,752000,120,1,Rural,Y
Female,No,2,Not Graduate,1731434,2317244,114182,180,1,Rural,N
Female,No,2,Graduate,3337467,2144624,3598785,360,1,Urban,Y
Female,Yes,3+,Graduate,4773060,4911547,2039816,360,1,Semiurban,Y
Male,Yes,0,Not Graduate,4458476,1661126,3208080,240,1,Semiurban,Y
Male,No,1,Not Graduate,1578513,4226320,1139312,120,1,Semiurban,Y
Female,Yes,0,Not Graduate,92165,236030,753246,180,1,Urban,N
Female,No,2,Graduate,3013933,2659922,3529423,120,1,Semiurban,Y
Male,No,3+,Graduate,2143358,2812410,3064258,180,1,Urban,Y
Male,No,0,Not Graduate,397242,4063950,4592828,240,0,Rural,N
Male,Yes,2,Not Graduate,2687934,3386684,802385,240,1,Semiurban,Y
Male,No,0,Graduate,3066469,3256034,281070,180,1,Urban,Y
Female,No,3+,Not Graduate,1393940,545616,4416390,120,1,Rural,N
Female,No,2,Graduate,350206,810358,2982126,360,1,Semiurban,Y
Female,No,0,Graduate,1269395,1696516,3162722,180,1,Urban,Y
Female,No,1,Not Graduate,4609168,2177915,4825660,180,1,Rural,Y
Male,Yes,2,Graduate,2017487,108035,1083904,180,1,Semiurban,Y
Male,Yes,1,Graduate,2084413,3113317,671877,360,1,Urban,Y
Female,Yes,2,Graduate,4130593,4961168,2460317,180,1,Rural,Y
Female,No,3+,Graduate,194568,2733940,1439554,240,0,Urban,N
Male,No,2,Not Graduate,4460525,3584824,265121,180,1,Rural,Y
Female,No,1,Not Graduate,1322295,356950,2547821,180,1,Semiurban,Y
Female,Yes,0,Graduate,2558314,2992118,711160,180,1,Rural,Y
Male,No,3+,Not Graduate,4611815,1314464,2773712,180,1,Rural,Y
Female,No,3+,Not Graduate,124344,3100035,594093,180,1,Urban,Y
Female,No,0,Not Graduate,857298,537309,2766185,180,1,Rural,Y
Male,Yes,3+,Not Graduate,204311,1926958,3285580,360,1,Rural,N
Female,Yes,3+,Not Graduate,436143,406270,4470484,180,1,Semiurban,Y
Male,Yes,0,Graduate,1162608,1267641,3418414,240,1,Semiurban,Y
Female,No,3+,Not Graduate,1619255,4409045,2852532,180,1,Urban,Y
Male,Yes,2,Not Graduate,3726848,3501411,2977523,240,1,Urban,Y
Female,Yes,0,Not Graduate,3299880,3414557,1329284,180,1,Semiurban,Y
Male,No,2,Not Graduate,2004626,2268284,3870740,360,0,Rural,N
Female,Yes,2,Graduate,2346371,3564926,695461,360,0,Urban,N
Female,Yes,2,Graduate,1973407,2849956,426707,120,0,Rural,N
Male,Yes,0,Graduate,306989,129689,3315689,240,1,Rural,Y
Male,No,0,Graduate,2202649,2320226,4897795,240,0,Rural,N
Male,Yes,3+,Not Graduate,3665377,2592266,1946048,120,1,Semiurban,Y
Male,No,3+,Not Graduate,3356172,4408673,4596735,180,1,Rural,Y
Male,No,1,Not Graduate,2364554,2990686,2726485,180,1,Urban,Y
Male,Yes,1,Graduate,2543750,2073044,3122254,240,1,Semiurban,Y
Male,Yes,1,Not Graduate,880980,2501895,2169004,240,1,Semiurban,Y
Male,No,3+,Graduate,3563209,896219,1264830,120,0,Urban,N
Female,No,1,Graduate,1188592,1472767,409364,180,1,Urban,Y
Male,No,3+,Not Graduate,4522789,2208803,2078940,120,1,Rural,Y
Male,No,0,Not Graduate,2351816,593965,1303276,240,1,Urban,Y
Male,No,2,Not Graduate,1109097,1825966,2185756,120,1,Rural,Y
Female,Yes,2,Graduate,435985,4186211,3562150,360,1,Semiurban,Y
Male,No,2,Graduate,2078886,3083680,4322885,360,0,Urban,N
Male,Yes,3+,Not Graduate,2752947,3421718,2206364,240,0,Urban,N
Male,No,3+,Graduate,2681552,4133358,1302109,240,0,Rural,N
Female,Yes,2,Not Graduate,1160440,4126702,4172970,240,0,Urban,N
Female,Yes,0,Not Graduate,3796288,4763127,4562199,240,1,Semiurban,Y
Female,Yes,0,Graduate,4729339,3709794,1177916,240,1,Semiurban,Y
Female,Yes,0,Not Graduate,890015,3565280,3535972,360,1,Urban,Y
Male,No,1,Not Graduate,4927028,2570872,3556527,120,1,Rural,Y
Female,Yes,1,Graduate,40949,3999511,111641,180,1,Urban,Y
Male,No,0,Not Graduate,4608416,214256,1904686,120,1,Semiurban,Y
Female,No,1,Graduate,2936704,3603316,2795823,360,1,Semiurban,Y
Male,No,1,Not Graduate,2889399,2809855,1492073,180,1,Rural,Y
Male,No,0,Graduate,4600290,1019085,3652478,360,1,Rural,Y
Male,Yes,0,Not Graduate,3780197,3464560,2569429,240,1,Semiurban,N
Female,No,0,Not Graduate,1049691,4656793,1621845,360,1,Semiurban,Y
Female,No,3+,Not Graduate,4385179,4196629,2504450,180,1,Semiurban,N
Female,No,0,Graduate,4017880,894708,2307455,360,1,Urban,Y
Male,Yes,1,Graduate,2667253,4516455,942319,360,1,Rural,Y
Male,No,1,Graduate,1919041,4346201,2385808,120,1,Semiurban,Y
Male,No,2,Not Graduate,465264,2483777,3290907,120,1,Rural,N
Female,Yes,2,Not Graduate,516956,839037,1944455,120,0,Rural,N
Male,No,3+,Not Graduate,3951710,3747126,865856,360,1,Semiurban,Y
Female,Yes,1,Not Graduate,4408077,3824745,785012,240,1,Rural,Y
Male,Yes,3+,Not Graduate,1322475,648707,1644167,120,0,Semiurban,N
Male,No,0,Not Graduate,381203,1625694,3815119,240,1,Semiurban,Y
Female,No,2,Not Graduate,3619058,4170576,4259137,180,1,Urban,Y
Female,Yes,0,Graduate,638177,2682596,61586,180,1,Rural,Y
Female,No,1,Graduate,1943681,3593945,2128221,360,1,Urban,Y
Female,Yes,0,Graduate,18679,3374398,1574998,240,1,Rural,Y
Female,Yes,0,Not Graduate,4161511,666022,4475735,240,1,Semiurban,N
Female,No,2,Not Graduate,4000635,3181411,2256191,240,1,Rural,N
Male,No,3+,Graduate,3360908,4737162,3120099,240,1,Urban,Y
Male,No,0,Graduate,408109,4382205,541184,120,1,Semiurban,Y
Female,No,0,Not Graduate,3701851,2034828,1610403,240,1,Semiurban,Y
Male,No,0,Graduate,1062257,2795786,4959473,360,1,Rural,Y
Female,Yes,3+,Graduate,4600884,1617743,3510454,120,1,Rural,Y
Male,Yes,1,Graduate,1197386,3291201,1513118,360,0,Rural,N
Female,No,1,Not Graduate,2690471,4679088,993983,360,1,Rural,Y
Female,Yes,3+,Graduate,1471066,1377776,3906392,180,1,Semiurban,Y
Female,Yes,1,Not Graduate,2501790,1731571,4643733,240,0,Urban,N
Male,Yes,0,Graduate,4333727,3897498,3141648,120,1,Rural,Y
Female,Yes,3+,Not Graduate,433411,601537,3359011,180,1,Urban,Y
Male,No,2,Not Graduate,8211,1200939,2791451,180,1,Semiurban,N
Male,No,1,Not Graduate,3614225,180077,4278760,120,0,Rural,N
Male,Yes,3+,Graduate,3042468,2868649,675108,360,1,Semiurban,Y
Male,No,2,Not Graduate,4427219,188456,2185711,360,0,Urban,N
Female,Yes,1,Graduate,545755,4374398,3890380,120,1,Urban,Y
Male,Yes,0,Graduate,1323538,3308189,2918797,120,1,Rural,Y
Female,No,2,Graduate,423530,1268760,590022,240,1,Semiurban,Y
Female,Yes,1,Graduate,1016987,4563707,4339014,240,1,Rural,Y
Male,Yes,0,Graduate,4465444,1314,103099,120,1,Rural,Y
Male,No,2,Graduate,2291814,4400712,3412578,120,1,Semiurban,Y
Female,Yes,2,Not Graduate,514493,3322787,1492952,360,1,Urban,Y
Female,No,1,Graduate,1963321,3161441,2256388,120,1,Rural,Y
Female,No,0,Graduate,921963,4106321,4680497,180,0,Semiurban,N
Male,No,0,Not Graduate,4549917,1105840,2357257,180,1,Rural,N
Female,Yes,2,Graduate,4638657,4497374,1855211,120,1,Urban,Y
Female,No,3+,Not Graduate,2565027,1931970,2908503,240,1,Urban,Y
Male,Yes,0,Graduate,286602,986426,2891153,180,1,Semiurban,N
Male,Yes,1,Graduate,611977,1489845,1712067,240,1,Semiurban,N
Male,No,3+,Not Graduate,3347115,2368996,3203859,240,1,Rural,Y
Male,No,0,Graduate,1497988,661811,2255,180,1,Urban,Y
Male,No,1,Not Graduate,2977079,630863,3924939,120,1,Urban,N
Female,No,1,Not Graduate,593447,81028,1270146,180,1,Urban,Y
Female,Yes,0,Not Graduate,315611,2122172,947032,240,1,Semiurban,Y
Male,No,1,Graduate,1107726,397373,914565,240,1,Rural,Y
Male,No,3+,Not Graduate,886857,1813741,1168993,120,1,Urban,Y
Male,Yes,3+,Not Graduate,2115877,4709395,4114883,240,1,Semiurban,Y
Female,Yes,1,Graduate,3569784,1156203,4789351,180,1,Urban,N
Female,No,3+,Graduate,1052128,1097378,1756330,360,1,Rural,Y
Male,Yes,0,Graduate,2429081,14784,954540,240,1,Semiurban,Y
Male,Yes,2,Not Graduate,4718147,4880475,522505,240,1,Urban,Y
Female,No,0,Graduate,4496439,407057,3965204,120,1,Urban,Y
Female,No,2,Graduate,784902,3481336,3869338,180,1,Rural,Y
Male,No,3+,Not Graduate,4051656,150968,453751,180,1,Semiurban,Y
Male,No,0,Graduate,2053801,3827420,3103101,120,1,Urban,Y
Female,Yes,2,Graduate,772168,2941139,2504598,360,1,Semiurban,Y
Female,Yes,1,Graduate,1664074,436711,3503736,120,0,Urban,N
Female,Yes,0,Not Graduate,2808247,2023501,2592677,180,0,Urban,N
Female,No,0,Not Graduate,740674,3269583,3102312,180,0,Semiurban,N
Male,Yes,0,Graduate,4607950,3946992,2888370,180,1,Rural,Y
Female,Yes,3+,Not Graduate,1371528,1090258,4993265,120,0,Rural,N
Male,No,2,Not Graduate,1870805,3219169,4417006,360,1,Semiurban,Y
Female,No,0,Not Graduate,2666978,838448,2232358,240,1,Rural,Y
Female,Yes,1,Graduate,3560774,467653,18790,360,1,Semiurban,Y
Female,No,3+,Not Graduate,2767859,1924125,3572060,240,1,Rural,N
Male,Yes,3+,Graduate,1244422,2996242,4497506,360,1,Semiurban,Y
Female,Yes,1,Not Graduate,2385203,1258050,333357,120,1,Rural,Y
Female,Yes,2,Graduate,3789649,326016,113594,120,1,Rural,Y
Female,Yes,0,Graduate,273870,4947895,3874223,120,1,Semiurban,N
Female,Yes,1,Not Graduate,3429154,1405396,262822,120,1,Rural,Y
Male,Yes,2,Not Graduate,3510751,221502,4379147,240,0,Urban,N
Female,No,3+,Graduate,1712738,2830207,3684519,360,1,Urban,N
Female,Yes,2,Graduate,617564,1920114,3920480,180,1,Semiurban,N
Male,No,2,Graduate,1516175,4993081,3528551,240,0,Semiurban,N
Male,No,3+,Not Graduate,1090592,1463073,4188586,360,1,Urban,Y
Female,Yes,0,Not Graduate,3205491,4782087,2008114,240,1,Rural,Y
Male,No,3+,Not Graduate,3205560,3480530,4848615,240,1,Urban,Y
Female,No,2,Not Graduate,1413709,2292207,3867269,120,0,Urban,N
Female,Yes,2,Graduate,617800,4468194,4679064,240,1,Rural,Y
Male,No,2,Not Graduate,4983601,3838022,2329272,180,1,Semiurban,Y
Female,No,2,Not Graduate,3935353,349635,4392309,120,1,Urban,Y
Male,No,0,Graduate,3662132,2269463,1779057,120,1,Rural,N
Male,No,1,Graduate,24522,1182803,1966276,180,1,Rural,N
Female,Yes,1,Not Graduate,228394,3175966,3527314,240,1,Urban,N
Female,No,1,Graduate,3769495,2824028,255031,180,1,Rural,Y
Female,Yes,2,Not Graduate,2053664,2650011,567422,240,0,Rural,N
Female,Yes,1,Graduate,936732,4122688,2100286,360,1,Rural,Y
Female,No,3+,Graduate,1928847,1947349,2882719,120,1,Rural,Y
Female,Yes,0,Graduate,1299472,3279615,4529433,180,0,Rural,N
Male,Yes,2,Not Graduate,3769400,1789163,627597,360,1,Semiurban,Y
Male,Yes,2,Not Graduate,3728798,589343,1233026,180,0,Semiurban,N
Female,No,0,Graduate,3444237,3408431,4067506,360,0,Rural,N
Female,Yes,2,Not Graduate,3456302,2104384,2006089,180,1,Rural,Y
Female,No,0,Graduate,2173589,147983,1396443,360,1,Urban,Y
Female,No,1,Not Graduate,805564,1257419,2961546,360,0,Semiurban,N
Male,Yes,0,Not Graduate,2013779,2042503,2662040,120,1,Rural,Y
Male,Yes,2,Not Graduate,3840257,3907531,579943,360,1,Rural,Y
Female,Yes,0,Not Graduate,1669851,704759,2071751,180,1,Semiurban,Y
Female,No,3+,Graduate,641046,3545947,4766103,120,0,Semiurban,N
Male,Yes,2,Graduate,1062499,3505453,2787703,120,0,Rural,N
Male,Yes,3+,Not Graduate,281259,1627795,384138,120,1,Rural,Y
Female,No,1,Graduate,2259118,4272831,4129117,120,1,Rural,Y
Female,Yes,2,Not Graduate,366599,1417243,2569886,120,1,Semiurban,Y
Male,Yes,1,Graduate,4155034,3603708,3330619,120,0,Urban,N
Male,No,1,Graduate,2829880,1628542,3663201,360,1,Rural,N
Female,No,2,Graduate,1299398,2911761,4673207,120,1,Rural,Y
Male,No,3+,Not Graduate,3560059,4861213,30070,180,0,Rural,N
Male,No,3+,Not Graduate,675721,4607352,2806809,180,1,Rural,Y
Male,Yes,3+,Graduate,308133,4942209,293775,360,0,Semiurban,N
Female,No,2,Graduate,2324229,4079332,4378565,360,0,Semiurban,N
Male,Yes,0,Graduate,2568104,73481,2814158,360,0,Urban,N
Female,No,3+,Graduate,378257,1449962,1717935,360,1,Semiurban,Y
Male,Yes,1,Not Graduate,2031124,2462063,4370977,240,0,Rural,N
Female,Yes,0,Graduate,2434592,3565436,4104017,120,1,Urban,Y
Male,No,0,Graduate,3236425,4119184,1273952,240,1,Rural,Y
Female,Yes,1,Graduate,4327443,3720431,343042,180,1,Semiurban,Y
Male,No,0,Graduate,1523655,4149174,854190,360,1,Semiurban,N
Male,No,0,Not Graduate,1983657,4262507,1275632,360,1,Rural,Y
Male,Yes,0,Graduate,1368404,3387437,4625322,120,0,Urban,N
Male,No,3+,Graduate,4647023,130619,257153,360,1,Semiurban,Y
Male,No,1,Not Graduate,4123258,1494018,4323602,180,1,Semiurban,Y
Female,No,2,Not Graduate,3330750,268118,967210,120,1,Rural,Y
Male,Yes,1,Graduate,803414,1092050,2778235,360,1,Rural,Y
Male,No,2,Graduate,3199304,3128922,4565357,180,1,Rural,Y
Female,Yes,2,Not Graduate,3450308,3423492,3405233,240,0,Urban,N
Female,Yes,0,Graduate,3600196,4127379,3816994,180,1,Urban,Y
Male,No,3+,Not Graduate,2339826,4566876,4265246,360,1,Semiurban,Y
Male,No,1,Graduate,2307522,2544898,1934268,240,1,Rural,Y
Female,Yes,3+,Not Graduate,4024486,1477727,3724550,120,1,Semiurban,Y
Male,Yes,2,Graduate,1361849,3595395,2698812,180,1,Urban,Y
Male,No,2,Graduate,1568409,1537911,309262,180,1,Urban,Y
Male,Yes,3+,Not Graduate,3266612,2046794,4169565,120,1,Semiurban,Y
Female,Yes,2,Graduate,4011704,3317127,1924893,240,1,Urban,Y
Female,Yes,0,Graduate,3936065,643892,1960881,240,1,Rural,Y
Female,Yes,3+,Not Graduate,3500821,2259007,2379930,120,0,Urban,N
Female,Yes,1,Graduate,4595141,2613559,1284555,120,1,Semiurban,Y
Female,No,1,Graduate,94828,4519181,339960,120,1,Semiurban,Y
Male,No,1,Not Graduate,2010385,4652163,1319366,180,1,Semiurban,Y
Female,No,1,Not Graduate,1740386,1179325,3082650,120,1,Semiurban,Y
Female,Yes,0,Not Graduate,3991681,3947765,4534650,240,1,Rural,Y
Female,Yes,0,Graduate,4301175,1780946,4681958,120,1,Semiurban,Y
Male,Yes,3+,Not Graduate,4063689,3041535,3978518,120,1,Semiurban,Y
Male,Yes,3+,Graduate,2073051,2767549,4932620,240,0,Semiurban,N
Male,No,0,Graduate,4053844,1666245,3400818,360,1,Urban,Y
Male,No,2,Not Graduate,1886838,152214,885904,120,1,Rural,N
Male,No,1,Not Graduate,3153002,3568016,522277,120,1,Semiurban,Y
Male,Yes,0,Graduate,4897025,1136545,2439748,120,1,Urban,Y
Female,No,0,Not Graduate,4950444,3437516,1051555,360,1,Urban,N
Male,No,0,Graduate,4232159,4932946,2412668,360,1,Rural,Y
Female,Yes,1,Not Graduate,1903546,1917557,2772963,120,1,Rural,Y
Female,Yes,3+,Graduate,2311479,3858730,4936011,360,1,Urban,Y
Female,No,0,Graduate,2638429,1923809,1095380,180,1,Rural,Y
Male,Yes,2,Graduate,1168418,3397155,4951815,360,1,Urban,Y
Female,No,1,Not Graduate,4908894,2554079,363486,360,0,Urban,N
Female,No,3+,Not Graduate,2876280,22598,1024699,360,1,Urban,Y
Male,No,3+,Graduate,4216601,834675,1230884,240,1,Rural,Y
Male,No,0,Not Graduate,2408198,824181,2804688,180,1,Urban,N
Female,Yes,0,Not Graduate,3958030,664122,768521,180,1,Urban,Y
Female,Yes,1,Graduate,4193610,2011534,88243,120,1,Semiurban,Y
Female,Yes,3+,Not Graduate,3468954,226783,4579173,120,1,Semiurban,Y
Male,Yes,2,Graduate,207323,3904381,3486152,360,1,Rural,N
Male,Yes,0,Graduate,1586944,774000,327624,360,1,Urban,Y
Female,Yes,0,Not Graduate,4791844,1316277,1981695,120,1,Semiurban,Y
Female,Yes,3+,Graduate,784826,648458,318031,240,0,Rural,N
Male,Yes,0,Graduate,289215,966302,4659703,180,1,Semiurban,N
Male,No,2,Not Graduate,4873185,4039413,4008873,180,1,Rural,Y
Female,No,2,Not Graduate,4176616,92310,2580973,180,1,Urban,Y
Female,Yes,1,Graduate,4902521,4313096,430536,240,1,Urban,Y
Male,Yes,0,Not Graduate,3421190,4283702,2041196,120,1,Rural,N
Female,No,2,Graduate,4483973,3245084,309995,120,1,Urban,Y
Male,Yes,0,Not Graduate,2973203,3812356,1031806,240,0,Semiurban,N
Female,No,1,Graduate,2532117,1060541,3711156,240,1,Rural,Y
Male,Yes,0,Graduate,1526137,1151832,941216,180,1,Rural,Y
Female,Yes,2,Graduate,3955949,4633628,2115174,120,1,Semiurban,Y
Female,Yes,1,Graduate,2025631,2864763,2108170,120,1,Rural,N
Male,No,1,Not Graduate,303087,2322130,3905581,120,1,Urban,Y
Male,No,3+,Graduate,3028380,119597,4276955,360,1,Urban,Y
Female,Yes,3+,Graduate,2244982,1339443,4593798,180,0,Semiurban,N
Female,No,0,Graduate,175453,4104428,3686551,240,0,Rural,N
Male,Yes,3+,Not Graduate,2374184,1690075,1624114,180,1,Rural,Y
Male,Yes,1,Graduate,2867466,1387713,3674518,180,0,Urban,N
Female,No,1,Graduate,2763234,1001098,2706110,180,0,Urban,N
Male,No,0,Graduate,2541540,2309617,2743383,360,1,Urban,N
Female,Yes,2,Not Graduate,506813,3327409,2253878,180,1,Urban,Y
Male,Yes,2,Graduate,683201,4234263,4371604,360,1,Urban,Y
Male,Yes,0,Not Graduate,1751164,2745639,429463,180,1,Urban,Y
Female,No,1,Graduate,2456827,2154342,3760063,360,1,Semiurban,Y
Female,No,2,Not Graduate,98056,863300,1213430,360,1,Semiurban,N
Male,Yes,3+,Graduate,2671222,1198461,1423960,180,1,Rural,Y
Female,Yes,1,Not Graduate,3929331,903497,2465736,360,1,Urban,Y
Female,No,1,Not Graduate,4687240,4003701,2226862,120,0,Rural,N
Male,No,3+,Not Graduate,3830778,1352664,1717592,120,1,Semiurban,Y
Female,Yes,2,Graduate,883122,467435,2332321,240,1,Semiurban,Y
Female,Yes,0,Graduate,4508260,3522299,772236,120,1,Urban,Y
Male,Yes,0,Graduate,2376448,3988985,2239450,120,0,Semiurban,N
Male,No,1,Graduate,4782889,2166424,2652756,360,1,Semiurban,Y
Female,No,2,Not Graduate,2229110,1615350,3389771,240,1,Urban,Y
Male,Yes,3+,Not Graduate,1095026,1900291,2572346,360,1,Semiurban,Y
Female,Yes,2,Not Graduate,3307908,3100239,2832654,240,1,Semiurban,Y
Male,No,1,Not Graduate,3477373,1175495,998075,180,1,Rural,N
Female,Yes,2,Graduate,2301160,2768176,4059607,240,0,Rural,N
Male,No,3+,Graduate,2135521,3173463,2775598,180,1,Rural,Y
Male,Yes,3+,Not Graduate,2980131,3634912,3466342,240,1,Semiurban,Y
Male,Yes,2,Not Graduate,1984530,215863,4118381,360,0,Semiurban,N
Male,Yes,3+,Graduate,739485,1347308,482716,120,1,Urban,Y
Male,Yes,1,Graduate,4999464,2506277,4431150,120,1,Urban,Y
Male,Yes,3+,Graduate,4132544,4684578,3348391,360,0,Semiurban,N
Male,Yes,1,Graduate,4324713,1932323,729628,360,0,Rural,N
Male,Yes,0,Graduate,3966916,4611080,4009419,360,1,Semiurban,Y
Female,Yes,1,Not Graduate,2613682,4933126,157938,180,0,Rural,N
Male,Yes,2,Not Graduate,988994,4426477,1310642,360,1,Rural,Y
Female,No,0,Not Graduate,1439985,1008421,4202804,120,1,Urban,Y
Female,Yes,1,Graduate,2097352,1093143,3426578,120,1,Semiurban,N
Male,No,3+,Not Graduate,3861372,2345311,3078712,360,1,Rural,Y
Female,No,1,Not Graduate,3037525,4072444,1907487,240,1,Semiurban,Y
Female,No,0,Graduate,4650422,3579162,1328967,180,0,Rural,N
Male,No,2,Not Graduate,4360297,174197,4447784,120,0,Urban,N
Male,Yes,0,Not Graduate,4424020,482481,1894462,360,1,Rural,Y
Female,No,2,Not Graduate,3217768,2328976,3072055,120,1,Rural,Y
Male,No,2,Not Graduate,3234999,4484986,176466,360,1,Urban,N
Male,No,3+,Graduate,2776383,2238695,2401816,360,1,Rural,Y
Female,No,3+,Graduate,2982902,2805301,3367354,180,1,Rural,Y
Female,No,2,Not Graduate,2566936,1360371,754497,180,0,Semiurban,N
Male,Yes,1,Graduate,2998777,958367,2239836,180,1,Rural,Y
Female,No,1,Graduate,2534053,4087065,1208013,240,1,Semiurban,N
Female,Yes,3+,Graduate,1221425,3342810,3695002,120,1,Rural,N
Male,Yes,2,Not Graduate,4926923,4882050,3168357,180,0,Semiurban,N
Female,No,1,Not Graduate,2135207,4812749,2593069,360,1,Semiurban,Y
Female,Yes,3+,Not Graduate,1609887,982590,66283,120,1,Urban,Y
Male,No,0,Not Graduate,1266910,3069680,4129984,240,1,Semiurban,N
Female,No,3+,Not Graduate,2670611,3799318,4126128,120,1,Urban,Y
Female,Yes,3+,Not Graduate,4248337,1780639,4035963,240,1,Rural,Y
Male,Yes,1,Not Graduate,1407046,1429467,4776104,120,1,Rural,Y
Female,No,0,Graduate,890436,107000,4250861,240,1,Rural,Y
Male,Yes,2,Not Graduate,2551466,2865764,3699358,180,1,Rural,Y
Female,Yes,1,Graduate,4623400,2542026,2793506,360,1,Urban,Y
Female,Yes,0,Not Graduate,3940145,966184,4858623,180,1,Urban,Y
Male,Yes,2,Not Graduate,628401,424863,2656999,360,1,Rural,Y
Male,Yes,2,Not Graduate,3981015,3317505,2732170,180,1,Urban,Y
Male,No,1,Not Graduate,4518882,4425128,4150013,180,1,Urban,Y
Male,No,1,Not Graduate,3520483,3009389,4663551,120,1,Semiurban,Y
Male,No,3+,Graduate,443592,3066327,4090009,120,1,Rural,Y
Male,No,1,Not Graduate,664121,3926364,2114485,240,1,Rural,N
Male,Yes,3+,Not Graduate,660330,3418221,4314439,120,0,Rural,N
Male,No,3+,Not Graduate,4766479,2156585,3852011,120,1,Semiurban,Y
Male,No,1,Graduate,4091117,3118520,3388358,360,1,Semiurban,Y
Male,Yes,2,Not Graduate,624261,3033382,630423,180,1,Semiurban,Y
Female,No,2,Graduate,3247297,67614,1649853,360,1,Urban,Y
Female,No,3+,Not Graduate,3503396,2818058,3547047,240,1,Urban,Y
Female,No,1,Graduate,1336908,4515491,4332752,240,1,Semiurban,Y
Male,No,0,Not Graduate,1423534,4251204,1559691,360,0,Semiurban,N
Male,No,2,Graduate,1630688,3570373,1767589,180,1,Urban,Y
Female,Yes,2,Not Graduate,2067639,192433,339031,240,1,Rural,Y
Female,No,2,Graduate,521815,3709140,3944765,180,1,Urban,Y
Female,Yes,3+,Graduate,4004115,3381342,1820907,360,1,Semiurban,Y
Male,Yes,3+,Not Graduate,4260850,915682,1918358,180,0,Urban,N
Female,Yes,1,Graduate,4103886,3049101,2716911,360,0,Urban,N
Male,No,0,Graduate,1098084,4697819,4382726,120,1,Urban,Y
Male,Yes,0,Not Graduate,4263549,2707001,3630362,360,0,Semiurban,N
Female,Yes,3+,Not Graduate,2087366,1531953,1311557,240,1,Semiurban,Y
Female,No,1,Not Graduate,961205,2035834,2070801,360,0,Semiurban,N
Male,Yes,1,Graduate,4289070,3797687,1149320,360,1,Rural,Y
Female,No,2,Not Graduate,4987454,4962067,517603,240,1,Urban,Y
Male,No,3+,Graduate,67038,968532,4941536,240,0,Urban,N
Female,No,2,Graduate,2015401,3617604,4449964,120,0,Urban,N
Male,Yes,0,Not Graduate,3113619,3319935,72806,240,1,Urban,Y
Male,Yes,2,Graduate,1022483,67758,291780,180,1,Semiurban,Y
Male,No,2,Graduate,2554040,465444,4487121,240,1,Rural,Y
Female,No,2,Not Graduate,4305086,686191,584641,120,1,Urban,Y
Female,Yes,1,Not Graduate,624021,2442661,3211924,240,0,Rural,N
Male,Yes,1,Not Graduate,2220040,1171158,3632026,240,1,Urban,Y
Female,No,2,Graduate,2224212,1758990,667199,180,0,Semiurban,N
Female,No,3+,Graduate,3036133,1006216,620194,180,1,Rural,Y
Male,No,1,Graduate,580279,1318265,2215367,180,1,Rural,Y
Female,Yes,3+,Graduate,3808602,4455535,3662452,180,1,Semiurban,Y
Male,Yes,1,Graduate,3090175,3339882,257947,240,1,Rural,Y
Male,Yes,1,Not Graduate,1866001,1476521,1562557,360,0,Rural,N
Female,Yes,2,Not Graduate,4416342,626805,980398,120,1,Semiurban,Y
Male,No,1,Not Graduate,2684338,2134416,1899213,180,1,Urban,N
Male,No,2,Not Graduate,4939880,3472414,1010905,240,1,Rural,Y
Female,Yes,3+,Not Graduate,1463997,3693555,3150428,360,1,Rural,Y
Female,No,0,Not Graduate,3383667,2953337,607119,120,1,Semiurban,Y
Female,Yes,3+,Not Graduate,1394708,4108689,156346,240,1,Semiurban,Y
Male,No,1,Not Graduate,267151,2022706,987331,360,1,Semiurban,Y
Female,No,1,Graduate,2688654,3404897,1458168,120,0,Rural,N
Male,Yes,3+,Not Graduate,1667606,2843853,302614,240,1,Rural,Y
Male,No,2,Not Graduate,3401856,311248,443876,360,1,Semiurban,Y
Female,Yes,1,Graduate,4991967,2331538,1291864,360,1,Semiurban,Y
Male,No,1,Graduate,3210095,1495798,3675320,180,1,Rural,Y
Male,No,0,Graduate,245721,1845475,2013313,240,0,Rural,N
Female,No,0,Graduate,3495127,523759,4243797,180,1,Urban,Y
Male,Yes,0,Graduate,767413,2435205,4779782,360,1,Urban,Y
Male,No,0,Graduate,2576356,4812167,3904102,180,1,Semiurban,Y
Female,Yes,2,Not Graduate,2800203,668027,3344726,360,1,Urban,Y
Male,No,3+,Graduate,1534538,2938002,1477805,360,0,Rural,N
Male,No,3+,Graduate,3777768,4254472,2694718,360,1,Semiurban,Y
Male,No,3+,Graduate,3502683,3473642,4643472,120,1,Semiurban,Y
Female,No,3+,Graduate,2720271,2667924,2911076,240,1,Rural,N
Male,No,3+,Not Graduate,2762782,4649691,1922288,360,1,Urban,Y
Female,No,1,Graduate,2121056,2528694,1491393,180,1,Rural,Y
Female,No,2,Not Graduate,470971,967478,1354470,360,1,Semiurban,Y
Male,Yes,1,Graduate,671297,3026067,13802,180,0,Urban,N
Male,No,3+,Graduate,2344797,3990110,1718591,240,1,Semiurban,Y
Female,Yes,2,Graduate,3493217,748416,2825454,180,1,Urban,Y
Male,Yes,0,Graduate,1867927,1875675,4252254,240,1,Urban,Y
Male,No,0,Graduate,4153054,1032802,1453971,180,1,Semiurban,Y
Male,Yes,2,Graduate,4447934,3749736,3160024,120,1,Urban,Y
Female,Yes,3+,Graduate,4692625,1400482,506265,120,1,Semiurban,Y
Male,No,0,Not Graduate,4333425,4262387,1465186,240,1,Rural,Y
Female,No,0,Not Graduate,896817,2454469,1384899,180,1,Urban,Y
Male,No,2,Graduate,378647,4437211,3342208,180,1,Rural,Y
Female,Yes,0,Not Graduate,1145318,895572,1223911,240,0,Urban,N
Male,Yes,1,Graduate,2282869,62184,4948009,180,0,Urban,N
Male,Yes,3+,Graduate,2811547,4685124,1819528,240,1,Urban,Y
Male,No,3+,Graduate,3401133,17901,4657899,180,0,Semiurban,N
Male,No,1,Not Graduate,4743696,3178371,4860438,360,1,Rural,Y
Male,Yes,0,Not Graduate,42851,2482748,3128236,180,1,Urban,N
Male,No,3+,Graduate,399825,4699683,2548140,180,0,Urban,N
Female,Yes,2,Graduate,4041782,3123341,343033,240,1,Rural,Y
Male,Yes,2,Not Graduate,3216034,3449928,3626916,120,1,Rural,Y
Male,Yes,1,Not Graduate,473303,515007,3167922,120,1,Semiurban,Y
Female,Yes,1,Graduate,3886967,462311,1150430,180,0,Rural,N
Male,Yes,0,Not Graduate,3321127,37959,409414,360,0,Urban,N
Female,No,2,Not Graduate,3676924,3142552,4532709,120,0,Urban,N
Male,No,2,Not Graduate,4549929,1479894,3388934,360,1,Urban,Y
Female,Yes,0,Graduate,2870095,2267297,3922432,180,1,Semiurban,Y
Male,No,3+,Not Graduate,4146681,2220127,4936388,180,1,Urban,Y
Male,No,2,Not Graduate,4068020,4976994,1479881,360,1,Urban,Y
Female,Yes,0,Not Graduate,2962021,4835946,3699128,240,1,Semiurban,N
Male,Yes,0,Graduate,10407,4401112,4975338,240,0,Urban,N
Male,Yes,3+,Not Graduate,2498904,793053,4462364,120,0,Semiurban,N
Female,Yes,0,Graduate,975788,360697,4486954,120,1,Rural,Y
Male,No,0,Not Graduate,2786075,4214538,2293459,180,1,Urban,Y
Male,Yes,3+,Graduate,4970621,189444,2469659,120,0,Semiurban,N
Male,No,0,Graduate,2047271,2141487,1405826,360,0,Semiurban,N
Female,Yes,3+,Graduate,4819029,3716645,2048911,180,0,Rural,N
Female,No,1,Graduate,678078,2037177,542539,240,1,Rural,Y
Male,No,3+,Not Graduate,2859468,4059144,2732552,120,1,Rural,Y
Female,No,1,Not Graduate,1292834,1209187,4428512,360,1,Rural,Y
Male,Yes,1,Graduate,3385254,4724755,89859,120,1,Semiurban,Y
Male,No,3+,Not Graduate,365258,1555769,540110,360,1,Semiurban,Y
Female,No,3+,Not Graduate,4327139,2932325,3320296,180,1,Semiurban,Y
Female,Yes,2,Graduate,2479262,2254985,3781203,180,0,Semiurban,N
Male,No,0,Not Graduate,2292125,2009139,2094008,240,1,Semiurban,Y
Male,Yes,3+,Not Graduate,3807001,2572787,4014453,120,1,Rural,Y
Male,No,2,Not Graduate,3950405,841220,4377052,180,0,Semiurban,N
Female,No,1,Not Graduate,3967474,2628594,4281969,360,0,Rural,N
Male,Yes,3+,Not Graduate,2028777,3143553,4902426,180,1,Rural,Y
Male,No,3+,Not Graduate,4635573,1424518,3463341,360,1,Semiurban,Y
Male,No,0,Graduate,2087008,4191615,3400108,240,1,Rural,Y
Female,No,1,Graduate,1477611,4033745,4820211,120,1,Semiurban,Y
Female,Yes,2,Not Graduate,3894309,3766349,4919098,360,0,Semiurban,N
Male,No,2,Graduate,3071462,828508,188208,180,1,Rural,Y
Male,Yes,2,Not Graduate,1131200,1034046,811750,120,1,Rural,Y
Female,No,3+,Not Graduate,690463,3848333,3304298,360,0,Rural,N
Female,No,3+,Not Graduate,4466571,3886165,2229930,360,1,Urban,Y
Female,Yes,0,Graduate,3187787,4745065,2329796,180,1,Semiurban,Y
Male,Yes,2,Not Graduate,1201226,3038385,4924162,240,0,Semiurban,N
Male,Yes,0,Not Graduate,867103,2117326,2849059,120,1,Semiurban,Y
Male,No,0,Graduate,4322440,3552638,1006010,240,0,Rural,N
Female,Yes,1,Not Graduate,769983,1660883,3747756,360,1,Rural,Y
Male,No,3+,Not Graduate,966230,4325342,2353256,240,1,Semiurban,Y
Female,Yes,1,Graduate,1560841,3126052,2533296,120,1,Urban,Y
Female,Yes,1,Not Graduate,4866648,3342228,4947849,240,1,Rural,Y
Female,Yes,3+,Not Graduate,4169062,1001508,2522576,180,1,Urban,Y
Male,No,0,Graduate,1203807,4238619,3828901,180,1,Rural,Y
Male,No,1,Graduate,4966197,2382903,4957239,240,1,Rural,Y
Female,Yes,2,Graduate,1032310,1983979,4639975,360,1,Semiurban,Y
Male,Yes,0,Not Graduate,2238775,665490,670044,180,0,Urban,N
Female,Yes,1,Not Graduate,2454320,874389,3114212,240,1,Semiurban,Y
Male,No,2,Graduate,1212194,398767,1758761,240,1,Semiurban,Y
Male,No,2,Not Graduate,4757151,3173638,4232329,120,1,Urban,Y
Female,Yes,3+,Not Graduate,4789739,4547069,3148208,120,1,Semiurban,Y
Male,No,2,Graduate,993977,1606369,1625111,120,1,Rural,Y
Male,No,0,Not Graduate,4686371,867844,4603945,180,1,Rural,Y
Female,Yes,2,Not Graduate,61830,1698130,3094179,240,1,Semiurban,N
Female,No,3+,Not Graduate,249292,738199,1744688,240,1,Semiurban,N
Female,Yes,1,Graduate,479239,4256320,2400896,120,0,Semiurban,N
Male,No,1,Graduate,1333788,2109469,1693289,240,1,Semiurban,Y
Female,Yes,1,Graduate,2343679,813086,2626280,120,0,Urban,N
Female,Yes,2,Graduate,2478012,1576763,3946077,180,0,Semiurban,N
Male,No,2,Graduate,4853358,2393969,1133128,180,1,Urban,Y
Male,Yes,3+,Graduate,1153831,3312189,2300463,180,1,Rural,Y
Male,No,1,Graduate,108466,4299123,2777447,360,1,Semiurban,Y
Male,Yes,3+,Graduate,2407106,2826873,1177877,120,1,Rural,Y
Female,Yes,1,Graduate,3810504,185826,1194955,180,1,Urban,Y
Female,No,1,Not Graduate,1308229,642018,1428758,240,0,Rural,N
Male,No,2,Not Graduate,1667849,4662545,4757999,240,1,Urban,Y
Male,No,3+,Not Graduate,1483488,1202752,1853759,180,1,Semiurban,Y
Female,Yes,1,Graduate,2144178,4522521,4518440,360,1,Rural,Y
Male,Yes,0,Not Graduate,4710107,4288939,1262828,180,1,Rural,Y
Male,Yes,0,Graduate,260466,3461575,4884676,240,1,Semiurban,N
Male,No,0,Not Graduate,4633505,1209110,1431307,240,1,Semiurban,N
Female,No,2,Graduate,2012539,4322194,2599892,240,1,Semiurban,Y
Female,Yes,1,Not Graduate,3822879,2624143,75492,360,0,Rural,N
Female,Yes,3+,Not Graduate,3529012,1438947,2214829,180,1,Rural,Y
Female,No,2,Graduate,2215580,3087787,3417024,360,1,Rural,Y
Female,Yes,3+,Graduate,4254594,1995643,3459342,120,0,Rural,N
Female,Yes,1,Not Graduate,4939613,1261541,3763022,120,1,Rural,Y
Male,No,1,Not Graduate,3528706,3180635,4920796,120,0,Rural,N
Male,Yes,3+,Graduate,1195382,899380,1064392,240,1,Semiurban,Y
Female,Yes,3+,Not Graduate,3413302,4582242,3563730,120,1,Urban,Y
Male,No,2,Graduate,3699038,215014,2324337,240,1,Urban,N
Male,No,0,Not Graduate,1981340,4446166,4479120,240,1,Rural,Y
Male,No,1,Graduate,3972292,2952821,2095116,240,1,Urban,Y
Female,No,1,Graduate,1267048,1773779,3853873,240,1,Urban,Y
Female,Yes,1,Graduate,1036492,3287843,486179,360,1,Semiurban,Y
Female,Yes,2,Not Graduate,4538733,1777648,525466,360,1,Rural,Y
Male,No,1,Graduate,243226,2046916,4091432,240,1,Rural,N
Female,Yes,3+,Graduate,4895701,3880558,3592558,240,1,Urban,N
Female,Yes,3+,Graduate,348609,4377534,3400562,120,0,Rural,N
Female,Yes,3+,Not Graduate,3917842,1295305,4074527,240,1,Urban,Y
Female,No,0,Graduate,173726,3367485,4827261,180,0,Semiurban,N
Male,Yes,1,Not Graduate,4497212,4694649,3947512,180,1,Rural,Y
Male,No,1,Graduate,3857676,1773112,2467402,120,1,Semiurban,Y
Male,Yes,3+,Graduate,3344801,4264580,4579183,360,0,Semiurban,N
Female,Yes,0,Graduate,4609731,4360009,609837,360,1,Urban,Y
Male,No,0,Graduate,4210479,2709766,3717073,180,1,Semiurban,Y
Male,Yes,3+,Graduate,2915499,429046,1933808,240,1,Urban,N
Female,No,0,Graduate,2462948,4567571,4179808,120,1,Urban,N
Male,Yes,1,Not Graduate,1453347,4224222,4522086,240,1,Semiurban,Y
Female,No,2,Graduate,4240256,4294782,2400476,120,1,Semiurban,Y
Female,Yes,1,Not Graduate,2773183,4123283,2840304,120,1,Rural,Y
Male,No,3+,Not Graduate,1595245,3950748,162211,240,1,Urban,Y
Female,Yes,2,Not Graduate,4375489,236112,2541335,240,0,Rural,N
Male,No,3+,Not Graduate,4640975,1948592,4665487,180,1,Urban,Y
Male,No,0,Not Graduate,3289185,1758946,149979,120,1,Rural,Y
Female,No,3+,Graduate,1568973,1265865,4542787,360,1,Semiurban,Y
Male,No,2,Not Graduate,2917061,212971,3809285,360,1,Rural,Y
Female,Yes,1,Not Graduate,1148228,1396689,3019822,120,1,Semiurban,Y
Female,No,2,Not Graduate,1559069,958198,4790045,180,1,Urban,Y
Male,Yes,2,Not Graduate,3498852,3701592,2109888,180,1,Rural,Y
Male,No,0,Not Graduate,450781,2412508,1668916,240,1,Rural,Y
Male,Yes,2,Not Graduate,211361,65855,4202465,180,1,Rural,N
Female,No,2,Not Graduate,968803,2622033,3585756,120,1,Rural,Y
Male,No,3+,Graduate,4224055,3771725,4618203,180,1,Semiurban,Y
Female,No,2,Graduate,2402074,4073684,2363756,240,1,Semiurban,N
Female,Yes,1,Not Graduate,4722604,877737,492078,360,1,Semiurban,Y
Male,Yes,3+,Graduate,2130200,4778688,2826097,120,1,Rural,Y
Female,Yes,1,Graduate,4314362,1923370,4795044,240,1,Semiurban,Y
Male,No,2,Graduate,1024112,3427195,870876,360,0,Urban,N
Male,Yes,0,Not Graduate,897053,2682466,4187348,240,1,Urban,Y
Female,No,2,Graduate,2698957,230705,4860349,120,1,Urban,Y
Male,Yes,3+,Graduate,3590474,4211719,1494432,360,1,Semiurban,Y
Female,Yes,0,Graduate,2966903,3397901,2855320,120,1,Semiurban,Y
Female,Yes,0,Not Graduate,4321592,1346643,1477993,180,1,Semiurban,Y
Male,Yes,0,Graduate,2464709,489954,4013433,240,1,Urban,Y
Male,Yes,0,Not Graduate,3115584,3973828,4371025,120,0,Urban,N
Female,No,0,Not Graduate,812844,887337,1674713,240,0,Semiurban,N
Male,No,3+,Not Graduate,552264,3225942,4395972,180,1,Rural,Y
Female,No,3+,Not Graduate,4669210,2505668,2994530,360,1,Urban,Y
Male,No,3+,Graduate,3839378,2907179,2095687,180,0,Rural,N
Female,No,1,Graduate,334767,2220502,788776,120,1,Rural,Y
Male,No,3+,Graduate,2665139,3474101,2515796,180,1,Urban,N
Male,No,0,Not Graduate,2141329,4447911,2594671,360,1,Rural,Y
Male,No,1,Graduate,4163719,4821355,4792620,180,1,Urban,Y
Female,Yes,0,Graduate,3453703,4425863,4214393,240,0,Semiurban,N
Male,Yes,3+,Graduate,1791956,3855318,4282224,240,1,Urban,Y
Male,No,2,Graduate,3128257,4953665,59224,360,1,Semiurban,Y
Female,No,2,Not Graduate,501008,2436203,833334,240,1,Rural,Y
Female,No,2,Graduate,2731002,3071008,2118946,180,1,Rural,Y
Female,Yes,2,Not Graduate,4990516,865186,668265,240,1,Rural,Y
Male,Yes,3+,Not Graduate,443726,460787,4160457,180,0,Urban,N
Female,Yes,0,Not Graduate,4337102,2742853,1167516,360,1,Rural,Y
Male,No,1,Graduate,4818946,4858855,2338822,120,0,Rural,N
Female,No,1,Graduate,1093628,2144556,1176306,120,0,Semiurban,N
Male,Yes,3+,Graduate,2078601,2698442,78038,240,1,Urban,Y
Female,Yes,0,Not Graduate,1583404,1126850,3380278,240,1,Semiurban,N
Female,Yes,2,Not Graduate,4660210,4955621,3667615,180,0,Rural,N
Female,No,0,Graduate,4193852,4640385,3874192,360,0,Semiurban,N
Male,Yes,2,Graduate,3510920,3504465,4084494,180,1,Rural,Y
Female,No,1,Not Graduate,1595664,1482809,1099199,240,0,Semiurban,N
Male,Yes,2,Graduate,4512038,4723186,4720563,120,1,Rural,Y
Male,Yes,2,Graduate,1204380,483838,3376623,360,1,Semiurban,Y
Male,No,0,Not Graduate,2685793,4833216,392945,240,1,Semiurban,Y
Male,No,2,Graduate,3635342,2140550,1161860,120,1,Rural,Y
Female,No,3+,Graduate,701162,3488420,255057,180,1,Urban,Y
Male,No,1,Graduate,136822,3303313,4319987,240,1,Semiurban,N
Male,Yes,0,Not Graduate,2045023,501142,1285911,120,0,Urban,N
Female,No,3+,Graduate,3066579,414242,3358759,240,1,Rural,Y
Male,No,2,Not Graduate,3011664,4189079,4086739,240,1,Urban,Y
Female,No,0,Graduate,2509148,3229926,1624573,120,1,Rural,Y
Male,No,1,Not Graduate,1834101,4122767,4996095,360,1,Urban,Y
Male,No,2,Not Graduate,2395038,3197202,4345166,120,1,Rural,Y
Male,Yes,1,Graduate,3016250,3517790,4698115,240,1,Urban,N
Male,No,2,Graduate,2872540,1970632,4036389,360,1,Rural,Y
Male,No,1,Not Graduate,3958387,813379,4605842,240,1,Rural,Y
Female,Yes,1,Graduate,1049081,4789164,4253896,360,1,Urban,Y
Male,No,3+,Not Graduate,4506297,4185966,1980272,120,1,Rural,Y
Female,Yes,3+,Not Graduate,4967137,803151,3420090,180,0,Rural,N
Female,No,1,Not Graduate,4822825,1123439,216882,120,1,Urban,Y
Female,No,1,Graduate,2023606,846802,4312260,240,1,Semiurban,Y
Male,Yes,3+,Graduate,3598897,1947198,2786079,240,1,Semiurban,Y
Male,Yes,0,Not Graduate,4124529,3808178,871743,180,1,Semiurban,Y
Female,No,2,Not Graduate,2718563,2107924,4098278,180,0,Rural,N
Female,Yes,1,Not Graduate,2376021,837121,4574732,180,1,Urban,Y
Male,No,3+,Not Graduate,2158,3769648,381817,180,1,Semiurban,Y
Female,Yes,0,Not Graduate,3175761,3093837,4228155,240,0,Semiurban,N
Male,Yes,1,Graduate,4078229,844355,2624479,180,1,Rural,Y
Female,Yes,3+,Not Graduate,2120488,1452598,2546676,360,1,Semiurban,N
Female,Yes,3+,Not Graduate,2791608,635436,3402212,360,1,Semiurban,Y
Female,Yes,1,Graduate,2922080,1371818,508107,240,1,Semiurban,Y
Female,Yes,2,Graduate,1239331,4061588,3095538,180,0,Rural,N
Female,Yes,1,Graduate,516743,2046803,1128373,180,1,Semiurban,N
Male,No,1,Graduate,3344681,3730565,4369634,240,0,Semiurban,N
Female,No,1,Graduate,694420,2774471,516093,360,0,Urban,N
Female,Yes,0,Graduate,1851327,378837,788949,180,1,Semiurban,Y
Female,No,0,Graduate,2556971,3241888,694602,240,1,Semiurban,Y
Female,Yes,0,Graduate,4660197,850586,3495739,360,1,Semiurban,Y
Male,Yes,3+,Graduate,4336672,144454,3664954,360,1,Rural,N
Male,No,0,Graduate,2380921,2286379,1627329,120,1,Semiurban,Y
Female,Yes,3+,Graduate,2339000,2509507,60395,180,1,Semiurban,Y
Male,No,2,Graduate,2808479,904071,4882818,180,1,Rural,Y
Male,Yes,1,Graduate,469592,2343980,4273684,240,1,Rural,Y
Male,No,1,Not Graduate,883017,646147,3327103,360,1,Rural,Y
Female,Yes,3+,Not Graduate,52212,2209967,797539,120,1,Rural,Y
Male,No,0,Not Graduate,700566,3905820,1934616,180,1,Urban,Y
Male,No,2,Not Graduate,1033040,287738,3724036,180,1,Urban,Y
Female,No,1,Graduate,2474927,4724652,2715987,180,1,Rural,Y
Male,Yes,3+,Not Graduate,2542281,2282240,3497226,240,0,Rural,N
Male,No,2,Graduate,4760242,1615881,1138160,120,1,Rural,Y
Male,Yes,0,Not Graduate,1759768,2907050,3713922,360,1,Semiurban,Y
Female,No,3+,Not Graduate,3177367,83904,243791,120,1,Semiurban,Y
Male,No,3+,Not Graduate,418658,4771391,4964697,360,1,Rural,Y
Female,No,1,Graduate,1921195,255617,2046782,240,1,Rural,Y
Male,No,2,Not Graduate,4703657,4451895,2101910,240,1,Urban,N
Male,Yes,2,Graduate,4034087,962933,1980998,240,0,Urban,N
Male,No,0,Graduate,53248,4121022,312468,120,0,Urban,N
Female,Yes,0,Graduate,1048197,385438,4940577,240,1,Semiurban,Y
Male,Yes,2,Graduate,3465405,1413966,453692,360,1,Semiurban,Y
Female,Yes,2,Not Graduate,2149638,2371479,1097520,360,1,Semiurban,Y
Female,Yes,3+,Graduate,3560476,4475202,4922335,360,0,Semiurban,N
Male,No,1,Not Graduate,3459370,4059312,858918,180,1,Rural,N
Female,Yes,2,Graduate,423201,1750177,4907660,180,1,Rural,Y
Male,No,2,Graduate,4760149,2966225,4380739,120,1,Urban,N
Male,Yes,1,Graduate,4197242,4818383,931982,180,0,Semiurban,N
Female,No,1,Not Graduate,912832,4131529,199141,360,0,Urban,N
Female,No,0,Graduate,4238619,573051,1062368,240,1,Urban,Y
Male,Yes,0,Graduate,4067223,1812492,2483696,240,0,Urban,N
Male,No,3+,Graduate,4205176,4130518,4768090,240,1,Semiurban,Y
Male,No,0,Graduate,3163133,564223,2313011,120,1,Rural,Y
Male,Yes,0,Graduate,768526,2535367,3065793,240,1,Urban,Y
Female,No,0,Graduate,2575826,4990187,93935,240,1,Rural,Y
Male,Yes,0,Graduate,3651176,1011508,1024517,360,1,Urban,Y
Male,No,2,Graduate,1368551,1392139,2487257,120,1,Semiurban,Y
Female,Yes,2,Not Graduate,426641,2315624,2402219,180,1,Urban,N
Female,Yes,1,Not Graduate,2200805,3455068,2512178,240,0,Semiurban,N
Male,Yes,1,Not Graduate,867072,540489,1170049,180,1,Urban,N
Female,Yes,3+,Not Graduate,3753706,648399,525648,360,0,Urban,N
Male,No,1,Graduate,1499663,2184329,144908,360,0,Semiurban,N
Female,Yes,3+,Not Graduate,4836863,3521688,2163671,240,1,Rural,Y
Male,No,0,Not Graduate,1661741,4022183,716623,120,1,Urban,Y
Female,No,3+,Not Graduate,3256601,2924710,3229790,360,0,Urban,N
Male,Yes,1,Not Graduate,3233338,3665556,3720898,360,0,Rural,N
Female,No,3+,Graduate,1986202,3847290,956666,240,0,Semiurban,N
Male,Yes,1,Graduate,4733590,107448,3275563,120,1,Rural,Y
Female,No,3+,Graduate,4374047,2223103,1290448,240,1,Semiurban,Y
Male,Yes,1,Not Graduate,3220408,14398,2263043,240,1,Urban,Y
Female,No,0,Not Graduate,4828905,4144217,2124157,240,1,Rural,Y
Female,Yes,2,Not Graduate,2936070,3574615,1272649,360,1,Semiurban,Y
Female,Yes,0,Graduate,1770520,679127,4682693,120,1,Semiurban,N
Male,No,1,Not Graduate,796684,1187237,2361886,360,1,Semiurban,Y
Male,Yes,2,Graduate,1667595,4870385,3231930,240,1,Semiurban,Y
Male,No,1,Not Graduate,1275921,3677550,490054,360,1,Urban,N
Female,Yes,2,Graduate,1751934,2645056,4531839,360,1,Urban,Y
Female,Yes,2,Graduate,3423996,635818,4689823,240,1,Rural,N
Female,No,0,Not Graduate,4189156,766532,2881654,360,1,Urban,Y
Male,No,3+,Graduate,111072,371152,3793992,240,1,Urban,N
Female,No,2,Graduate,1913490,4400275,458716,180,1,Urban,Y
Female,No,0,Graduate,1888487,3751017,4790034,120,1,Rural,Y
Female,No,2,Not Graduate,2945767,3066226,2172575,360,1,Urban,Y
Male,No,1,Graduate,3006874,230152,633694,180,1,Semiurban,Y
